source_result_id	result_label	source_family	source_directness	coding_status	local_evidence_path	local_evidence_sha256	local_evidence_kind	doi_list	pmid_list	pmcid_list	nct_list	url_list	aea_trial_list	dataverse_dvn_list	source_bib_key	source_bib_doi	source_bib_url	source_bib_title	source_bib_real_world_url	crossref_resolved_doi	crossref_resolved_title	crossref_score	crossref_title_similarity	crossref_resolution_method	crossref_resolution_status	crossref_query_url	primary_real_world_url	primary_real_world_url_basis	grounding_status	literal_number_status	number_verified_against_original_source	grounding_note	evidence_level	evidence_level_name	source_is_original	number_verified_by_us	represented_work_identified	source_is_external	requires_manual_review	conversion_verified
sr_a2792b5f35b5	Percent Change in Rectal ACF, Pre- and Post Intervention at 6 Months	ClinicalTrials.gov phase-2+ primary randomized registry rows	raw_ctgov_registry_row	fully_coded	data/raw/corpus_candidates/ctgov_kg/efficacy_df.csv	b41c171dad525c18cd25b9df1429a9590282e9cb91fbcf606b72ef00d7222af1	external_corpus_mirror				NCT01606124				du2024	10.6084/m9.figshare.24225166	https://doi.org/10.6084/m9.figshare.24225166	Clinical trials efficacy results dataset (derivative of AACT)	https://doi.org/10.6084/m9.figshare.24225166						not_needed_or_not_attempted		https://clinicaltrials.gov/study/NCT01606124	nct	registry_identifier_nct	literal_number_from_registry_mirror	yes	NCT registry row is treated as authoritative registry source for the literal result.	6	original_number_extracted	true	true	true	true	false	true
sr_bc78312ff9c4	Weight-loss maintenance / weight regain	Ying 2023 manual partial reconstruction	staged_replication_pair_source_row	coded_with_schema_gaps	data/derived/replication_pairs/harvest/staged/ying_2023_partial_reconstruction__stage.csv	132f4777c0b9137f9eac23ca45d60435820cbfa4565439f091d1022c11094dc3	internal_derived_table	10.1089/acm.2006.6237 | 10.1186/1472-6882-12-19		PMC3375195		https://pmc.ncbi.nlm.nih.gov/articles/PMC3375195/			ying2023pilot	10.1016/j.jclinepi.2023.06.017	https://doi.org/10.1016/j.jclinepi.2023.06.017	Pilot trials may improve the quality of full-scale trials: a meta-research study	https://doi.org/10.1016/j.jclinepi.2023.06.017						not_needed_or_not_attempted		https://doi.org/10.1089/acm.2006.6237	doi	represented_work_identifier_in_source_row	literal_number_from_internal_derived_table	not_yet	Real-world handle found, but the numeric result still needs original/source verification.	4	target_source_independently_grounded	false	false	true	false	true	false
sr_5598a1474491	Shoppers' Acceptance And Perceptions Of Electronic Shelf Labels	score_cos_claims	candidate_child_numeric_row	coded_with_schema_gaps	data/raw/corpus_candidates/score/extracted_claims.csv	a86ba837b95738f3cb6d876cd9b0ab86db540208fb8eb89c0fa2d5f47829f60a	external_corpus_mirror	10.1016/j.jbusres.2016.03.030							tyner2026	10.31222/osf.io/b7x8f_v1	https://doi.org/10.31222/osf.io/b7x8f\_v1	Investigating the replicability of the social and behavioural sciences	https://doi.org/10.31222/osf.io/b7x8f_v1						not_needed_or_not_attempted		https://doi.org/10.1016/j.jbusres.2016.03.030	doi	represented_work_identifier_in_source_row	literal_number_from_external_corpus_mirror	not_yet	Real-world handle found, but the numeric result still needs original/source verification.	4	target_source_independently_grounded	false	false	true	true	true	false
sr_362d2e514afe	JAP-79-5-691	metabus_open_bosco	candidate_child_numeric_row	coded_with_schema_gaps	data/raw/corpus_candidates/metabus/Ver2-08_MasterDB_JAP-PPsych_1980-2010.xlsx	6ddc9c27ad135da96a982ed20004713fe4904741e34caee71828d7efbce9df1b	external_corpus_mirror								bosco2020metabus	10.1177/2515245919882693	https://doi.org/10.1177/2515245919882693	Advancing Meta-Analysis With Knowledge-Management Platforms: Using metaBUS in Psychology	https://doi.org/10.1177/2515245919882693	10.1037//0021-9010.79.5.691	Effects of procedural and distributive justice on reactions to a selection system.	32.710564		metabus_journal_volume_issue_page	candidate_high_similarity	https://api.crossref.org/works?rows=1&query.bibliographic=Journal+of+Applied+Psychology+1994.0+79+5+691	https://doi.org/10.1037//0021-9010.79.5.691	crossref_doi	represented_work_crossref_resolved	literal_number_from_external_corpus_mirror	not_yet	Real-world handle found, but the numeric result still needs original/source verification.	4	target_source_independently_grounded	false	false	true	true	true	false
sr_9800e39769a1	Progression-Free Survival (PFS)	ClinicalTrials.gov phase-2+ primary randomized registry rows	raw_ctgov_registry_row	fully_coded	data/raw/corpus_candidates/ctgov_kg/efficacy_df.csv	b41c171dad525c18cd25b9df1429a9590282e9cb91fbcf606b72ef00d7222af1	external_corpus_mirror				NCT00373113				du2024	10.6084/m9.figshare.24225166	https://doi.org/10.6084/m9.figshare.24225166	Clinical trials efficacy results dataset (derivative of AACT)	https://doi.org/10.6084/m9.figshare.24225166						not_needed_or_not_attempted		https://clinicaltrials.gov/study/NCT00373113	nct	registry_identifier_nct	literal_number_from_registry_mirror	yes	NCT registry row is treated as authoritative registry source for the literal result.	6	original_number_extracted	true	true	true	true	false	true
sr_06354aed9477	Overall Survival (OS)	ClinicalTrials.gov phase-2+ primary randomized registry rows	raw_ctgov_registry_row	fully_coded	data/raw/corpus_candidates/ctgov_kg/efficacy_df.csv	b41c171dad525c18cd25b9df1429a9590282e9cb91fbcf606b72ef00d7222af1	external_corpus_mirror				NCT00676650				du2024	10.6084/m9.figshare.24225166	https://doi.org/10.6084/m9.figshare.24225166	Clinical trials efficacy results dataset (derivative of AACT)	https://doi.org/10.6084/m9.figshare.24225166						not_needed_or_not_attempted		https://clinicaltrials.gov/study/NCT00676650	nct	registry_identifier_nct	literal_number_from_registry_mirror	yes	NCT registry row is treated as authoritative registry source for the literal result.	6	original_number_extracted	true	true	true	true	false	true
sr_a182ef5b0da7	2016 preregistered key-question effect (schaefer_2019_preg_81)	Schäfer/Schwarz 2019 preregistered psychology articles	candidate_child_numeric_row	coded_with_schema_gaps	data/raw/corpus_candidates/schaefer_schwarz_2019/studies_with_prereg.xlsx	3d8068ab385e8e454aeba870adb4415adc9d306fda33b188a22f1b522e5acdd6	external_corpus_mirror								schaefer2019meaningfulness	10.3389/fpsyg.2019.00813	https://doi.org/10.3389/fpsyg.2019.00813	The Meaningfulness of Effect Sizes in Psychological Research: Differences Between Sub-Disciplines and the Impact of Potential Biases	https://doi.org/10.3389/fpsyg.2019.00813	10.3389/fpsyg.2016.01155	Commentary: A Multilab Preregistered Replication of the Ego-Depletion Effect		0.430	title_year_journal	candidate_low_similarity	https://api.crossref.org/works?rows=1&query.bibliographic=2016+preregistered+key-question+effect+%28schaefer_2019_preg_81%29+2016.0	https://doi.org/10.3389/fpsyg.2016.01155	crossref_doi	represented_work_crossref_candidate_low_similarity	literal_number_from_external_corpus_mirror	not_yet	Real-world handle found, but the numeric result still needs original/source verification.	2	external_source_assertion	false	false	false	true	true	false
sr_f562e2645cdd	Host genetic factors of COVID-19 susceptibility and disease severity in a Thai population.	gwas_catalog	candidate_child_numeric_row	coded_with_schema_gaps	data/raw/corpus_candidates/gwas_catalog/gwas-catalog-download-associations-alt-full.tsv	d54e13c7e17b4809c5d57202a5c76b8315dc5beb6e154377255df1de550fc8d2	external_corpus_mirror		35013560						yengo2022	10.1038/s41586-022-05275-y	https://doi.org/10.1038/s41586-022-05275-y	A saturated map of common genetic variants associated with human height	https://doi.org/10.1038/s41586-022-05275-y						not_needed_or_not_attempted		https://pubmed.ncbi.nlm.nih.gov/35013560/	pmid	represented_work_identifier_in_source_row	literal_number_from_external_corpus_mirror	not_yet	Real-world handle found, but the numeric result still needs original/source verification.	4	target_source_independently_grounded	false	false	true	true	true	false
sr_8486dcbc1804	Disgust photographs lead to slower discrimination than frightening photographs	FReD filtered pair table	replication_pair_source_row	coded_with_schema_gaps	data/raw/replication_projects/fred/FReD.xlsx	59545e3fc0c2979d97507097526319ec8c275aae3ac40c0d1a6d327492079e6b	mirrored_replication_project	10.1080/02699931.2017.1394817 | 10.1080/02699931.2020.1863187							tosh2024	10.1090/noti3044	https://doi.org/10.1090/noti3044	The Piranha Problem: Large Effects Swimming in a Small Pond	https://doi.org/10.1090/noti3044						not_needed_or_not_attempted		https://doi.org/10.1080/02699931.2017.1394817	doi	represented_work_identifier_in_source_row	literal_number_from_replication_project_table	not_yet	Real-world handle found, but the numeric result still needs original/source verification.	4	target_source_independently_grounded	false	false	true	true	true	false
sr_3dcf8949d2f9	Turri et al. (2015) Experiment 1 Darrel/Squirrel knowledge attribution	replication_pair_originals_bridge	candidate_child_numeric_row	coded_with_schema_gaps	data/derived/replication_pairs/replication_pairs_figure2_rule_subset.csv	56416eb6fa2046912b2cc8916f9774e73668537f01abb4963ff9f73a2263fda8	internal_derived_table	10.1371/journal.pone.0121537							internalPlot2ReplicationPairOriginalsBridge		https://www.rexdouglass.com	Replication-pair original-side bridge for Plot 2	https://www.rexdouglass.com						not_needed_or_not_attempted		https://doi.org/10.1371/journal.pone.0121537	doi	represented_work_identifier_in_source_row	literal_number_from_internal_derived_table	not_yet	Real-world handle found, but the numeric result still needs original/source verification.	4	target_source_independently_grounded	false	false	true	false	true	false
sr_c8398f907345	Percentage of Subjects With at Least One Episode of Shigellosis According to the Protocol Primary Case Definition	ctgov_finer_grained_kg	candidate_child_numeric_row	coded_with_schema_gaps	data/raw/corpus_candidates/ctgov_kg/efficacy_df.csv	b41c171dad525c18cd25b9df1429a9590282e9cb91fbcf606b72ef00d7222af1	external_corpus_mirror				NCT03527173				du2024	10.6084/m9.figshare.24225166	https://doi.org/10.6084/m9.figshare.24225166	Clinical trials efficacy results dataset (derivative of AACT)	https://doi.org/10.6084/m9.figshare.24225166						not_needed_or_not_attempted		https://clinicaltrials.gov/study/NCT03527173	nct	registry_identifier_nct	literal_number_from_external_corpus_mirror	not_yet	NCT registry row is treated as authoritative registry source for the literal result.	4	target_source_independently_grounded	false	false	true	true	true	false
sr_7a1e8bbfd877	Absolute Change From Baseline in Glycosylated Hemoglobin (HbA1c) at Week 24	ClinicalTrials.gov phase-2+ primary randomized registry rows	raw_ctgov_registry_row	fully_coded	data/raw/corpus_candidates/ctgov_kg/efficacy_df.csv	b41c171dad525c18cd25b9df1429a9590282e9cb91fbcf606b72ef00d7222af1	external_corpus_mirror				NCT00866658				du2024	10.6084/m9.figshare.24225166	https://doi.org/10.6084/m9.figshare.24225166	Clinical trials efficacy results dataset (derivative of AACT)	https://doi.org/10.6084/m9.figshare.24225166						not_needed_or_not_attempted		https://clinicaltrials.gov/study/NCT00866658	nct	registry_identifier_nct	literal_number_from_registry_mirror	yes	NCT registry row is treated as authoritative registry source for the literal result.	6	original_number_extracted	true	true	true	true	false	true
sr_60360366c47c	Effects on bone mineral density of a monophasic combined oral contraceptive containing nomegestrol acetate/17β-estradiol in comparison to levonorgestrel/ethinylestradiol.	clinifact_published_primary_pairs	candidate_child_numeric_row	coded_with_schema_gaps	data/derived/publication_bias_direct/clinifact_publication_registry_pairs.csv	34d37f535ea964d068cc2c4335652447b8a6bb3321809b6289e9577401566919	internal_derived_table		22762147		NCT00511342				zhang2025clinifact	10.1038/s41597-025-04417-x	https://doi.org/10.1038/s41597-025-04417-x	A Dataset for Evaluating Clinical Research Claims in Large Language Models	https://doi.org/10.1038/s41597-025-04417-x						not_needed_or_not_attempted		https://clinicaltrials.gov/study/NCT00511342	nct	registry_identifier_nct	literal_number_from_internal_derived_table	not_yet	NCT registry row is treated as authoritative registry source for the literal result.	4	target_source_independently_grounded	false	false	true	false	true	false
sr_8d7eceba3893	JAP-82-1-89	metabus_open_bosco	candidate_child_numeric_row	coded_with_schema_gaps	data/raw/corpus_candidates/metabus/Ver2-08_MasterDB_JAP-PPsych_1980-2010.xlsx	6ddc9c27ad135da96a982ed20004713fe4904741e34caee71828d7efbce9df1b	external_corpus_mirror								bosco2020metabus	10.1177/2515245919882693	https://doi.org/10.1177/2515245919882693	Advancing Meta-Analysis With Knowledge-Management Platforms: Using metaBUS in Psychology	https://doi.org/10.1177/2515245919882693	10.1037/0021-9010.91.6.1276	An examination of learning processes during critical incident training: Implications for the development of adaptable trainees.	26.42458		metabus_journal_volume_issue_page	candidate_high_similarity	https://api.crossref.org/works?rows=1&query.bibliographic=Journal+of+Applied+Psychology+2006.0+91+6+1276	https://doi.org/10.1037/0021-9010.91.6.1276	crossref_doi	represented_work_crossref_resolved	literal_number_from_external_corpus_mirror	not_yet	Real-world handle found, but the numeric result still needs original/source verification.	4	target_source_independently_grounded	false	false	true	true	true	false
sr_266b83deab6b	Privacy calculus/privacy paradox/context collapse replication (Vitak model)	Communication privacy SEM paths	replication_pair_source_row	coded_with_schema_gaps	data/raw/replication_projects/lead_harvest/communication_privacy_2025/osf_05__3-2_study2_vitak.R	e79b2531a4dd8d35e9d4f9a19ec628503a80635b6b78f428af4a6d8780dc1436	mirrored_replication_project	10.1080/08838151.2012.732140 | 10.1093/joc/jqaf007							masur2025privacy	10.1093/joc/jqaf007	https://doi.org/10.1093/joc/jqaf007	Privacy calculus, privacy paradox, and context collapse: A replication of three key studies in communication privacy research	https://doi.org/10.1093/joc/jqaf007						not_needed_or_not_attempted		https://doi.org/10.1080/08838151.2012.732140	doi	represented_work_identifier_in_source_row	literal_number_from_replication_project_table	not_yet	Real-world handle found, but the numeric result still needs original/source verification.	4	target_source_independently_grounded	false	false	true	true	true	false
sr_32e8f46f1c24	China-aid attitudes survey experiment - paper median of 3 preregistered result rows	Wood Hoy Pryke China-aid attitudes preregistered survey experiment	political_science_component_rows	fully_coded	data/raw/corpus_candidates/political_science_unlock/dataverse/3VVWPL/3VVWPL.zip	d7841f69f45e03086cc1cbe23e0238389b4f5447294be157a3f3e657f9070a88	external_corpus_mirror						5055	3VVWPL	woodHoyPrykeChinaAidDataverse	10.7910/DVN/3VVWPL	https://doi.org/10.7910/DVN/3VVWPL	Replication Data for: The effect of geostrategic competition on public attitudes to aid	https://doi.org/10.7910/DVN/3VVWPL	10.4324/9781032696508-4	Authoritarian responsiveness and political attitudes during COVID-19: evidence from Weibo and a survey experiment		0.352	title_year_journal	candidate_low_similarity	https://api.crossref.org/works?rows=1&query.bibliographic=China-aid+attitudes+survey+experiment+-+paper+median+of+3+preregistered+result+rows+Journal+of+Experimental+Political+Science	https://www.socialscienceregistry.org/trials/5055	aea_trial	registry_identifier_aea_trial	literal_number_from_package_derived_rescue_row	not_yet	Real-world handle found, but the numeric result still needs original/source verification.	4	target_source_independently_grounded	false	false	true	true	true	false
sr_57e119b02525	Empirical audit and review and an assessment of evidentiary value in research on the psychological consequences of scarcity	FReD filtered pair table	replication_pair_source_row	coded_with_schema_gaps	data/raw/replication_projects/fred/FReD.xlsx	59545e3fc0c2979d97507097526319ec8c275aae3ac40c0d1a6d327492079e6b	mirrored_replication_project	10.1093/jcr/ucv051 | 10.1073/pnas.2103313118							tosh2024	10.1090/noti3044	https://doi.org/10.1090/noti3044	The Piranha Problem: Large Effects Swimming in a Small Pond	https://doi.org/10.1090/noti3044						not_needed_or_not_attempted		https://doi.org/10.1093/jcr/ucv051	doi	represented_work_identifier_in_source_row	literal_number_from_replication_project_table	not_yet	Real-world handle found, but the numeric result still needs original/source verification.	4	target_source_independently_grounded	false	false	true	true	true	false
sr_ceddf70c38b1	Percent Change in Worst Pain Score	ctgov_finer_grained_kg	candidate_child_numeric_row	coded_with_schema_gaps	data/raw/corpus_candidates/ctgov_kg/efficacy_df.csv	b41c171dad525c18cd25b9df1429a9590282e9cb91fbcf606b72ef00d7222af1	external_corpus_mirror				NCT00457730				du2024	10.6084/m9.figshare.24225166	https://doi.org/10.6084/m9.figshare.24225166	Clinical trials efficacy results dataset (derivative of AACT)	https://doi.org/10.6084/m9.figshare.24225166						not_needed_or_not_attempted		https://clinicaltrials.gov/study/NCT00457730	nct	registry_identifier_nct	literal_number_from_external_corpus_mirror	not_yet	NCT registry row is treated as authoritative registry source for the literal result.	4	target_source_independently_grounded	false	false	true	true	true	false
sr_acfd28ade498	Demographic and Genome Wide Association Analyses According to Muscle Mass Using Data of the Korean Genome and Epidemiology Study.	gwas_catalog	candidate_child_numeric_row	coded_with_schema_gaps	data/raw/corpus_candidates/gwas_catalog/gwas-catalog-download-associations-alt-full.tsv	d54e13c7e17b4809c5d57202a5c76b8315dc5beb6e154377255df1de550fc8d2	external_corpus_mirror		36573383						yengo2022	10.1038/s41586-022-05275-y	https://doi.org/10.1038/s41586-022-05275-y	A saturated map of common genetic variants associated with human height	https://doi.org/10.1038/s41586-022-05275-y						not_needed_or_not_attempted		https://pubmed.ncbi.nlm.nih.gov/36573383/	pmid	represented_work_identifier_in_source_row	literal_number_from_external_corpus_mirror	not_yet	Real-world handle found, but the numeric result still needs original/source verification.	4	target_source_independently_grounded	false	false	true	true	true	false
sr_995bd3c3900a	Some Evidence For The Usefulness Of An Optimal Foraging Theory Perspective On Goal Conflict And Goal Facilitation.	DARPA SCORE / COS claims	candidate_child_numeric_row	coded_with_schema_gaps	data/raw/corpus_candidates/score/extracted_claims.csv	a86ba837b95738f3cb6d876cd9b0ab86db540208fb8eb89c0fa2d5f47829f60a	external_corpus_mirror	10.1037/pspp0000165							tyner2026	10.31222/osf.io/b7x8f_v1	https://doi.org/10.31222/osf.io/b7x8f\_v1	Investigating the replicability of the social and behavioural sciences	https://doi.org/10.31222/osf.io/b7x8f_v1						not_needed_or_not_attempted		https://doi.org/10.1037/pspp0000165	doi	represented_work_identifier_in_source_row	literal_number_from_external_corpus_mirror	not_yet	Real-world handle found, but the numeric result still needs original/source verification.	4	target_source_independently_grounded	false	false	true	true	true	false
sr_e567a2ed8bf8	Genome-wide association study identifies multiple HLA loci for sarcoidosis susceptibility.	gwas_catalog	candidate_child_numeric_row	coded_with_schema_gaps	data/raw/corpus_candidates/gwas_catalog/gwas-catalog-download-associations-alt-full.tsv	d54e13c7e17b4809c5d57202a5c76b8315dc5beb6e154377255df1de550fc8d2	external_corpus_mirror		37399103						yengo2022	10.1038/s41586-022-05275-y	https://doi.org/10.1038/s41586-022-05275-y	A saturated map of common genetic variants associated with human height	https://doi.org/10.1038/s41586-022-05275-y						not_needed_or_not_attempted		https://pubmed.ncbi.nlm.nih.gov/37399103/	pmid	represented_work_identifier_in_source_row	literal_number_from_external_corpus_mirror	not_yet	Real-world handle found, but the numeric result still needs original/source verification.	4	target_source_independently_grounded	false	false	true	true	true	false
sr_147c4fd5d62f	Antipsychotic Efficacy	ClinicalTrials.gov phase-2+ primary randomized registry rows	raw_ctgov_registry_row	fully_coded	data/raw/corpus_candidates/ctgov_kg/efficacy_df.csv	b41c171dad525c18cd25b9df1429a9590282e9cb91fbcf606b72ef00d7222af1	external_corpus_mirror				NCT02035553				du2024	10.6084/m9.figshare.24225166	https://doi.org/10.6084/m9.figshare.24225166	Clinical trials efficacy results dataset (derivative of AACT)	https://doi.org/10.6084/m9.figshare.24225166						not_needed_or_not_attempted		https://clinicaltrials.gov/study/NCT02035553	nct	registry_identifier_nct	literal_number_from_registry_mirror	yes	NCT registry row is treated as authoritative registry source for the literal result.	6	original_number_extracted	true	true	true	true	false	true
sr_a3c89d628df7	A genome-wide association study identifies two novel susceptible regions for squamous cell carcinoma of the head and neck.	gwas_catalog	candidate_child_numeric_row	coded_with_schema_gaps	data/raw/corpus_candidates/gwas_catalog/gwas-catalog-download-associations-alt-full.tsv	d54e13c7e17b4809c5d57202a5c76b8315dc5beb6e154377255df1de550fc8d2	external_corpus_mirror		32276964						yengo2022	10.1038/s41586-022-05275-y	https://doi.org/10.1038/s41586-022-05275-y	A saturated map of common genetic variants associated with human height	https://doi.org/10.1038/s41586-022-05275-y						not_needed_or_not_attempted		https://pubmed.ncbi.nlm.nih.gov/32276964/	pmid	represented_work_identifier_in_source_row	literal_number_from_external_corpus_mirror	not_yet	Real-world handle found, but the numeric result still needs original/source verification.	4	target_source_independently_grounded	false	false	true	true	true	false
sr_07eb16a91055	Etminan_72	button_nord_neuroscience	candidate_child_numeric_row	coded_with_schema_gaps	data/raw/corpus_candidates/button_nord_neuroscience/Effect_Sizes_opendata.xlsx	dbe8eb5e2fa6c7ed4cb6080360ee213acd34d1cea832d27feb847ca6fd0602db	external_corpus_mirror								button2013	10.1038/nrn3475	https://doi.org/10.1038/nrn3475	Power failure: why small sample size undermines the reliability of neuroscience	https://doi.org/10.1038/nrn3475	10.1038/jcbfm.2011.7	Effect of pharmaceutical treatment on vasospasm, delayed cerebral ischemia, and clinical outcome in patients with aneurysmal subarachnoid hemorrhage: a systematic review and meta-analysis.		1.000	button_nord_local_pmc_reference_lookup	source_specific_high_confidence	Button/Nord workbook gives meta-analysis=Etminan; the mirrored PMC article reference list links Etminan et al. to this DOI.	https://doi.org/10.1038/jcbfm.2011.7	crossref_doi	represented_work_source_specific_resolved	literal_number_from_external_corpus_mirror	not_yet	Real-world handle found, but the numeric result still needs original/source verification.	4	target_source_independently_grounded	false	false	true	true	true	false
sr_418e6ec7b4d3	Genome-wide association analyses of breast cancer in women of African ancestry identify new susceptibility loci and improve risk prediction.	gwas_catalog	candidate_child_numeric_row	coded_with_schema_gaps	data/raw/corpus_candidates/gwas_catalog/gwas-catalog-download-associations-alt-full.tsv	d54e13c7e17b4809c5d57202a5c76b8315dc5beb6e154377255df1de550fc8d2	external_corpus_mirror		38741014						yengo2022	10.1038/s41586-022-05275-y	https://doi.org/10.1038/s41586-022-05275-y	A saturated map of common genetic variants associated with human height	https://doi.org/10.1038/s41586-022-05275-y						not_needed_or_not_attempted		https://pubmed.ncbi.nlm.nih.gov/38741014/	pmid	represented_work_identifier_in_source_row	literal_number_from_external_corpus_mirror	not_yet	Real-world handle found, but the numeric result still needs original/source verification.	4	target_source_independently_grounded	false	false	true	true	true	false
sr_68030d0ead7f	"""Walking on eggshells"": How expressing relationship insecurities perpetuates them."	forrt_fred	candidate_child_numeric_row	coded_with_schema_gaps	data/raw/corpus_candidates/fred/FReD.xlsx	59545e3fc0c2979d97507097526319ec8c275aae3ac40c0d1a6d327492079e6b	external_corpus_mirror	10.1037/0022-3514.95.2.420							tosh2024	10.1090/noti3044	https://doi.org/10.1090/noti3044	The Piranha Problem: Large Effects Swimming in a Small Pond	https://doi.org/10.1090/noti3044						not_needed_or_not_attempted		https://doi.org/10.1037/0022-3514.95.2.420	doi	represented_work_identifier_in_source_row	literal_number_from_external_corpus_mirror	not_yet	Real-world handle found, but the numeric result still needs original/source verification.	4	target_source_independently_grounded	false	false	true	true	true	false
sr_9e1a912c9b1d	Genome-wide association studies identify 137 genetic loci for DNA methylation biomarkers of aging.	gwas_catalog	candidate_child_numeric_row	coded_with_schema_gaps	data/raw/corpus_candidates/gwas_catalog/gwas-catalog-download-associations-alt-full.tsv	d54e13c7e17b4809c5d57202a5c76b8315dc5beb6e154377255df1de550fc8d2	external_corpus_mirror		34187551						yengo2022	10.1038/s41586-022-05275-y	https://doi.org/10.1038/s41586-022-05275-y	A saturated map of common genetic variants associated with human height	https://doi.org/10.1038/s41586-022-05275-y						not_needed_or_not_attempted		https://pubmed.ncbi.nlm.nih.gov/34187551/	pmid	represented_work_identifier_in_source_row	literal_number_from_external_corpus_mirror	not_yet	Real-world handle found, but the numeric result still needs original/source verification.	4	target_source_independently_grounded	false	false	true	true	true	false
sr_df1f5890afec	Morphine Milligram Equivalents (MME)	ctgov_finer_grained_kg	candidate_child_numeric_row	coded_with_schema_gaps	data/raw/corpus_candidates/ctgov_kg/efficacy_df.csv	b41c171dad525c18cd25b9df1429a9590282e9cb91fbcf606b72ef00d7222af1	external_corpus_mirror				NCT02887989				du2024	10.6084/m9.figshare.24225166	https://doi.org/10.6084/m9.figshare.24225166	Clinical trials efficacy results dataset (derivative of AACT)	https://doi.org/10.6084/m9.figshare.24225166						not_needed_or_not_attempted		https://clinicaltrials.gov/study/NCT02887989	nct	registry_identifier_nct	literal_number_from_external_corpus_mirror	not_yet	NCT registry row is treated as authoritative registry source for the literal result.	4	target_source_independently_grounded	false	false	true	true	true	false
sr_f5b1fa84ce27	Durgin, F. H., Fox, L. F., & Kim, D. H. (2003). Not Letting the Left Leg Know What the Right Leg is Doing Limb-Specific Locomotor Adaptation to Sensory-Cue Conflict. Psychological Science, 14(6), 567-572.	motyl_2017_critical_tests	candidate_child_numeric_row	coded_with_schema_gaps	data/raw/corpus_candidates/motyl_2017/ScienceStatus_C.csv	c3e0e57e2910bc82f9d05740f52f53857a2ebc34353320d73ec5b74ba3613769	external_corpus_mirror								motyl2017state	10.1037/pspa0000084	https://doi.org/10.1037/pspa0000084	The State of Social and Personality Science: Rotten to the Core, Not So Bad, Getting Better, or Getting Worse?	https://doi.org/10.1037/pspa0000084	10.1046/j.0956-7976.2003.psci_1466.x	Not Letting the Left Leg Know What the Right Leg is Doing		1.000	title_year_journal	candidate_high_similarity	https://api.crossref.org/works?rows=1&query.bibliographic=Durgin%2C+F.+H.%2C+Fox%2C+L.+F.%2C+%26+Kim%2C+D.+H.+%282003%29.+Not+Letting+the+Left+Leg+Know+What+the+Right+Leg+is+Doing+Limb-Specific+Locomotor+Adaptation+to+Sensory-Cue+Conflict.+Psychological+Science%2C+14%286%29%2C+567-572.+Psych+Science+2003.0	https://doi.org/10.1046/j.0956-7976.2003.psci_1466.x	crossref_doi	represented_work_crossref_resolved	literal_number_from_external_corpus_mirror	not_yet	Real-world handle found, but the numeric result still needs original/source verification.	4	target_source_independently_grounded	false	false	true	true	true	false
sr_17b0cfe42e6d	Period 1: Endoscopic Remission	ctgov_finer_grained_kg	candidate_child_numeric_row	coded_with_schema_gaps	data/raw/corpus_candidates/ctgov_kg/efficacy_df.csv	b41c171dad525c18cd25b9df1429a9590282e9cb91fbcf606b72ef00d7222af1	external_corpus_mirror				NCT01903252				du2024	10.6084/m9.figshare.24225166	https://doi.org/10.6084/m9.figshare.24225166	Clinical trials efficacy results dataset (derivative of AACT)	https://doi.org/10.6084/m9.figshare.24225166						not_needed_or_not_attempted		https://clinicaltrials.gov/study/NCT01903252	nct	registry_identifier_nct	literal_number_from_external_corpus_mirror	not_yet	NCT registry row is treated as authoritative registry source for the literal result.	4	target_source_independently_grounded	false	false	true	true	true	false
sr_c1cbd6657a4e	plot2::JAP-84-3-445	metaBUS open Bosco subset	candidate_child_numeric_row	coded_with_schema_gaps	data/raw/corpus_candidates/metabus/Ver2-08_MasterDB_JAP-PPsych_1980-2010.xlsx	6ddc9c27ad135da96a982ed20004713fe4904741e34caee71828d7efbce9df1b	external_corpus_mirror								bosco2020metabus	10.1177/2515245919882693	https://doi.org/10.1177/2515245919882693	Advancing Meta-Analysis With Knowledge-Management Platforms: Using metaBUS in Psychology	https://doi.org/10.1177/2515245919882693	10.1037/a0020373	Equality versus differentiation: The effects of power dispersion on group interaction.	29.360758		metabus_journal_volume_issue_page	candidate_high_similarity	https://api.crossref.org/works?rows=1&query.bibliographic=Journal+of+Applied+Psychology+2010.0+95+6+1032	https://doi.org/10.1037/a0020373	crossref_doi	represented_work_crossref_resolved	literal_number_from_external_corpus_mirror	not_yet	Real-world handle found, but the numeric result still needs original/source verification.	4	target_source_independently_grounded	false	false	true	true	true	false
sr_6e06fcfca537	The spectrum of association in HLA region with rheumatoid arthritis in a diverse Asian population: evidence from the MyEIRA case-control study.	gwas_catalog	candidate_child_numeric_row	coded_with_schema_gaps	data/raw/corpus_candidates/gwas_catalog/gwas-catalog-download-associations-alt-full.tsv	d54e13c7e17b4809c5d57202a5c76b8315dc5beb6e154377255df1de550fc8d2	external_corpus_mirror		33514426						yengo2022	10.1038/s41586-022-05275-y	https://doi.org/10.1038/s41586-022-05275-y	A saturated map of common genetic variants associated with human height	https://doi.org/10.1038/s41586-022-05275-y						not_needed_or_not_attempted		https://pubmed.ncbi.nlm.nih.gov/33514426/	pmid	represented_work_identifier_in_source_row	literal_number_from_external_corpus_mirror	not_yet	Real-world handle found, but the numeric result still needs original/source verification.	4	target_source_independently_grounded	false	false	true	true	true	false
sr_307943984453	schaefer_2019_np_SOC.079	schaefer_schwarz_2019_without_prereg	candidate_child_numeric_row	coded_with_schema_gaps	data/raw/corpus_candidates/schaefer_schwarz_2019/studies_without_prereg.xlsx	62dfc5e065a94a3dbfdbdd1c97a97c92c54021438c6e34f22f61be4c61771c9e	external_corpus_mirror								schaefer2019meaningfulness	10.3389/fpsyg.2019.00813	https://doi.org/10.3389/fpsyg.2019.00813	The Meaningfulness of Effect Sizes in Psychological Research: Differences Between Sub-Disciplines and the Impact of Potential Biases	https://doi.org/10.3389/fpsyg.2019.00813	10.3765/plsa.v4i1.4501	NP internal syntax: High tone and quantifier conditions		0.231	title_year_journal	candidate_low_similarity	https://api.crossref.org/works?rows=1&query.bibliographic=schaefer_2019_np_SOC.079+1980.0	https://doi.org/10.3765/plsa.v4i1.4501	crossref_doi	represented_work_crossref_candidate_low_similarity	literal_number_from_external_corpus_mirror	not_yet	Real-world handle found, but the numeric result still needs original/source verification.	2	external_source_assertion	false	false	false	true	true	false
sr_61bbdea80744	Forest, A. L., Kille, D. R., Wood, J. V., & Holmes, J. G. (2014). Discount and disengage: How chronic negative expressivity undermines partner responsiveness to negative disclosures. Journal of personality and social psychology, 107(6), 1013.	Motyl social/personality critical tests	candidate_child_numeric_row	coded_with_schema_gaps	data/raw/corpus_candidates/motyl_2017/ScienceStatus_C.csv	c3e0e57e2910bc82f9d05740f52f53857a2ebc34353320d73ec5b74ba3613769	external_corpus_mirror								motyl2017state	10.1037/pspa0000084	https://doi.org/10.1037/pspa0000084	The State of Social and Personality Science: Rotten to the Core, Not So Bad, Getting Better, or Getting Worse?	https://doi.org/10.1037/pspa0000084	10.1037/a0038163	Discount and disengage: How chronic negative expressivity undermines partner responsiveness to negative disclosures.		1.000	title_year_journal	candidate_high_similarity	https://api.crossref.org/works?rows=1&query.bibliographic=Forest%2C+A.+L.%2C+Kille%2C+D.+R.%2C+Wood%2C+J.+V.%2C+%26+Holmes%2C+J.+G.+%282014%29.+Discount+and+disengage%3A+How+chronic+negative+expressivity+undermines+partner+responsiveness+to+negative+disclosures.+Journal+of+personality+and+social+psychology%2C+107%286%29%2C+1013.+JPSP+2014.0	https://doi.org/10.1037/a0038163	crossref_doi	represented_work_crossref_resolved	literal_number_from_external_corpus_mirror	not_yet	Real-world handle found, but the numeric result still needs original/source verification.	4	target_source_independently_grounded	false	false	true	true	true	false
sr_1ed207224a85	JAP-87-1-185	metabus_open_bosco	candidate_child_numeric_row	coded_with_schema_gaps	data/raw/corpus_candidates/metabus/Ver2-08_MasterDB_JAP-PPsych_1980-2010.xlsx	6ddc9c27ad135da96a982ed20004713fe4904741e34caee71828d7efbce9df1b	external_corpus_mirror								bosco2020metabus	10.1177/2515245919882693	https://doi.org/10.1177/2515245919882693	Advancing Meta-Analysis With Knowledge-Management Platforms: Using metaBUS in Psychology	https://doi.org/10.1177/2515245919882693	10.1037/0021-9010.87.1.185	Effects of procedure and outcome accountability on interview validity.	28.550423		metabus_journal_volume_issue_page	candidate_high_similarity	https://api.crossref.org/works?rows=1&query.bibliographic=Journal+of+Applied+Psychology+2002.0+87+1+185	https://doi.org/10.1037/0021-9010.87.1.185	crossref_doi	represented_work_crossref_resolved	literal_number_from_external_corpus_mirror	not_yet	Real-world handle found, but the numeric result still needs original/source verification.	4	target_source_independently_grounded	false	false	true	true	true	false
sr_fdf78d9e9f66	Forced Expiratory Volume in One Second (FEV1) Area Under Curve 0-3 Hour (h) (AUC 0-3h) Response at 24 Weeks	ctgov_finer_grained_kg	candidate_child_numeric_row	coded_with_schema_gaps	data/raw/corpus_candidates/ctgov_kg/efficacy_df.csv	b41c171dad525c18cd25b9df1429a9590282e9cb91fbcf606b72ef00d7222af1	external_corpus_mirror				NCT00796653 | NCT00793624				du2024	10.6084/m9.figshare.24225166	https://doi.org/10.6084/m9.figshare.24225166	Clinical trials efficacy results dataset (derivative of AACT)	https://doi.org/10.6084/m9.figshare.24225166						not_needed_or_not_attempted		https://clinicaltrials.gov/study/NCT00796653	nct	registry_identifier_nct	literal_number_from_external_corpus_mirror	not_yet	NCT registry row is treated as authoritative registry source for the literal result.	4	target_source_independently_grounded	false	false	true	true	true	false
sr_72511a245c94	Percentage of Participants With a ≥90% Improvement in Psoriasis Area and Severity Index (PASI 90) From Baseline	ctgov_finer_grained_kg	candidate_child_numeric_row	coded_with_schema_gaps	data/raw/corpus_candidates/ctgov_kg/efficacy_df.csv	b41c171dad525c18cd25b9df1429a9590282e9cb91fbcf606b72ef00d7222af1	external_corpus_mirror				NCT02561806				du2024	10.6084/m9.figshare.24225166	https://doi.org/10.6084/m9.figshare.24225166	Clinical trials efficacy results dataset (derivative of AACT)	https://doi.org/10.6084/m9.figshare.24225166						not_needed_or_not_attempted		https://clinicaltrials.gov/study/NCT02561806	nct	registry_identifier_nct	literal_number_from_external_corpus_mirror	not_yet	NCT registry row is treated as authoritative registry source for the literal result.	4	target_source_independently_grounded	false	false	true	true	true	false
sr_c5752f09223e	Genome-wide association and longitudinal analyses reveal genetic loci linking pubertal height growth, pubertal timing and childhood adiposity.	gwas_catalog	candidate_child_numeric_row	coded_with_schema_gaps	data/raw/corpus_candidates/gwas_catalog/gwas-catalog-download-associations-alt-full.tsv	d54e13c7e17b4809c5d57202a5c76b8315dc5beb6e154377255df1de550fc8d2	external_corpus_mirror		23449627						yengo2022	10.1038/s41586-022-05275-y	https://doi.org/10.1038/s41586-022-05275-y	A saturated map of common genetic variants associated with human height	https://doi.org/10.1038/s41586-022-05275-y						not_needed_or_not_attempted		https://pubmed.ncbi.nlm.nih.gov/23449627/	pmid	represented_work_identifier_in_source_row	literal_number_from_external_corpus_mirror	not_yet	Real-world handle found, but the numeric result still needs original/source verification.	4	target_source_independently_grounded	false	false	true	true	true	false
sr_9c4daeb580e8	the Occurrence of Cardiovascular Event and Peritonitis Events	ctgov_finer_grained_kg	candidate_child_numeric_row	coded_with_schema_gaps	data/raw/corpus_candidates/ctgov_kg/efficacy_df.csv	b41c171dad525c18cd25b9df1429a9590282e9cb91fbcf606b72ef00d7222af1	external_corpus_mirror				NCT01391468				du2024	10.6084/m9.figshare.24225166	https://doi.org/10.6084/m9.figshare.24225166	Clinical trials efficacy results dataset (derivative of AACT)	https://doi.org/10.6084/m9.figshare.24225166						not_needed_or_not_attempted		https://clinicaltrials.gov/study/NCT01391468	nct	registry_identifier_nct	literal_number_from_external_corpus_mirror	not_yet	NCT registry row is treated as authoritative registry source for the literal result.	4	target_source_independently_grounded	false	false	true	true	true	false
sr_c25aa56f24e3	Melanesian blond hair is caused by an amino acid change in TYRP1.	gwas_catalog	candidate_child_numeric_row	coded_with_schema_gaps	data/raw/corpus_candidates/gwas_catalog/gwas-catalog-download-associations-alt-full.tsv	d54e13c7e17b4809c5d57202a5c76b8315dc5beb6e154377255df1de550fc8d2	external_corpus_mirror		22556244						yengo2022	10.1038/s41586-022-05275-y	https://doi.org/10.1038/s41586-022-05275-y	A saturated map of common genetic variants associated with human height	https://doi.org/10.1038/s41586-022-05275-y						not_needed_or_not_attempted		https://pubmed.ncbi.nlm.nih.gov/22556244/	pmid	represented_work_identifier_in_source_row	literal_number_from_external_corpus_mirror	not_yet	Real-world handle found, but the numeric result still needs original/source verification.	4	target_source_independently_grounded	false	false	true	true	true	false
sr_4871288bad74	PCR-Corrected Adequate Clinical and Parasitological Response (ACPR) Rate on Day 28	ctgov_finer_grained_kg	candidate_child_numeric_row	coded_with_schema_gaps	data/raw/corpus_candidates/ctgov_kg/efficacy_df.csv	b41c171dad525c18cd25b9df1429a9590282e9cb91fbcf606b72ef00d7222af1	external_corpus_mirror				NCT00422084				du2024	10.6084/m9.figshare.24225166	https://doi.org/10.6084/m9.figshare.24225166	Clinical trials efficacy results dataset (derivative of AACT)	https://doi.org/10.6084/m9.figshare.24225166						not_needed_or_not_attempted		https://clinicaltrials.gov/study/NCT00422084	nct	registry_identifier_nct	literal_number_from_external_corpus_mirror	not_yet	NCT registry row is treated as authoritative registry source for the literal result.	4	target_source_independently_grounded	false	false	true	true	true	false
sr_92b015f56f77	Narcotic Use	ctgov_finer_grained_kg	candidate_child_numeric_row	coded_with_schema_gaps	data/raw/corpus_candidates/ctgov_kg/efficacy_df.csv	b41c171dad525c18cd25b9df1429a9590282e9cb91fbcf606b72ef00d7222af1	external_corpus_mirror				NCT01163214				du2024	10.6084/m9.figshare.24225166	https://doi.org/10.6084/m9.figshare.24225166	Clinical trials efficacy results dataset (derivative of AACT)	https://doi.org/10.6084/m9.figshare.24225166						not_needed_or_not_attempted		https://clinicaltrials.gov/study/NCT01163214	nct	registry_identifier_nct	literal_number_from_external_corpus_mirror	not_yet	NCT registry row is treated as authoritative registry source for the literal result.	4	target_source_independently_grounded	false	false	true	true	true	false
sr_2c54a948cfe2	The Primary Outcome is the Area Under the Stimulated C-peptide Curve (AUC) at the One Year Visit	ctgov_finer_grained_kg	candidate_child_numeric_row	coded_with_schema_gaps	data/raw/corpus_candidates/ctgov_kg/efficacy_df.csv	b41c171dad525c18cd25b9df1429a9590282e9cb91fbcf606b72ef00d7222af1	external_corpus_mirror				NCT00529399				du2024	10.6084/m9.figshare.24225166	https://doi.org/10.6084/m9.figshare.24225166	Clinical trials efficacy results dataset (derivative of AACT)	https://doi.org/10.6084/m9.figshare.24225166						not_needed_or_not_attempted		https://clinicaltrials.gov/study/NCT00529399	nct	registry_identifier_nct	literal_number_from_external_corpus_mirror	not_yet	NCT registry row is treated as authoritative registry source for the literal result.	4	target_source_independently_grounded	false	false	true	true	true	false
sr_6884c920951c	Halberda, J. (2006). Is this a dax which I see before me? Use of the logical argument disjunctive syllogism supports word-learning in children and adults.Cognitive psychology, 53(4), 310-344.	MetaLab	candidate_child_numeric_row	coded_with_schema_gaps	data/raw/corpus_candidates/metalab/metalab.Rdata	e3dcd2ccf198f6aabc9285575dfcc1a604fc1b185ddfc508791db9bb3d0a5b55	external_corpus_mirror								bergmann2018metalab	10.1111/cdev.13079	https://doi.org/10.1111/cdev.13079	Promoting Replicability in Developmental Research Through Meta-analyses: Insights From Language Acquisition Research	https://doi.org/10.1111/cdev.13079	10.1016/j.cogpsych.2006.04.003	Is this a dax which I see before me? Use of the logical argument disjunctive syllogism supports word-learning in children and adults		1.000	title_year_journal	candidate_high_similarity	https://api.crossref.org/works?rows=1&query.bibliographic=Halberda%2C+J.+%282006%29.+Is+this+a+dax+which+I+see+before+me%3F+Use+of+the+logical+argument+disjunctive+syllogism+supports+word-learning+in+children+and+adults.Cognitive+psychology%2C+53%284%29%2C+310-344.+2006.0	https://doi.org/10.1016/j.cogpsych.2006.04.003	crossref_doi	represented_work_crossref_resolved	literal_number_from_external_corpus_mirror	not_yet	Real-world handle found, but the numeric result still needs original/source verification.	4	target_source_independently_grounded	false	false	true	true	true	false
sr_333ef50a595e	Percentage of Subjects Who Achieved a Composite P-GAPS1/CPnS2 Response	ctgov_finer_grained_kg	candidate_child_numeric_row	coded_with_schema_gaps	data/raw/corpus_candidates/ctgov_kg/efficacy_df.csv	b41c171dad525c18cd25b9df1429a9590282e9cb91fbcf606b72ef00d7222af1	external_corpus_mirror				NCT02398188				du2024	10.6084/m9.figshare.24225166	https://doi.org/10.6084/m9.figshare.24225166	Clinical trials efficacy results dataset (derivative of AACT)	https://doi.org/10.6084/m9.figshare.24225166						not_needed_or_not_attempted		https://clinicaltrials.gov/study/NCT02398188	nct	registry_identifier_nct	literal_number_from_external_corpus_mirror	not_yet	NCT registry row is treated as authoritative registry source for the literal result.	4	target_source_independently_grounded	false	false	true	true	true	false
sr_03355505d651	Young, L., & Durwin, A. J. (2013). Moral realism as moral motivation: The impact of meta-ethics on everyday decision-making. Journal of Experimental Social Psychology, 49(2), 302-306.	Motyl social/personality critical tests	candidate_child_numeric_row	coded_with_schema_gaps	data/raw/corpus_candidates/motyl_2017/ScienceStatus_C.csv	c3e0e57e2910bc82f9d05740f52f53857a2ebc34353320d73ec5b74ba3613769	external_corpus_mirror								motyl2017state	10.1037/pspa0000084	https://doi.org/10.1037/pspa0000084	The State of Social and Personality Science: Rotten to the Core, Not So Bad, Getting Better, or Getting Worse?	https://doi.org/10.1037/pspa0000084	10.1016/j.jesp.2012.11.013	Moral realism as moral motivation: The impact of meta-ethics on everyday decision-making		1.000	title_year_journal	candidate_high_similarity	https://api.crossref.org/works?rows=1&query.bibliographic=Young%2C+L.%2C+%26+Durwin%2C+A.+J.+%282013%29.+Moral+realism+as+moral+motivation%3A+The+impact+of+meta-ethics+on+everyday+decision-making.+Journal+of+Experimental+Social+Psychology%2C+49%282%29%2C+302-306.+JESP+2013.0	https://doi.org/10.1016/j.jesp.2012.11.013	crossref_doi	represented_work_crossref_resolved	literal_number_from_external_corpus_mirror	not_yet	Real-world handle found, but the numeric result still needs original/source verification.	4	target_source_independently_grounded	false	false	true	true	true	false
sr_e89d75ebfd8e	schaefer_2019_np_CLI.064	schaefer_schwarz_2019_without_prereg	candidate_child_numeric_row	coded_with_schema_gaps	data/raw/corpus_candidates/schaefer_schwarz_2019/studies_without_prereg.xlsx	62dfc5e065a94a3dbfdbdd1c97a97c92c54021438c6e34f22f61be4c61771c9e	external_corpus_mirror								schaefer2019meaningfulness	10.3389/fpsyg.2019.00813	https://doi.org/10.3389/fpsyg.2019.00813	The Meaningfulness of Effect Sizes in Psychological Research: Differences Between Sub-Disciplines and the Impact of Potential Biases	https://doi.org/10.3389/fpsyg.2019.00813	10.1158/1557-3265.ovcasymp18-tmim-064	Abstract TMIM-064: AMPKA-LIKE PROTEINS IN OVARIAN CANCER TUMORIGENESIS AND NECROPTOSIS		0.250	title_year_journal	candidate_low_similarity	https://api.crossref.org/works?rows=1&query.bibliographic=schaefer_2019_np_CLI.064+2015.0	https://doi.org/10.1158/1557-3265.ovcasymp18-tmim-064	crossref_doi	represented_work_crossref_candidate_low_similarity	literal_number_from_external_corpus_mirror	not_yet	Real-world handle found, but the numeric result still needs original/source verification.	2	external_source_assertion	false	false	false	true	true	false
sr_61aeb1d7281e	kuhberger_669	kuhberger_2014_main_results	candidate_child_numeric_row	coded_with_schema_gaps	data/raw/corpus_candidates/kuhberger_2014/pone.0105825.s002.sav	28553027e6ee949e6b47a8992123218fb1a635610e44d46c045991a67a498f78	external_corpus_mirror	10.1371/journal.pone.0105825							kuhberger2014publicationBias	10.1371/journal.pone.0105825	https://doi.org/10.1371/journal.pone.0105825	Publication Bias in Psychology: A Diagnosis Based on the Correlation between Effect Size and Sample Size	https://doi.org/10.1371/journal.pone.0105825						not_needed_or_not_attempted		https://doi.org/10.1371/journal.pone.0105825	doi	represented_work_identifier_in_source_row	literal_number_from_external_corpus_mirror	not_yet	Real-world handle found, but the numeric result still needs original/source verification.	4	target_source_independently_grounded	false	false	true	true	true	false
sr_c6091d70fcc5	Change From Baseline in Hamilton Depression Rating Scale (HDRS-17) Total Score at Week 12	ClinicalTrials.gov phase-2+ primary randomized registry rows	raw_ctgov_registry_row	fully_coded	data/raw/corpus_candidates/ctgov_kg/efficacy_df.csv	b41c171dad525c18cd25b9df1429a9590282e9cb91fbcf606b72ef00d7222af1	external_corpus_mirror				NCT02473289				du2024	10.6084/m9.figshare.24225166	https://doi.org/10.6084/m9.figshare.24225166	Clinical trials efficacy results dataset (derivative of AACT)	https://doi.org/10.6084/m9.figshare.24225166						not_needed_or_not_attempted		https://clinicaltrials.gov/study/NCT02473289	nct	registry_identifier_nct	literal_number_from_registry_mirror	yes	NCT registry row is treated as authoritative registry source for the literal result.	6	original_number_extracted	true	true	true	true	false	true
sr_e786a4f0bdc3	Meltzoff, A. N., & Moore, M. K. (1989). Imitation in newborn infants: Exploring the range of gestures imitated and the underlying mechanisms. Developmental Psychology, 25, 954ñ962	metalab	candidate_child_numeric_row	coded_with_schema_gaps	data/raw/corpus_candidates/metalab/metalab.Rdata	e3dcd2ccf198f6aabc9285575dfcc1a604fc1b185ddfc508791db9bb3d0a5b55	external_corpus_mirror								bergmann2018metalab	10.1111/cdev.13079	https://doi.org/10.1111/cdev.13079	Promoting Replicability in Developmental Research Through Meta-analyses: Insights From Language Acquisition Research	https://doi.org/10.1111/cdev.13079	10.1037/0012-1649.25.6.954	Imitation in newborn infants: Exploring the range of gestures imitated and the underlying mechanisms.		1.000	title_year_journal	candidate_high_similarity	https://api.crossref.org/works?rows=1&query.bibliographic=Meltzoff%2C+A.+N.%2C+%26+Moore%2C+M.+K.+%281989%29.+Imitation+in+newborn+infants%3A+Exploring+the+range+of+gestures+imitated+and+the+underlying+mechanisms.+Developmental+Psychology%2C+25%2C+954%C3%B1962+1989.0	https://doi.org/10.1037/0012-1649.25.6.954	crossref_doi	represented_work_crossref_resolved	literal_number_from_external_corpus_mirror	not_yet	Real-world handle found, but the numeric result still needs original/source verification.	4	target_source_independently_grounded	false	false	true	true	true	false
sr_81dcacb19b9f	Computer-Assisted Remedial Reading Intervention For School Beginners At Risk For Reading Disability	DARPA SCORE / COS claims	candidate_child_numeric_row	coded_with_schema_gaps	data/raw/corpus_candidates/score/extracted_claims.csv	a86ba837b95738f3cb6d876cd9b0ab86db540208fb8eb89c0fa2d5f47829f60a	external_corpus_mirror	10.1111/j.1467-8624.2011.01580.x							tyner2026	10.31222/osf.io/b7x8f_v1	https://doi.org/10.31222/osf.io/b7x8f\_v1	Investigating the replicability of the social and behavioural sciences	https://doi.org/10.31222/osf.io/b7x8f_v1						not_needed_or_not_attempted		https://doi.org/10.1111/j.1467-8624.2011.01580.x	doi	represented_work_identifier_in_source_row	literal_number_from_external_corpus_mirror	not_yet	Real-world handle found, but the numeric result still needs original/source verification.	4	target_source_independently_grounded	false	false	true	true	true	false
sr_e74bda715816	A Cross-Validation Of The Youth Level Of Service/Case Management Inventory (Yls/Cmi) Among Japanese Juvenile Offenders.	DARPA SCORE / COS claims	candidate_child_numeric_row	coded_with_schema_gaps	data/raw/corpus_candidates/score/extracted_claims.csv	a86ba837b95738f3cb6d876cd9b0ab86db540208fb8eb89c0fa2d5f47829f60a	external_corpus_mirror	10.1037/lhb0000029							tyner2026	10.31222/osf.io/b7x8f_v1	https://doi.org/10.31222/osf.io/b7x8f\_v1	Investigating the replicability of the social and behavioural sciences	https://doi.org/10.31222/osf.io/b7x8f_v1						not_needed_or_not_attempted		https://doi.org/10.1037/lhb0000029	doi	represented_work_identifier_in_source_row	literal_number_from_external_corpus_mirror	not_yet	Real-world handle found, but the numeric result still needs original/source verification.	4	target_source_independently_grounded	false	false	true	true	true	false
sr_3ea41f299d78	PTEN expression of siNC vs siCNOT6L in Dicer-Ex5 HCT116 cells	RPCB	replication_pair_source_row	coded_with_schema_gaps	data/raw/corpus_candidates/rpcb/RP_CB Final Analysis - Effect level data.csv	df1b7186b9cd3050141ccb67efa9c77f02383d769bf2babb94f5fecfc5d45bd4	external_corpus_mirror								errington2021	10.7554/elife.71601.sa2	https://doi.org/10.7554/elife.71601.sa2	Author response: Investigating the replicability of preclinical cancer biology	https://doi.org/10.7554/elife.71601.sa2	10.1016/j.cell.2011.09.029	Coding-independent regulation of the tumor suppressor PTEN by competing endogenous mRNAs.		1.000	rpcb_paper_table_to_europepmc_exact_title	source_specific_high_confidence	RPCB paper table maps paper_24_experiment_3 to Paper #24: Coding-independent regulation of the tumor suppressor PTEN by competing endogenous mRNAs.	https://doi.org/10.1016/j.cell.2011.09.029	crossref_doi	represented_work_source_specific_resolved	literal_number_from_external_corpus_mirror	not_yet	Real-world handle found, but the numeric result still needs original/source verification.	4	target_source_independently_grounded	false	false	true	true	true	false
sr_78c450606fc2	Psalta, L., Young, A. W., Thompson, P., & Andrews, T. J. (2014). The Thatcher illusion reveals orientation dependence in brain regions involved in processing facial expressions. Psychological science, 25(1), 128-136.	Motyl social/personality critical tests	candidate_child_numeric_row	coded_with_schema_gaps	data/raw/corpus_candidates/motyl_2017/ScienceStatus_C.csv	c3e0e57e2910bc82f9d05740f52f53857a2ebc34353320d73ec5b74ba3613769	external_corpus_mirror								motyl2017state	10.1037/pspa0000084	https://doi.org/10.1037/pspa0000084	The State of Social and Personality Science: Rotten to the Core, Not So Bad, Getting Better, or Getting Worse?	https://doi.org/10.1037/pspa0000084	10.1177/0956797613501521	The Thatcher Illusion Reveals Orientation Dependence in Brain Regions Involved in Processing Facial Expressions		1.000	title_year_journal	candidate_high_similarity	https://api.crossref.org/works?rows=1&query.bibliographic=Psalta%2C+L.%2C+Young%2C+A.+W.%2C+Thompson%2C+P.%2C+%26+Andrews%2C+T.+J.+%282014%29.+The+Thatcher+illusion+reveals+orientation+dependence+in+brain+regions+involved+in+processing+facial+expressions.+Psychological+science%2C+25%281%29%2C+128-136.+Psych+Science+2014.0	https://doi.org/10.1177/0956797613501521	crossref_doi	represented_work_crossref_resolved	literal_number_from_external_corpus_mirror	not_yet	Real-world handle found, but the numeric result still needs original/source verification.	4	target_source_independently_grounded	false	false	true	true	true	false
sr_c32a10acbc15	A scalable variational inference approach for increased mixed-model association power.	gwas_catalog	candidate_child_numeric_row	coded_with_schema_gaps	data/raw/corpus_candidates/gwas_catalog/gwas-catalog-download-associations-alt-full.tsv	d54e13c7e17b4809c5d57202a5c76b8315dc5beb6e154377255df1de550fc8d2	external_corpus_mirror		39789286						yengo2022	10.1038/s41586-022-05275-y	https://doi.org/10.1038/s41586-022-05275-y	A saturated map of common genetic variants associated with human height	https://doi.org/10.1038/s41586-022-05275-y						not_needed_or_not_attempted		https://pubmed.ncbi.nlm.nih.gov/39789286/	pmid	represented_work_identifier_in_source_row	literal_number_from_external_corpus_mirror	not_yet	Real-world handle found, but the numeric result still needs original/source verification.	4	target_source_independently_grounded	false	false	true	true	true	false
sr_68c0e5067d4b	Ethnicity And Altruism After Violence: The Contact Hypothesis In Kosovo	score_cos_claims	candidate_child_numeric_row	coded_with_schema_gaps	data/raw/corpus_candidates/score/extracted_claims.csv	a86ba837b95738f3cb6d876cd9b0ab86db540208fb8eb89c0fa2d5f47829f60a	external_corpus_mirror	10.1017/xps.2014.18							tyner2026	10.31222/osf.io/b7x8f_v1	https://doi.org/10.31222/osf.io/b7x8f\_v1	Investigating the replicability of the social and behavioural sciences	https://doi.org/10.31222/osf.io/b7x8f_v1						not_needed_or_not_attempted		https://doi.org/10.1017/xps.2014.18	doi	represented_work_identifier_in_source_row	literal_number_from_external_corpus_mirror	not_yet	Real-world handle found, but the numeric result still needs original/source verification.	4	target_source_independently_grounded	false	false	true	true	true	false
sr_f339c0254923	plot2::JAP-93-5-1013	metaBUS open Bosco subset	candidate_child_numeric_row	coded_with_schema_gaps	data/raw/corpus_candidates/metabus/Ver2-08_MasterDB_JAP-PPsych_1980-2010.xlsx	6ddc9c27ad135da96a982ed20004713fe4904741e34caee71828d7efbce9df1b	external_corpus_mirror								bosco2020metabus	10.1177/2515245919882693	https://doi.org/10.1177/2515245919882693	Advancing Meta-Analysis With Knowledge-Management Platforms: Using metaBUS in Psychology	https://doi.org/10.1177/2515245919882693	10.1016/s0962-1849(12)00012-1	Author index (Volume 14 (2010))	26.634098		metabus_journal_volume_issue_page	candidate_high_similarity	https://api.crossref.org/works?rows=1&query.bibliographic=Journal+of+Applied+Psychology+2010.0+95+1+79	https://doi.org/10.1016/s0962-1849(12)00012-1	crossref_doi	represented_work_crossref_resolved	literal_number_from_external_corpus_mirror	not_yet	Real-world handle found, but the numeric result still needs original/source verification.	4	target_source_independently_grounded	false	false	true	true	true	false
sr_9078255a0573	Genetic correlates of vitamin D-binding protein and 25-hydroxyvitamin D in neonatal dried blood spots.	gwas_catalog	candidate_child_numeric_row	coded_with_schema_gaps	data/raw/corpus_candidates/gwas_catalog/gwas-catalog-download-associations-alt-full.tsv	d54e13c7e17b4809c5d57202a5c76b8315dc5beb6e154377255df1de550fc8d2	external_corpus_mirror		36792583						yengo2022	10.1038/s41586-022-05275-y	https://doi.org/10.1038/s41586-022-05275-y	A saturated map of common genetic variants associated with human height	https://doi.org/10.1038/s41586-022-05275-y						not_needed_or_not_attempted		https://pubmed.ncbi.nlm.nih.gov/36792583/	pmid	represented_work_identifier_in_source_row	literal_number_from_external_corpus_mirror	not_yet	Real-world handle found, but the numeric result still needs original/source verification.	4	target_source_independently_grounded	false	false	true	true	true	false
sr_b38402a7e48a	Adapting To Climate Change: The Remarkable Decline In The Us Temperature-Mortality Relationship Over The Twentieth Century	score_cos_claims	candidate_child_numeric_row	coded_with_schema_gaps	data/raw/corpus_candidates/score/extracted_claims.csv	a86ba837b95738f3cb6d876cd9b0ab86db540208fb8eb89c0fa2d5f47829f60a	external_corpus_mirror	10.1086/684582							tyner2026	10.31222/osf.io/b7x8f_v1	https://doi.org/10.31222/osf.io/b7x8f\_v1	Investigating the replicability of the social and behavioural sciences	https://doi.org/10.31222/osf.io/b7x8f_v1						not_needed_or_not_attempted		https://doi.org/10.1086/684582	doi	represented_work_identifier_in_source_row	literal_number_from_external_corpus_mirror	not_yet	Real-world handle found, but the numeric result still needs original/source verification.	4	target_source_independently_grounded	false	false	true	true	true	false
sr_deff8d4a6913	Genome-Wide Association Study Meta-Analysis for Parkinson Disease Motor Subtypes.	gwas_catalog	candidate_child_numeric_row	coded_with_schema_gaps	data/raw/corpus_candidates/gwas_catalog/gwas-catalog-download-associations-alt-full.tsv	d54e13c7e17b4809c5d57202a5c76b8315dc5beb6e154377255df1de550fc8d2	external_corpus_mirror		33987465						yengo2022	10.1038/s41586-022-05275-y	https://doi.org/10.1038/s41586-022-05275-y	A saturated map of common genetic variants associated with human height	https://doi.org/10.1038/s41586-022-05275-y						not_needed_or_not_attempted		https://pubmed.ncbi.nlm.nih.gov/33987465/	pmid	represented_work_identifier_in_source_row	literal_number_from_external_corpus_mirror	not_yet	Real-world handle found, but the numeric result still needs original/source verification.	4	target_source_independently_grounded	false	false	true	true	true	false
sr_b0fb1425aea4	Clarkson, J. J., Valente, M. J., Leone, C., & Tormala, Z. L. (2013). Motivated Reflection on Attitude-Inconsistent Information An Exploration of the Role of Fear of Invalidity in Self-Persuasion. Personality and Social Psychology Bulletin, 39(12), 1559-1570.	Motyl social/personality critical tests	candidate_child_numeric_row	coded_with_schema_gaps	data/raw/corpus_candidates/motyl_2017/ScienceStatus_C.csv	c3e0e57e2910bc82f9d05740f52f53857a2ebc34353320d73ec5b74ba3613769	external_corpus_mirror								motyl2017state	10.1037/pspa0000084	https://doi.org/10.1037/pspa0000084	The State of Social and Personality Science: Rotten to the Core, Not So Bad, Getting Better, or Getting Worse?	https://doi.org/10.1037/pspa0000084	10.1177/0146167213497983	Motivated Reflection on Attitude-Inconsistent Information		1.000	title_year_journal	candidate_high_similarity	https://api.crossref.org/works?rows=1&query.bibliographic=Clarkson%2C+J.+J.%2C+Valente%2C+M.+J.%2C+Leone%2C+C.%2C+%26+Tormala%2C+Z.+L.+%282013%29.+Motivated+Reflection+on+Attitude-Inconsistent+Information+An+Exploration+of+the+Role+of+Fear+of+Invalidity+in+Self-Persuasion.+Personality+and+Social+Psychology+Bulletin%2C+39%2812%29%2C+1559-1570.+PSPB+2013.0	https://doi.org/10.1177/0146167213497983	crossref_doi	represented_work_crossref_resolved	literal_number_from_external_corpus_mirror	not_yet	Real-world handle found, but the numeric result still needs original/source verification.	4	target_source_independently_grounded	false	false	true	true	true	false
sr_c15be1b60041	PMCID:4493951	yun_llm_meta_analysis	candidate_child_numeric_row	coded_with_schema_gaps	data/raw/corpus_candidates/yun_llm_meta_analysis/llm-meta-analysis/evaluation/data/annotated_rct_dataset.csv	5e5f660fa770ab647fa44424f002c7b9e1a2b6a3feb783ee2dc4f2438c1017f6	external_corpus_mirror			PMC4493951					yun2024llmExtraction		https://proceedings.mlr.press/v252/yun24a.html	Automatically Extracting Numerical Results from Randomized Controlled Trials with Large Language Models	https://proceedings.mlr.press/v252/yun24a.html						not_needed_or_not_attempted		https://www.ncbi.nlm.nih.gov/pmc/articles/PMC4493951/	pmcid	represented_work_identifier_in_source_row	literal_number_from_external_corpus_mirror	not_yet	Real-world handle found, but the numeric result still needs original/source verification.	4	target_source_independently_grounded	false	false	true	true	true	false
sr_b2348504f69b	linden_2018_1	linden_2024_random_effects	candidate_child_numeric_row	coded_with_schema_gaps	data/raw/corpus_candidates/linden_2024/ATJ_Study2_ESs_and_Ns.sav	8db0347809e96b5f079e559258b283c40bda79311614e23724077d611aec8e05	external_corpus_mirror								linden2024publicationBiasPsychology	10.1371/journal.pone.0297075	https://doi.org/10.1371/journal.pone.0297075	Publication Bias in Psychology: A Closer Look at the Correlation between Sample Size and Effect Size	https://doi.org/10.1371/journal.pone.0297075						not_needed_or_not_attempted				unresolved	literal_number_from_external_corpus_mirror	not_yet	Only corpus/source-family grounding or local derived evidence was recovered.	2	external_source_assertion	false	false	false	true	true	false
sr_87ff7572edff	Evidence for VAV2 and ZNF433 as susceptibility genes for multiple sclerosis.	gwas_catalog	candidate_child_numeric_row	coded_with_schema_gaps	data/raw/corpus_candidates/gwas_catalog/gwas-catalog-download-associations-alt-full.tsv	d54e13c7e17b4809c5d57202a5c76b8315dc5beb6e154377255df1de550fc8d2	external_corpus_mirror		20598377						yengo2022	10.1038/s41586-022-05275-y	https://doi.org/10.1038/s41586-022-05275-y	A saturated map of common genetic variants associated with human height	https://doi.org/10.1038/s41586-022-05275-y						not_needed_or_not_attempted		https://pubmed.ncbi.nlm.nih.gov/20598377/	pmid	represented_work_identifier_in_source_row	literal_number_from_external_corpus_mirror	not_yet	Real-world handle found, but the numeric result still needs original/source verification.	4	target_source_independently_grounded	false	false	true	true	true	false
sr_f31698e541dc	Mediastinal Nodal Clearance After Completion of Induction Chemoradiotherapy With or Without Panitumumab.	ClinicalTrials.gov phase-2+ primary randomized registry rows	raw_ctgov_registry_row	fully_coded	data/raw/corpus_candidates/ctgov_kg/efficacy_df.csv	b41c171dad525c18cd25b9df1429a9590282e9cb91fbcf606b72ef00d7222af1	external_corpus_mirror				NCT00979212				du2024	10.6084/m9.figshare.24225166	https://doi.org/10.6084/m9.figshare.24225166	Clinical trials efficacy results dataset (derivative of AACT)	https://doi.org/10.6084/m9.figshare.24225166						not_needed_or_not_attempted		https://clinicaltrials.gov/study/NCT00979212	nct	registry_identifier_nct	literal_number_from_registry_mirror	yes	NCT registry row is treated as authoritative registry source for the literal result.	6	original_number_extracted	true	true	true	true	false	true
sr_05a96a248d34	2016 preregistered key-question effect (schaefer_2019_preg_60)	Schäfer/Schwarz 2019 preregistered psychology articles	candidate_child_numeric_row	coded_with_schema_gaps	data/raw/corpus_candidates/schaefer_schwarz_2019/studies_with_prereg.xlsx	3d8068ab385e8e454aeba870adb4415adc9d306fda33b188a22f1b522e5acdd6	external_corpus_mirror								schaefer2019meaningfulness	10.3389/fpsyg.2019.00813	https://doi.org/10.3389/fpsyg.2019.00813	The Meaningfulness of Effect Sizes in Psychological Research: Differences Between Sub-Disciplines and the Impact of Potential Biases	https://doi.org/10.3389/fpsyg.2019.00813	10.3389/fpsyg.2016.01155	Commentary: A Multilab Preregistered Replication of the Ego-Depletion Effect		0.430	title_year_journal	candidate_low_similarity	https://api.crossref.org/works?rows=1&query.bibliographic=2016+preregistered+key-question+effect+%28schaefer_2019_preg_60%29+2016.0	https://doi.org/10.3389/fpsyg.2016.01155	crossref_doi	represented_work_crossref_candidate_low_similarity	literal_number_from_external_corpus_mirror	not_yet	Real-world handle found, but the numeric result still needs original/source verification.	2	external_source_assertion	false	false	false	true	true	false
sr_6d53289e06ab	Do cannabis-based medicinal extracts have general or specific effects on symptoms in multiple sclerosis? A double-blind, randomized, placebo-controlled study on 160 patients.	clinifact_published_primary_pairs	candidate_child_numeric_row	coded_with_schema_gaps	data/derived/publication_bias_direct/clinifact_publication_registry_pairs.csv	34d37f535ea964d068cc2c4335652447b8a6bb3321809b6289e9577401566919	internal_derived_table		15327042		NCT01610700				zhang2025clinifact	10.1038/s41597-025-04417-x	https://doi.org/10.1038/s41597-025-04417-x	A Dataset for Evaluating Clinical Research Claims in Large Language Models	https://doi.org/10.1038/s41597-025-04417-x						not_needed_or_not_attempted		https://clinicaltrials.gov/study/NCT01610700	nct	registry_identifier_nct	literal_number_from_internal_derived_table	not_yet	NCT registry row is treated as authoritative registry source for the literal result.	4	target_source_independently_grounded	false	false	true	false	true	false
sr_528e74f3ea09	Maximizing Performance	forrt_fred	candidate_child_numeric_row	coded_with_schema_gaps	data/raw/corpus_candidates/fred/FReD.xlsx	59545e3fc0c2979d97507097526319ec8c275aae3ac40c0d1a6d327492079e6b	external_corpus_mirror	10.1249/mss.0000000000000818							tosh2024	10.1090/noti3044	https://doi.org/10.1090/noti3044	The Piranha Problem: Large Effects Swimming in a Small Pond	https://doi.org/10.1090/noti3044						not_needed_or_not_attempted		https://doi.org/10.1249/mss.0000000000000818	doi	represented_work_identifier_in_source_row	literal_number_from_external_corpus_mirror	not_yet	Real-world handle found, but the numeric result still needs original/source verification.	4	target_source_independently_grounded	false	false	true	true	true	false
sr_68b9aab77905	A genome-wide association meta-analysis of preschool internalizing problems.	gwas_catalog	candidate_child_numeric_row	coded_with_schema_gaps	data/raw/corpus_candidates/gwas_catalog/gwas-catalog-download-associations-alt-full.tsv	d54e13c7e17b4809c5d57202a5c76b8315dc5beb6e154377255df1de550fc8d2	external_corpus_mirror		24839885						yengo2022	10.1038/s41586-022-05275-y	https://doi.org/10.1038/s41586-022-05275-y	A saturated map of common genetic variants associated with human height	https://doi.org/10.1038/s41586-022-05275-y						not_needed_or_not_attempted		https://pubmed.ncbi.nlm.nih.gov/24839885/	pmid	represented_work_identifier_in_source_row	literal_number_from_external_corpus_mirror	not_yet	Real-world handle found, but the numeric result still needs original/source verification.	4	target_source_independently_grounded	false	false	true	true	true	false
sr_612caed0e0da	Organizational Learning In Target Setting	DARPA SCORE / COS claims	candidate_child_numeric_row	coded_with_schema_gaps	data/raw/corpus_candidates/score/extracted_claims.csv	a86ba837b95738f3cb6d876cd9b0ab86db540208fb8eb89c0fa2d5f47829f60a	external_corpus_mirror	10.5465/amj.2014.0897							tyner2026	10.31222/osf.io/b7x8f_v1	https://doi.org/10.31222/osf.io/b7x8f\_v1	Investigating the replicability of the social and behavioural sciences	https://doi.org/10.31222/osf.io/b7x8f_v1						not_needed_or_not_attempted		https://doi.org/10.5465/amj.2014.0897	doi	represented_work_identifier_in_source_row	literal_number_from_external_corpus_mirror	not_yet	Real-world handle found, but the numeric result still needs original/source verification.	4	target_source_independently_grounded	false	false	true	true	true	false
sr_21fe810427f5	plot2::JAP-77-4-453	metaBUS open Bosco subset	candidate_child_numeric_row	coded_with_schema_gaps	data/raw/corpus_candidates/metabus/Ver2-08_MasterDB_JAP-PPsych_1980-2010.xlsx	6ddc9c27ad135da96a982ed20004713fe4904741e34caee71828d7efbce9df1b	external_corpus_mirror								bosco2020metabus	10.1177/2515245919882693	https://doi.org/10.1177/2515245919882693	Advancing Meta-Analysis With Knowledge-Management Platforms: Using metaBUS in Psychology	https://doi.org/10.1177/2515245919882693	10.1037//0021-9010.77.4.453	An interview approach to work sample criterion measurement.	32.525826		metabus_journal_volume_issue_page	candidate_high_similarity	https://api.crossref.org/works?rows=1&query.bibliographic=Journal+of+Applied+Psychology+1992.0+77+4+453	https://doi.org/10.1037//0021-9010.77.4.453	crossref_doi	represented_work_crossref_resolved	literal_number_from_external_corpus_mirror	not_yet	Real-world handle found, but the numeric result still needs original/source verification.	4	target_source_independently_grounded	false	false	true	true	true	false
sr_d77f8db1d1b7	plot2::JAP-93-3-632	metaBUS open Bosco subset	candidate_child_numeric_row	coded_with_schema_gaps	data/raw/corpus_candidates/metabus/Ver2-08_MasterDB_JAP-PPsych_1980-2010.xlsx	6ddc9c27ad135da96a982ed20004713fe4904741e34caee71828d7efbce9df1b	external_corpus_mirror								bosco2020metabus	10.1177/2515245919882693	https://doi.org/10.1177/2515245919882693	Advancing Meta-Analysis With Knowledge-Management Platforms: Using metaBUS in Psychology	https://doi.org/10.1177/2515245919882693	10.1037/0021-9010.93.3.632	Safety in work vehicles: A multilevel study linking safety values and individual predictors to work-related driving crashes.	26.963064		metabus_journal_volume_issue_page	candidate_high_similarity	https://api.crossref.org/works?rows=1&query.bibliographic=Journal+of+Applied+Psychology+2008.0+93+3+632	https://doi.org/10.1037/0021-9010.93.3.632	crossref_doi	represented_work_crossref_resolved	literal_number_from_external_corpus_mirror	not_yet	Real-world handle found, but the numeric result still needs original/source verification.	4	target_source_independently_grounded	false	false	true	true	true	false
sr_31cedf25f0f0	Genome-wide association study of MRI markers of cerebral small vessel disease in 42,310 participants.	gwas_catalog	candidate_child_numeric_row	coded_with_schema_gaps	data/raw/corpus_candidates/gwas_catalog/gwas-catalog-download-associations-alt-full.tsv	d54e13c7e17b4809c5d57202a5c76b8315dc5beb6e154377255df1de550fc8d2	external_corpus_mirror		32358547						yengo2022	10.1038/s41586-022-05275-y	https://doi.org/10.1038/s41586-022-05275-y	A saturated map of common genetic variants associated with human height	https://doi.org/10.1038/s41586-022-05275-y						not_needed_or_not_attempted		https://pubmed.ncbi.nlm.nih.gov/32358547/	pmid	represented_work_identifier_in_source_row	literal_number_from_external_corpus_mirror	not_yet	Real-world handle found, but the numeric result still needs original/source verification.	4	target_source_independently_grounded	false	false	true	true	true	false
sr_553821bb35af	plot2::JAP-95-1-183	metaBUS open Bosco subset	candidate_child_numeric_row	coded_with_schema_gaps	data/raw/corpus_candidates/metabus/Ver2-08_MasterDB_JAP-PPsych_1980-2010.xlsx	6ddc9c27ad135da96a982ed20004713fe4904741e34caee71828d7efbce9df1b	external_corpus_mirror								bosco2020metabus	10.1177/2515245919882693	https://doi.org/10.1177/2515245919882693	Advancing Meta-Analysis With Knowledge-Management Platforms: Using metaBUS in Psychology	https://doi.org/10.1177/2515245919882693	10.1016/s0962-1849(12)00012-1	Author index (Volume 14 (2010))	26.636784		metabus_journal_volume_issue_page	candidate_high_similarity	https://api.crossref.org/works?rows=1&query.bibliographic=Journal+of+Applied+Psychology+2010.0+95+1+183	https://doi.org/10.1016/s0962-1849(12)00012-1	crossref_doi	represented_work_crossref_resolved	literal_number_from_external_corpus_mirror	not_yet	Real-world handle found, but the numeric result still needs original/source verification.	4	target_source_independently_grounded	false	false	true	true	true	false
sr_6ec02a020539	Percentage of Patients Achieving Glycosylated Hemoglobin (HbA1c) Concentration ≤7.0% With Weight Loss (≥1.0 kg) at Endpoint (Week 26)	ClinicalTrials.gov phase-2+ primary randomized registry rows	raw_ctgov_registry_row	fully_coded	data/raw/corpus_candidates/ctgov_kg/efficacy_df.csv	b41c171dad525c18cd25b9df1429a9590282e9cb91fbcf606b72ef00d7222af1	external_corpus_mirror				NCT01003184				du2024	10.6084/m9.figshare.24225166	https://doi.org/10.6084/m9.figshare.24225166	Clinical trials efficacy results dataset (derivative of AACT)	https://doi.org/10.6084/m9.figshare.24225166						not_needed_or_not_attempted		https://clinicaltrials.gov/study/NCT01003184	nct	registry_identifier_nct	literal_number_from_registry_mirror	yes	NCT registry row is treated as authoritative registry source for the literal result.	6	original_number_extracted	true	true	true	true	false	true
sr_6b48885948a9	JAP-91-4-971	metabus_open_bosco	candidate_child_numeric_row	coded_with_schema_gaps	data/raw/corpus_candidates/metabus/Ver2-08_MasterDB_JAP-PPsych_1980-2010.xlsx	6ddc9c27ad135da96a982ed20004713fe4904741e34caee71828d7efbce9df1b	external_corpus_mirror								bosco2020metabus	10.1177/2515245919882693	https://doi.org/10.1177/2515245919882693	Advancing Meta-Analysis With Knowledge-Management Platforms: Using metaBUS in Psychology	https://doi.org/10.1177/2515245919882693	10.1037/a0016115	When does self-esteem relate to deviant behavior? The role of contingencies of self-worth.	26.801579		metabus_journal_volume_issue_page	candidate_high_similarity	https://api.crossref.org/works?rows=1&query.bibliographic=Journal+of+Applied+Psychology+2009.0+94+5+1345	https://doi.org/10.1037/a0016115	crossref_doi	represented_work_crossref_resolved	literal_number_from_external_corpus_mirror	not_yet	Real-world handle found, but the numeric result still needs original/source verification.	4	target_source_independently_grounded	false	false	true	true	true	false
sr_afedb8c87b93	Alves et al. (2018) (SCORE 24716_49_3)	SCORE analyst join	replication_pair_source_row	coded_with_schema_gaps	data/raw/corpus_candidates/score/orig_outcomes.csv	325b445d0a253342eb3d2d318aa4233bcca23c16866b5c1cc2733bab8f26478f	external_corpus_mirror	10.1177/0956797618756862							tyner2026	10.31222/osf.io/b7x8f_v1	https://doi.org/10.31222/osf.io/b7x8f\_v1	Investigating the replicability of the social and behavioural sciences	https://doi.org/10.31222/osf.io/b7x8f_v1						not_needed_or_not_attempted		https://doi.org/10.1177/0956797618756862	doi	represented_work_identifier_in_source_row	literal_number_from_external_corpus_mirror	not_yet	Real-world handle found, but the numeric result still needs original/source verification.	4	target_source_independently_grounded	false	false	true	true	true	false
sr_fbb29ff3b4c7	JAP-86-6-1120	metabus_open_bosco	candidate_child_numeric_row	coded_with_schema_gaps	data/raw/corpus_candidates/metabus/Ver2-08_MasterDB_JAP-PPsych_1980-2010.xlsx	6ddc9c27ad135da96a982ed20004713fe4904741e34caee71828d7efbce9df1b	external_corpus_mirror								bosco2020metabus	10.1177/2515245919882693	https://doi.org/10.1177/2515245919882693	Advancing Meta-Analysis With Knowledge-Management Platforms: Using metaBUS in Psychology	https://doi.org/10.1177/2515245919882693	10.1037/0021-9010.86.6.1120	Prejudice matters: Understanding the reactions of Whites to affirmative action programs targeted to benefit Blacks.	27.150318		metabus_journal_volume_issue_page	candidate_high_similarity	https://api.crossref.org/works?rows=1&query.bibliographic=Journal+of+Applied+Psychology+2001.0+86+6+1120	https://doi.org/10.1037/0021-9010.86.6.1120	crossref_doi	represented_work_crossref_resolved	literal_number_from_external_corpus_mirror	not_yet	Real-world handle found, but the numeric result still needs original/source verification.	4	target_source_independently_grounded	false	false	true	true	true	false
sr_dc4eddf69c3c	Identification of common genetic polymorphisms associated with down-regulated gonadotropin levels in an exome-wide association study.	gwas_catalog	candidate_child_numeric_row	coded_with_schema_gaps	data/raw/corpus_candidates/gwas_catalog/gwas-catalog-download-associations-alt-full.tsv	d54e13c7e17b4809c5d57202a5c76b8315dc5beb6e154377255df1de550fc8d2	external_corpus_mirror		37001689						yengo2022	10.1038/s41586-022-05275-y	https://doi.org/10.1038/s41586-022-05275-y	A saturated map of common genetic variants associated with human height	https://doi.org/10.1038/s41586-022-05275-y						not_needed_or_not_attempted		https://pubmed.ncbi.nlm.nih.gov/37001689/	pmid	represented_work_identifier_in_source_row	literal_number_from_external_corpus_mirror	not_yet	Real-world handle found, but the numeric result still needs original/source verification.	4	target_source_independently_grounded	false	false	true	true	true	false
sr_01b8db23d742	Percentage of Heavy Drinking Days at Week 16 Endpoint	ClinicalTrials.gov phase-2+ primary randomized registry rows	raw_ctgov_registry_row	fully_coded	data/raw/corpus_candidates/ctgov_kg/efficacy_df.csv	b41c171dad525c18cd25b9df1429a9590282e9cb91fbcf606b72ef00d7222af1	external_corpus_mirror				NCT00804570				du2024	10.6084/m9.figshare.24225166	https://doi.org/10.6084/m9.figshare.24225166	Clinical trials efficacy results dataset (derivative of AACT)	https://doi.org/10.6084/m9.figshare.24225166						not_needed_or_not_attempted		https://clinicaltrials.gov/study/NCT00804570	nct	registry_identifier_nct	literal_number_from_registry_mirror	yes	NCT registry row is treated as authoritative registry source for the literal result.	6	original_number_extracted	true	true	true	true	false	true
sr_0832a411bca2	Replicating a Simple Study of Asymmetry in Human Cognition	FReD filtered pair table	replication_pair_source_row	coded_with_schema_gaps	data/raw/replication_projects/fred/FReD.xlsx	59545e3fc0c2979d97507097526319ec8c275aae3ac40c0d1a6d327492079e6b	mirrored_replication_project	10.2466/pms.109.2.577-580 | 10.2466/20.22.pms.114.1.185-188							tosh2024	10.1090/noti3044	https://doi.org/10.1090/noti3044	The Piranha Problem: Large Effects Swimming in a Small Pond	https://doi.org/10.1090/noti3044						not_needed_or_not_attempted		https://doi.org/10.2466/pms.109.2.577-580	doi	represented_work_identifier_in_source_row	literal_number_from_replication_project_table	not_yet	Real-world handle found, but the numeric result still needs original/source verification.	4	target_source_independently_grounded	false	false	true	true	true	false
sr_47e74981aa68	olsson_sundell_2023_57	olsson_sundell_2023_social_interventions	candidate_child_numeric_row	coded_with_schema_gaps	data/raw/publication_bias_direct/olsson_sundell_2023/pone.0281110.s003.xlsx	ce3b16be4f546f64010221cedfea23e79f6a22b4d2f964d02dfbc312a701c1ee	raw_local_mirror	10.1371/journal.pone.0281110							olsson2023publicationBias	10.1371/journal.pone.0281110	https://doi.org/10.1371/journal.pone.0281110	Publication Bias, Time-Lag Bias, and Place-of-Publication Bias in Social Intervention Research: An Exploratory Study of 527 Swedish Articles Published between 1990-2019	https://doi.org/10.1371/journal.pone.0281110						not_needed_or_not_attempted		https://doi.org/10.1371/journal.pone.0281110	doi	represented_work_identifier_in_source_row	literal_number_from_local_file_unclear	not_yet	Real-world handle found, but the numeric result still needs original/source verification.	5	original_source_obtained	true	false	true	true	false	false
sr_6c3663410cb7	Many Labs 2 - Alter.1	Many Labs 2 public join	replication_pair_source_row	coded_with_schema_gaps	data/raw/replication_projects/ml2/table5data_RM.csv	7c144980be0a5e607e21f58f706388cfbb51509f91eb42d404f68fd88f7a72d1	mirrored_replication_project								klein2018	10.1177/2515245918810225	https://doi.org/10.1177/2515245918810225	Many Labs 2: Investigating Variation in Replicability Across Samples and Settings	https://doi.org/10.1177/2515245918810225	10.1037/0096-3445.136.4.569	Overcoming intuition: Metacognitive difficulty activates analytic reasoning.		1.000	many_labs_2_original_title_manual_crossref	source_specific_high_confidence	Many Labs 2 labels this original effect as Incidental Disfluency (Alter et al., 2007); Crossref resolves the matching Alter/Oppenheimer/Epley/Eyre article.	https://doi.org/10.1037/0096-3445.136.4.569	crossref_doi	represented_work_source_specific_resolved	literal_number_from_replication_project_table	not_yet	Real-world handle found, but the numeric result still needs original/source verification.	4	target_source_independently_grounded	false	false	true	true	true	false
sr_0372d6c4f192	Wage Stagnation And Buyer Power: How Buyer-Supplier Relations Affect U.s. Workers’ Wages, 1978 To 2014	DARPA SCORE / COS claims	candidate_child_numeric_row	coded_with_schema_gaps	data/raw/corpus_candidates/score/extracted_claims.csv	a86ba837b95738f3cb6d876cd9b0ab86db540208fb8eb89c0fa2d5f47829f60a	external_corpus_mirror	10.1177/0003122418762441							tyner2026	10.31222/osf.io/b7x8f_v1	https://doi.org/10.31222/osf.io/b7x8f\_v1	Investigating the replicability of the social and behavioural sciences	https://doi.org/10.31222/osf.io/b7x8f_v1						not_needed_or_not_attempted		https://doi.org/10.1177/0003122418762441	doi	represented_work_identifier_in_source_row	literal_number_from_external_corpus_mirror	not_yet	Real-world handle found, but the numeric result still needs original/source verification.	4	target_source_independently_grounded	false	false	true	true	true	false
sr_6c8fbd0ac45b	plot2::PP-53-1-153	metaBUS open Bosco subset	candidate_child_numeric_row	coded_with_schema_gaps	data/raw/corpus_candidates/metabus/Ver2-08_MasterDB_JAP-PPsych_1980-2010.xlsx	6ddc9c27ad135da96a982ed20004713fe4904741e34caee71828d7efbce9df1b	external_corpus_mirror								bosco2020metabus	10.1177/2515245919882693	https://doi.org/10.1177/2515245919882693	Advancing Meta-Analysis With Knowledge-Management Platforms: Using metaBUS in Psychology	https://doi.org/10.1177/2515245919882693	10.1111/j.1744-6570.2000.tb00198.x	DEVELOPMENT OF A GLOBAL MEASURE OF PERSONALITY	35.89969		metabus_journal_volume_issue_page	candidate_high_similarity	https://api.crossref.org/works?rows=1&query.bibliographic=Personnel+Psychology+2000.0+53+1+153	https://doi.org/10.1111/j.1744-6570.2000.tb00198.x	crossref_doi	represented_work_crossref_resolved	literal_number_from_external_corpus_mirror	not_yet	Real-world handle found, but the numeric result still needs original/source verification.	4	target_source_independently_grounded	false	false	true	true	true	false
sr_df148fcf0ce2	Phase 3 psoriatic_arthritis trial: Brodalumab 140 mg + csDMARD versus Brodalumab Placebo + csDMARD	Kerschbaumer 2020 rheumatology phase II/III	replication_pair_source_row	coded_with_schema_gaps	data/derived/replication_pairs/harvest/staged/kerschbaumer_2020_rheumatology_phase2_phase3__stage.csv	41a096d5caeb7b8416dc2c101c0eefb355ad7bfa6cadc50bdf0660a0665bc143	internal_derived_table								internalKerschbaumerPhaseIiIiiRheumatology		https://www.rexdouglass.com	Kerschbaumer 2020 rheumatology phase II/III extraction table	https://www.rexdouglass.com	10.1177/247553031600100201	Letter regarding Phase 3 Studies Comparing Brodalumab with Ustekinumab in Psoriasis		0.386	title_year_journal	candidate_low_similarity	https://api.crossref.org/works?rows=1&query.bibliographic=Phase+2+psoriatic_arthritis+trial%3A+Brodalumab+140+mg+%2B+csDMARD+versus+Brodalumab+Placebo+%2B+csDMARD	https://doi.org/10.1177/247553031600100201	crossref_doi	represented_work_crossref_candidate_low_similarity	literal_number_from_internal_derived_table	not_yet	Real-world handle found, but the numeric result still needs original/source verification.	4	target_source_independently_grounded	false	false	true	false	true	false
sr_d3539c7b3ccb	Genomics of perivascular space burden unravels early mechanisms of cerebral small vessel disease.	gwas_catalog	candidate_child_numeric_row	coded_with_schema_gaps	data/raw/corpus_candidates/gwas_catalog/gwas-catalog-download-associations-alt-full.tsv	d54e13c7e17b4809c5d57202a5c76b8315dc5beb6e154377255df1de550fc8d2	external_corpus_mirror		37069360						yengo2022	10.1038/s41586-022-05275-y	https://doi.org/10.1038/s41586-022-05275-y	A saturated map of common genetic variants associated with human height	https://doi.org/10.1038/s41586-022-05275-y						not_needed_or_not_attempted		https://pubmed.ncbi.nlm.nih.gov/37069360/	pmid	represented_work_identifier_in_source_row	literal_number_from_external_corpus_mirror	not_yet	Real-world handle found, but the numeric result still needs original/source verification.	4	target_source_independently_grounded	false	false	true	true	true	false
sr_b60e3b988d3b	Researchers showed images to the adolescents with anorexia nervosa and adolescents with major depression to make decisions on the nature of the stimulus presented. They had to indicate which emotion (happy, sad, afraid, angry, or neutral) the face expressed.	FReD filtered pair table	replication_pair_source_row	coded_with_schema_gaps	data/raw/replication_projects/fred/FReD.xlsx	59545e3fc0c2979d97507097526319ec8c275aae3ac40c0d1a6d327492079e6b	mirrored_replication_project	10.1016/j.psychres.2017.09.048 | 10.1002/erv.3103							tosh2024	10.1090/noti3044	https://doi.org/10.1090/noti3044	The Piranha Problem: Large Effects Swimming in a Small Pond	https://doi.org/10.1090/noti3044						not_needed_or_not_attempted		https://doi.org/10.1016/j.psychres.2017.09.048	doi	represented_work_identifier_in_source_row	literal_number_from_replication_project_table	not_yet	Real-world handle found, but the numeric result still needs original/source verification.	4	target_source_independently_grounded	false	false	true	true	true	false
sr_3fcd19c120b1	Log-transformed (Log) 28-day Seizure Rate for All Primary Generalized Tonic-Clonic (PGTC) Seizures During 12-Week Double-Blind Treatment Phase	ctgov_finer_grained_kg	candidate_child_numeric_row	coded_with_schema_gaps	data/raw/corpus_candidates/ctgov_kg/efficacy_df.csv	b41c171dad525c18cd25b9df1429a9590282e9cb91fbcf606b72ef00d7222af1	external_corpus_mirror				NCT01747915				du2024	10.6084/m9.figshare.24225166	https://doi.org/10.6084/m9.figshare.24225166	Clinical trials efficacy results dataset (derivative of AACT)	https://doi.org/10.6084/m9.figshare.24225166						not_needed_or_not_attempted		https://clinicaltrials.gov/study/NCT01747915	nct	registry_identifier_nct	literal_number_from_external_corpus_mirror	not_yet	NCT registry row is treated as authoritative registry source for the literal result.	4	target_source_independently_grounded	false	false	true	true	true	false
sr_a9a7d2fcc0d6	Explaining Explanations: How Legislators Explain Their Policy Positions And How Citizens React	score_cos_claims	candidate_child_numeric_row	coded_with_schema_gaps	data/raw/corpus_candidates/score/orig_outcomes.csv	325b445d0a253342eb3d2d318aa4233bcca23c16866b5c1cc2733bab8f26478f	external_corpus_mirror	10.1111/ajps.12164							tyner2026	10.31222/osf.io/b7x8f_v1	https://doi.org/10.31222/osf.io/b7x8f\_v1	Investigating the replicability of the social and behavioural sciences	https://doi.org/10.31222/osf.io/b7x8f_v1						not_needed_or_not_attempted		https://doi.org/10.1111/ajps.12164	doi	represented_work_identifier_in_source_row	literal_number_from_external_corpus_mirror	not_yet	Real-world handle found, but the numeric result still needs original/source verification.	4	target_source_independently_grounded	false	false	true	true	true	false
sr_be4fa916ebbe	Religious beliefs and behavior: Cognitive orientation towards spirituality - C	LOOPR coding workbook	replication_pair_source_row	coded_with_schema_gaps	data/raw/replication_projects/loopr/Replication coding and results.xlsx	f856cddcfb022b260e79b054beac19bfdd867a1f4eb634b50fbdd6ef8c0abe7f	mirrored_replication_project								soto2019loopr	10.1177/0956797619831612	https://doi.org/10.1177/0956797619831612	How Replicable Are Links Between Personality Traits and Consequential Life Outcomes? The Life Outcomes of Personality Replication Project	https://doi.org/10.1177/0956797619831612	10.1111/1467-6494.t01-1-00094	Spirituality: Description, Measurement, and Relation to the Five Factor Model of Personality		1.000	title_year_journal	candidate_high_similarity	https://api.crossref.org/works?rows=1&query.bibliographic=MacDonald%2C+D.+A.+%282000%29.+Spirituality%3A+Description%2C+measurement%2C+and+relation+to+the+five+factor+model+of+personality.+Journal+of+Personality%2C+68%2C+153-197.	https://doi.org/10.1111/1467-6494.t01-1-00094	crossref_doi	represented_work_crossref_resolved	literal_number_from_replication_project_table	not_yet	Real-world handle found, but the numeric result still needs original/source verification.	4	target_source_independently_grounded	false	false	true	true	true	false
sr_e2cb991d651a	Garry et al. (2008) co-witness memory distortion original New Zealand study	Eyewitness ten-country paper table rescue	replication_pair_source_row	coded_with_schema_gaps	data/raw/replication_projects/lead_harvest/eyewitness_ten_countries_2018/eyewitness_ten_country_accepted_manuscript_figure3.csv	391f280a47e49815b6b4317802ab17aa4ec6cf8d9e32d32b9dbb88a9d5be1106	mirrored_replication_project	10.1016/j.jarmac.2018.09.004							ito2018eyewitnessTenCountries	10.1016/j.jarmac.2018.09.004	https://doi.org/10.1016/j.jarmac.2018.09.004	Eyewitness Memory Distortion Following Co-Witness Discussion: A Replication of Garry, French, Kinzett, and Mori (2008) in Ten Countries	https://doi.org/10.1016/j.jarmac.2018.09.004						not_needed_or_not_attempted		https://doi.org/10.1016/j.jarmac.2018.09.004	doi	represented_work_identifier_in_source_row	literal_number_from_replication_project_table	not_yet	Real-world handle found, but the numeric result still needs original/source verification.	4	target_source_independently_grounded	false	false	true	true	true	false
sr_76a99a771018	Time to Resolution of Acute Respiratory Viral Infection (ARVI) Symptoms	ClinicalTrials.gov phase-2+ primary randomized registry rows	raw_ctgov_registry_row	fully_coded	data/raw/corpus_candidates/ctgov_kg/efficacy_df.csv	b41c171dad525c18cd25b9df1429a9590282e9cb91fbcf606b72ef00d7222af1	external_corpus_mirror				NCT04244084				du2024	10.6084/m9.figshare.24225166	https://doi.org/10.6084/m9.figshare.24225166	Clinical trials efficacy results dataset (derivative of AACT)	https://doi.org/10.6084/m9.figshare.24225166						not_needed_or_not_attempted		https://clinicaltrials.gov/study/NCT04244084	nct	registry_identifier_nct	literal_number_from_registry_mirror	yes	NCT registry row is treated as authoritative registry source for the literal result.	6	original_number_extracted	true	true	true	true	false	true
sr_4018aa63d523	https://osf.io/8j9cg/	RPP canonical OSF csv	replication_pair_source_row	coded_with_schema_gaps	data/raw/replication_projects/rpp/rpp_data_osf.csv	4d87a2636181d8e31230422854cf0fabeaecd2f1b47a59627482c05a2b56d54d	mirrored_replication_project					https://osf.io/8j9cg/			collaboration2015	10.1126/science.aac4716	https://doi.org/10.1126/science.aac4716	Estimating the reproducibility of psychological science	https://doi.org/10.1126/science.aac4716	10.1037/0278-7393.34.1.230	Accelerated relearning after retrieval-induced forgetting: The benefit of being forgotten.		1.000	title_year_journal	candidate_high_similarity	https://api.crossref.org/works?rows=1&query.bibliographic=Accelerated+relearning+after+retrieval-induced+forgetting%3A+The+benefit+of+being+forgotten.	https://doi.org/10.1037/0278-7393.34.1.230	crossref_doi	represented_work_crossref_resolved	literal_number_from_replication_project_table	not_yet	Real-world handle found, but the numeric result still needs original/source verification.	4	target_source_independently_grounded	false	false	true	true	true	false
sr_1ffcb30d1c76	"""Participants cheated more frequently after reading the anti-free-will essay than after reading the control essay"""	RPP canonical OSF csv	replication_pair_source_row	coded_with_schema_gaps	data/raw/replication_projects/rpp/rpp_data_osf.csv	4d87a2636181d8e31230422854cf0fabeaecd2f1b47a59627482c05a2b56d54d	mirrored_replication_project					https://osf.io/i29mh/			collaboration2015	10.1126/science.aac4716	https://doi.org/10.1126/science.aac4716	Estimating the reproducibility of psychological science	https://doi.org/10.1126/science.aac4716	10.1111/j.1467-9280.2008.02045.x	The Value of Believing in Free Will		1.000	title_year_journal	candidate_high_similarity	https://api.crossref.org/works?rows=1&query.bibliographic=The+value+of+believing+in+free+will%3A+Encouraging+a+belief+in+determinism+increases+cheating.	https://doi.org/10.1111/j.1467-9280.2008.02045.x	crossref_doi	represented_work_crossref_resolved	literal_number_from_replication_project_table	not_yet	Real-world handle found, but the numeric result still needs original/source verification.	4	target_source_independently_grounded	false	false	true	true	true	false
sr_5b1a0fc622e3	F(1,117)=127.07	Boyce student replication corpus	replication_pair_source_row	coded_with_schema_gaps	data/raw/replication_projects/boyce_student/boyce_2023_data.csv	f646d679a792f34dcbb7c1a3d221e2359bf7851ffa1299f9def8215dffa61170	mirrored_replication_project								boyce2023studentreplication	10.1098/rsos.231240	https://doi.org/10.1098/rsos.231240	Eleven years of student replication projects provide evidence on the correlates of replicability in psychology	https://doi.org/10.1098/rsos.231240	10.1037/a0030836	Predicting persons' versus a person's goodness: Behavioral forecasts diverge for individuals versus populations.		1.000	boyce_target_lastauthor_year_manual_crossref	source_specific_high_confidence	Boyce student-replication corpus gives only target_lastauthor_year=critcher2013; Crossref resolves the matching Critcher article.	https://doi.org/10.1037/a0030836	crossref_doi	represented_work_source_specific_resolved	literal_number_from_replication_project_table	not_yet	Real-world handle found, but the numeric result still needs original/source verification.	4	target_source_independently_grounded	false	false	true	true	true	false
sr_29a6bfd3a748	Complete Heartburn Relief During the First Full 24-Hour Period in the ITT Population.	ClinicalTrials.gov phase-2+ primary randomized registry rows	raw_ctgov_registry_row	fully_coded	data/raw/corpus_candidates/ctgov_kg/efficacy_df.csv	b41c171dad525c18cd25b9df1429a9590282e9cb91fbcf606b72ef00d7222af1	external_corpus_mirror				NCT00236184				du2024	10.6084/m9.figshare.24225166	https://doi.org/10.6084/m9.figshare.24225166	Clinical trials efficacy results dataset (derivative of AACT)	https://doi.org/10.6084/m9.figshare.24225166						not_needed_or_not_attempted		https://clinicaltrials.gov/study/NCT00236184	nct	registry_identifier_nct	literal_number_from_registry_mirror	yes	NCT registry row is treated as authoritative registry source for the literal result.	6	original_number_extracted	true	true	true	true	false	true
sr_1c71871780ff	plot2::PP-63-2-439	metaBUS open Bosco subset	candidate_child_numeric_row	coded_with_schema_gaps	data/raw/corpus_candidates/metabus/Ver2-08_MasterDB_JAP-PPsych_1980-2010.xlsx	6ddc9c27ad135da96a982ed20004713fe4904741e34caee71828d7efbce9df1b	external_corpus_mirror								bosco2020metabus	10.1177/2515245919882693	https://doi.org/10.1177/2515245919882693	Advancing Meta-Analysis With Knowledge-Management Platforms: Using metaBUS in Psychology	https://doi.org/10.1177/2515245919882693	10.1111/peps.2010.63.issue-2		34.706547		metabus_journal_volume_issue_page	candidate_high_similarity	https://api.crossref.org/works?rows=1&query.bibliographic=Personnel+Psychology+2010.0+63+2+439	https://doi.org/10.1111/peps.2010.63.issue-2	crossref_doi	represented_work_crossref_resolved	literal_number_from_external_corpus_mirror	not_yet	Real-world handle found, but the numeric result still needs original/source verification.	4	target_source_independently_grounded	false	false	true	true	true	false
sr_1ba37b2938cd	Aflibercept versus placebo in combination with docetaxel and prednisone for treatment of men with metastatic castration-resistant prostate cancer (VENICE): a phase 3, double-blind randomised trial.	CliniFact published primary pairs	candidate_child_numeric_row	coded_with_schema_gaps	data/derived/publication_bias_direct/clinifact_publication_registry_pairs.csv	34d37f535ea964d068cc2c4335652447b8a6bb3321809b6289e9577401566919	internal_derived_table		23742877		NCT00519285				zhang2025clinifact	10.1038/s41597-025-04417-x	https://doi.org/10.1038/s41597-025-04417-x	A Dataset for Evaluating Clinical Research Claims in Large Language Models	https://doi.org/10.1038/s41597-025-04417-x						not_needed_or_not_attempted		https://clinicaltrials.gov/study/NCT00519285	nct	registry_identifier_nct	literal_number_from_internal_derived_table	not_yet	NCT registry row is treated as authoritative registry source for the literal result.	4	target_source_independently_grounded	false	false	true	false	true	false
sr_0a4728aa6abf	Rodríguez-Lara and Moreno-Garrido (2011)	SCORE analyst join	replication_pair_source_row	coded_with_schema_gaps	data/raw/corpus_candidates/score/orig_outcomes.csv	325b445d0a253342eb3d2d318aa4233bcca23c16866b5c1cc2733bab8f26478f	external_corpus_mirror	10.1007/s10683-011-9295-3							tyner2026	10.31222/osf.io/b7x8f_v1	https://doi.org/10.31222/osf.io/b7x8f\_v1	Investigating the replicability of the social and behavioural sciences	https://doi.org/10.31222/osf.io/b7x8f_v1						not_needed_or_not_attempted		https://doi.org/10.1007/s10683-011-9295-3	doi	represented_work_identifier_in_source_row	literal_number_from_external_corpus_mirror	not_yet	Real-world handle found, but the numeric result still needs original/source verification.	4	target_source_independently_grounded	false	false	true	true	true	false
