source_id	source_type	source_role_in_sample	title	citation_key	citation_ref	citation_rendered	bibtex_file	doi	url	notes
src_du2024	database_or_registry	extraction_source	ClinicalTrials.gov phase-2+ primary randomized registry rows	du2024	@du2024	Du, J., Shi, X (2024). Clinical trials efficacy results dataset (derivative of AACT). Figshare. doi:10.6084/m9.figshare.24225166.	docs/references.bib			Parent/corpus/source-family record inferred from plot_dot_membership.tsv.
work_nct_nct01606124	registry_trial_or_result	represented_source	Percent Change in Rectal ACF, Pre- and Post Intervention at 6 Months							Represented research work/result inferred from plot_dot_membership.tsv. Synthetic dot-level audit citations are kept on source_result rows as generated_result_* fields, not as represented-source bibliographic citations.
src_ying2023pilot	source_family_or_collection	extraction_source	Ying 2023 manual partial reconstruction	ying2023pilot	@ying2023pilot	Ying, Xiangji and Ehrhardt, Stephan (2023). Pilot trials may improve the quality of full-scale trials: a meta-research study. Journal of Clinical Epidemiology. doi:10.1016/j.jclinepi.2023.06.017.	docs/references.bib			Parent/corpus/source-family record inferred from plot_dot_membership.tsv.
work_title_weight_loss_maintenance_weight_regain	paper_like_work	represented_source	Weight-loss maintenance / weight regain							Represented research work/result inferred from plot_dot_membership.tsv. Synthetic dot-level audit citations are kept on source_result rows as generated_result_* fields, not as represented-source bibliographic citations.
src_tyner2026	corpus_or_database	extraction_source	SCORE	tyner2026	@tyner2026	Tyner, Andrew Harold and Abatayo, Anna Lou and Daley, Macie and Field, Samuel and Fox, Nicholas William and Haber, Noah and Hahn, Krystal and Kline Struhl, Melissa and Mawhinney, Brinna and Miske, Olivia and Silverstein, Priya and Soderberg, Courtney K. and Stankov, Theresa and Abbasi, Ahmed and Aberson, Chris and Aczel, Balazs and Adamkovic, Matus and Albayrak, Nihan and Allen, Peter and Andreychik, Michael and Awtrey, Eli C. and Axxe, Erick and Azevedo, Flavio Souza and Bader, Miles and Bago, Bence and Bailey, James and Bakker, Marjan and Baník, Gabriel and Banks, George Christopher and Baskin, Ernest and Behr, Sophie M. and Berente, Nicholas and Berry, Zachariah and Bialkowski, Jedrzej and Bodroža, Bojana and Boeschoten, Laura and Bognar, Miklos and Bokhove, Christian and Bonfiglio, Diane B. V. and Bouwman, Robin B and Brady, Timothy F. and Braithwaite, Scott R. and Jiménez, Gabriel Briceño and Brick, Cameron and Bricka, Traci and Briker, Roman and Brown, Annette Nicole and Brown, Gordon David Alexander and van Aert, Robbie Cornelis Maria and Caldwell, Kathryn and Capitan, Sara and Capitán, Tabaré and Chandler, Jesse J. and Charles, Tessa and Chartier, Christopher R. and Chawdhary, Rahul and Cheng, Kent Jason Go and Chopik, William J. and Clark, Bruce and Colvin, Victoria E. and Comer, Christine Cozette and Costantini, Giulio and Coupe, Tom and Cummins, Jamie and Czernatowicz-Kukuczka, Aneta and de Leeuw, Joshua R and Dobolyi, David and Druckman, James and Duan, Jianhua and Dujmović, Marin and Dunleavy, Daniel J. and Durkee, Patrick and Emery, Cécile and Esterling, Kevin and Evans, Thomas Rhys and Fedor, Anna and Fernández, Belén and Fiala, Nathan and Field, James G. and Fong, Nathan and Fonseca, Miguel and Freeman, Alexandra LJ and Freese, Jeremy and Geiger, Sandra Jeanette and Geng, Jing and Getz, Laura Marie and Geven, Linda and Gleibs, Ilka Helene and Gonzales, Donna Pamella and Gooty, Janaki and Gourdon-Kanhukamwe, Amélie and Greculescu, Cristina and Griffin, Siobhan and Grigoryan, Lusine and Grunow, Martina and Gunby, Nicholas and Hall, Braeden Forrester and Hanel, Paul H. P. and Hannon, Erin and Harper, Sam and Held, Marco Juergen and Hickman, Louis and Higgins, Nathan C. and Hippel, Svenja and Hoeppner, Sven and Hong, Sanghyun and Hostler, Tom and Inzlicht, Michael and Izydorczak, Kamil and Jaeger, Bastian and Jankowsky, Kristin and Jarke-Neuert, Johannes and Jensen, Matthew and Jokic, Biljana and Jolles, Daniel and Jolly, Phillip and Jones, Angela and Juanchich, Marie and Kačmár, Pavol and Kapoor, Hansika and Keljanovic, Andjela and Koirala, Samjhana and Kołczyńska, Marta and Kouroupaki, Dimitra and Kühnen, Ulrich and Landgrave, Michelangelo Geovanny and Larson, Michael J. and Laulié, Lyonel and Lawrence, Alice Charlotte Emily and Le Forestier, Joel Michel and Leahy, Katelin E. and Lee, Sungmok and Leslie, Jared and Lewis, Savannah C. and Limnios, Angelo Christopher and Lin, Hause and Liu, An-Chiao and Lloyd, John Wills and Ludvig, Elliot Andrew and Lynott, Dermot and MacDonald, Jordan and Mallik, Peter Robert and Mallinson, Daniel J. and Marinazzo, Daniele and Martarelli, Corinna and Matacotta, Joshua Jason and McBride, Andrew and McHugh, Cillian and McMillan, Gail and Méndez-Chacón, Esteban and Metzger, Mitchell and Michaelides, Michalis and Michalak, Johannes and Micheli, Leticia and Miller, Jeremy K. and Milyavskaya, Marina and Molden, Daniel C. and Monjaras, Ambar and Moreau, David and Morrow, Audrey and Moya, Cristóbal and Mudrik, Liad and Mulder, Laetitia B. and Munt, Katie A and Nandi, Arijit and Nason, Kathryn and Nast, Carolin and Nave, Gideon and Nax, Heinrich H and Neubauer, Florian and Nguyen, Phuong Linh Le and Nichols, Austin Lee and Nilsonne, Gustav and O'Boyle, Ernest and Oettinghaus, Jule and Oh, Jeewon and Oshana, Adoril and Ostermann, Thomas and Ostrowski, Rachel P. and OYEBANJO, Abiola and Panczak, Radoslaw and Patrianakos, Jamie and Pavez, Ignacio and Pavlov, Yuri and Persson, Sofia and Perugini, Marco and Peters, Kim and Pieters, Constant and Ponizovskiy, Vladimir and Porter, Nathaniel D and Purić, Danka and Purol, Mariah and Puthillam, Arathy and Quinn, Kimberly and Ramljak, Marco and Reed, W. Robert and Ritchie, Michaela and Ritzau, Margaret and Roche, Sean Patrick and Rodela, Romina and Röer, Jan Philipp and Ropovik, Ivan and Rothschild, Jacob and Saal, Justine and Safadi, Hani and Samaha, Jason and Sanchez, Mary and Sankaran, Soorya and Santos, David and Sargent, Amanda and Sauter, Marian and Schmidt, Kathleen and Schnabel, Landon and Schroeder, Amber and Schuetz, Sebastian W and Schulte-Mecklenbeck, Michael and Schütz, Astrid and Sevigny, Eric L. and Shackleton, Ellie and Shafranek, Richard and Shaki, Samuel and Shakya, Shishir and Sirota, Miroslav and Sisco, Matthew Ryan and Sitnikov, Maksim and Slevc, L. Robert and Smalarz, Laura and Smith, Colin and Snyder, Joel S. and Sommet, Nicolas and Sonmez, Fatih and Spellman, Bobbie and Stanulewicz-Buckley, Natalia and Stock, George and Street, Chris N. H. and Strømland, Eirik André and Sundelin, Tina and Syed, Moin and Szabelska, Anna and Szaszi, Barnabas and Szumowska, Ewa and Tagat, Anirudh and Täuber, Susanne and Tay, Louis and Thapa, Stuti and Thatcher, Jason and Tsaklakidou, Domna and Tummers, Lars and Turkovich, Elise and Tutor, Melba and Urbanska, Karolina and van 't Veer, Anna Elisabeth and van Assen, Marcel A. L. M. and van de Ven, Niels and Van den Goorbergh, Ruben and Vargo, Elisabeth Julie and Vaughn, Leigh Ann and Vazire, Simine and Vermeulen, Jentien and Vo, Diem Thi Hong and Volkman, Victor and Wagenmakers, Eric-Jan and Wagner, Deliah and Walasek, Lukasz and Walter, Frank and Warmelink, Lara and Wei, Liuqing and Weißflog, Marie Isabelle and Weller, Nicholas and Wichman, Aaron Lee and Wilbiks, Jonathan and Williams, Jamal Rodgers and Wolfe, Kelly and Wort, Finnian and Wright, Ryan and Wulff, Jesper N. and xue, XINDONG and Yan, Veronica X. and Yang, Yuzhi and Yoon, Sangsuk and Zezelj, Iris and Zhang, Yinxian and Ziano, Ignazio and Zogmaister, Cristina and Zupan, Zorana and Zwaan, Rolf A. and Nosek, Brian A. and Errington, Timothy M. (2026). Investigating the replicability of the social and behavioural sciences. Center for Open Science. doi:10.31222/osf.io/b7x8f_v1.	docs/references.bib			Parent/corpus/source-family record inferred from plot_dot_membership.tsv.
work_title_shoppers_acceptance_and_perceptions_of_electronic_shelf_labels	paper_like_work	represented_source	Shoppers' Acceptance And Perceptions Of Electronic Shelf Labels							Represented research work/result inferred from plot_dot_membership.tsv. Synthetic dot-level audit citations are kept on source_result rows as generated_result_* fields, not as represented-source bibliographic citations.
src_bosco2020metabus	source_family_or_collection	extraction_source	metaBUS open Bosco subset	bosco2020metabus	@bosco2020metabus	Bosco, Frank A. and Field, James G. and Larsen, Kai R. and Chang, Yingyi and Uggerslev, Krista L. (2019). Advancing Meta-Analysis With Knowledge-Management Platforms: Using metaBUS in Psychology. Advances in Methods and Practices in Psychological Science. doi:10.1177/2515245919882693.	docs/references.bib			Parent/corpus/source-family record inferred from plot_dot_membership.tsv.
work_title_jap_79_5_691	paper_like_work	represented_source	JAP-79-5-691							Represented research work/result inferred from plot_dot_membership.tsv. Synthetic dot-level audit citations are kept on source_result rows as generated_result_* fields, not as represented-source bibliographic citations.
work_nct_nct00373113	registry_trial_or_result	represented_source	Progression-Free Survival (PFS)							Represented research work/result inferred from plot_dot_membership.tsv. Synthetic dot-level audit citations are kept on source_result rows as generated_result_* fields, not as represented-source bibliographic citations.
work_nct_nct00676650	registry_trial_or_result	represented_source	Overall Survival (OS)							Represented research work/result inferred from plot_dot_membership.tsv. Synthetic dot-level audit citations are kept on source_result rows as generated_result_* fields, not as represented-source bibliographic citations.
src_schaefer2019meaningfulness	source_family_or_collection	extraction_source	Schäfer/Schwarz preregistered psychology articles	schaefer2019meaningfulness	@schaefer2019meaningfulness	Schäfer, Thomas and Schwarz, Marcus A. (2019). The Meaningfulness of Effect Sizes in Psychological Research: Differences Between Sub-Disciplines and the Impact of Potential Biases. Frontiers in Psychology. doi:10.3389/fpsyg.2019.00813.	docs/references.bib			Parent/corpus/source-family record inferred from plot_dot_membership.tsv.
work_title_2016_preregistered_key_question_effect_schaefer_2019_preg_81	paper_like_work	represented_source	2016 preregistered key-question effect (schaefer_2019_preg_81)							Represented research work/result inferred from plot_dot_membership.tsv. Synthetic dot-level audit citations are kept on source_result rows as generated_result_* fields, not as represented-source bibliographic citations.
src_yengo2022	source_family_or_collection	extraction_source	gwas_catalog	yengo2022	@yengo2022	Yengo, Loïc and Vedantam, Sailaja and Marouli, Eirini and Sidorenko, Julia and Bartell, Eric and Sakaue, Saori and Graff, Marielisa and Eliasen, Anders U. and Jiang, Yunxuan and Raghavan, Sridharan and Miao, Jenkai and Arias, Joshua D. and Graham, Sarah E. and Mukamel, Ronen E. and Spracklen, Cassandra N. and Yin, Xianyong and Chen, Shyh-Huei and Ferreira, Teresa and Highland, Heather H. and Ji, Yingjie and Karaderi, Tugce and Lin, Kuang and Lüll, Kreete and Malden, Deborah E. and Medina-Gomez, Carolina and Machado, Moara and Moore, Amy and Rüeger, Sina and Sim, Xueling and Vrieze, Scott and Ahluwalia, Tarunveer S. and Akiyama, Masato and Allison, Matthew A. and Alvarez, Marcus and Andersen, Mette K. and Ani, Alireza and Appadurai, Vivek and Arbeeva, Liubov and Bhaskar, Seema and Bielak, Lawrence F. and Bollepalli, Sailalitha and Bonnycastle, Lori L. and Bork-Jensen, Jette and Bradfield, Jonathan P. and Bradford, Yuki and Braund, Peter S. and Brody, Jennifer A. and Burgdorf, Kristoffer S. and Cade, Brian E. and Cai, Hui and Cai, Qiuyin and Campbell, Archie and Cañadas-Garre, Marisa and Catamo, Eulalia and Chai, Jin-Fang and Chai, Xiaoran and Chang, Li-Ching and Chang, Yi-Cheng and Chen, Chien-Hsiun and Chesi, Alessandra and Choi, Seung Hoan and Chung, Ren-Hua and Cocca, Massimiliano and Concas, Maria Pina and Couture, Christian and Cuellar-Partida, Gabriel and Danning, Rebecca and Daw, E. Warwick and Degenhard, Frauke and Delgado, Graciela E. and Delitala, Alessandro and Demirkan, Ayse and Deng, Xuan and Devineni, Poornima and Dietl, Alexander and Dimitriou, Maria and Dimitrov, Latchezar and Dorajoo, Rajkumar and Ekici, Arif B. and Engmann, Jorgen E. and Fairhurst-Hunter, Zammy and Farmaki, Aliki-Eleni and Faul, Jessica D. and Fernandez-Lopez, Juan-Carlos and Forer, Lukas and Francescatto, Margherita and Freitag-Wolf, Sandra and Fuchsberger, Christian and Galesloot, Tessel E. and Gao, Yan and Gao, Zishan and Geller, Frank and Giannakopoulou, Olga and Giulianini, Franco and Gjesing, Anette P. and Goel, Anuj and Gordon, Scott D. and Gorski, Mathias and Grove, Jakob and Guo, Xiuqing and Gustafsson, Stefan and Haessler, Jeffrey and Hansen, Thomas F. and Havulinna, Aki S. and Haworth, Simon J. and He, Jing and Heard-Costa, Nancy and Hebbar, Prashantha and Hindy, George and Ho, Yuk-Lam A. and Hofer, Edith and Holliday, Elizabeth and Horn, Katrin and Hornsby, Whitney E. and Hottenga, Jouke-Jan and Huang, Hongyan and Huang, Jie and Huerta-Chagoya, Alicia and Huffman, Jennifer E. and Hung, Yi-Jen and Huo, Shaofeng and Hwang, Mi Yeong and Iha, Hiroyuki and Ikeda, Daisuke D. and Isono, Masato and Jackson, Anne U. and Jäger, Susanne and Jansen, Iris E. and Johansson, Ingegerd and Jonas, Jost B. and Jonsson, Anna and Jørgensen, Torben and Kalafati, Ioanna-Panagiota and Kanai, Masahiro and Kanoni, Stavroula and Kårhus, Line L. and Kasturiratne, Anuradhani and Katsuya, Tomohiro and Kawaguchi, Takahisa and Kember, Rachel L. and Kentistou, Katherine A. and Kim, Han-Na and Kim, Young Jin and Kleber, Marcus E. and Knol, Maria J. and Kurbasic, Azra and Lauzon, Marie and Le, Phuong and Lea, Rodney and Lee, Jong-Young and Leonard, Hampton L. and Li, Shengchao A. and Li, Xiaohui and Li, Xiaoyin and Liang, Jingjing and Lin, Honghuang and Lin, Shih-Yi and Liu, Jun and Liu, Xueping and Lo, Ken Sin and Long, Jirong and Lores-Motta, Laura and Luan, Jian’an and Lyssenko, Valeriya and Lyytikäinen, Leo-Pekka and Mahajan, Anubha and Mamakou, Vasiliki and Mangino, Massimo and Manichaikul, Ani and Marten, Jonathan and Mattheisen, Manuel and Mavarani, Laven and McDaid, Aaron F. and Meidtner, Karina and Melendez, Tori L. and Mercader, Josep M. and Milaneschi, Yuri and Miller, Jason E. and Millwood, Iona Y. and Mishra, Pashupati P. and Mitchell, Ruth E. and Møllehave, Line T. and Morgan, Anna and Mucha, Soeren and Munz, Matthias and Nakatochi, Masahiro and Nelson, Christopher P. and Nethander, Maria and Nho, Chu Won and Nielsen, Aneta A. and Nolte, Ilja M. and Nongmaithem, Suraj S. and Noordam, Raymond and Ntalla, Ioanna and Nutile, Teresa and Pandit, Anita and Christofidou, Paraskevi and Pärna, Katri and Pauper, Marc and Petersen, Eva R. B. and Petersen, Liselotte V. and Pitkänen, Niina and Polašek, Ozren and Poveda, Alaitz and Preuss, Michael H. and Pyarajan, Saiju and Raffield, Laura M. and Rakugi, Hiromi and Ramirez, Julia and Rasheed, Asif and Raven, Dennis and Rayner, Nigel W. and Riveros, Carlos and Rohde, Rebecca and Ruggiero, Daniela and Ruotsalainen, Sanni E. and Ryan, Kathleen A. and Sabater-Lleal, Maria and Saxena, Richa and Scholz, Markus and Sendamarai, Anoop and Shen, Botong and Shi, Jingchunzi and Shin, Jae Hun and Sidore, Carlo and Sitlani, Colleen M. and Slieker, Roderick C. and Smit, Roelof A. J. and Smith, Albert V. and Smith, Jennifer A. and Smyth, Laura J. and Southam, Lorraine and Steinthorsdottir, Valgerdur and Sun, Liang and Takeuchi, Fumihiko and Tallapragada, Divya Sri Priyanka and Taylor, Kent D. and Tayo, Bamidele O. and Tcheandjieu, Catherine and Terzikhan, Natalie and Tesolin, Paola and Teumer, Alexander and Theusch, Elizabeth and Thompson, Deborah J. and Thorleifsson, Gudmar and Timmers, Paul R. H. J. and Trompet, Stella and Turman, Constance and Vaccargiu, Simona and van der Laan, Sander W. and van der Most, Peter J. and van Klinken, Jan B. and van Setten, Jessica and Verma, Shefali S. and Verweij, Niek and Veturi, Yogasudha and Wang, Carol A. and Wang, Chaolong and Wang, Lihua and Wang, Zhe and Warren, Helen R. and Bin Wei, Wen and Wickremasinghe, Ananda R. and Wielscher, Matthias and Wiggins, Kerri L. and Winsvold, Bendik S. and Wong, Andrew and Wu, Yang and Wuttke, Matthias and Xia, Rui and Xie, Tian and Yamamoto, Ken and Yang, Jingyun and Yao, Jie and Young, Hannah and Yousri, Noha A. and Yu, Lei and Zeng, Lingyao and Zhang, Weihua and Zhang, Xinyuan and Zhao, Jing-Hua and Zhao, Wei and Zhou, Wei and Zimmermann, Martina E. and Zoledziewska, Magdalena and Adair, Linda S. and Adams, Hieab H. H. and Aguilar-Salinas, Carlos A. and Al-Mulla, Fahd and Arnett, Donna K. and Asselbergs, Folkert W. and Åsvold, Bjørn Olav and Attia, John and Banas, Bernhard and Bandinelli, Stefania and Bennett, David A. and Bergler, Tobias and Bharadwaj, Dwaipayan and Biino, Ginevra and Bisgaard, Hans and Boerwinkle, Eric and Böger, Carsten A. and Bønnelykke, Klaus and Boomsma, Dorret I. and Børglum, Anders D. and Borja, Judith B. and Bouchard, Claude and Bowden, Donald W. and Brandslund, Ivan and Brumpton, Ben and Buring, Julie E. and Caulfield, Mark J. and Chambers, John C. and Chandak, Giriraj R. and Chanock, Stephen J. and Chaturvedi, Nish and Chen, Yii-Der Ida and Chen, Zhengming and Cheng, Ching-Yu and Christophersen, Ingrid E. and Ciullo, Marina and Cole, John W. and Collins, Francis S. and Cooper, Richard S. and Cruz, Miguel and Cucca, Francesco and Cupples, L. Adrienne and Cutler, Michael J. and Damrauer, Scott M. and Dantoft, Thomas M. and de Borst, Gert J. and de Groot, Lisette C. P. G. M. and De Jager, Philip L. and de Kleijn, Dominique P. V. and Janaka de Silva, H. and Dedoussis, George V. and den Hollander, Anneke I. and Du, Shufa and Easton, Douglas F. and Elders, Petra J. M. and Eliassen, A. Heather and Ellinor, Patrick T. and Elmståhl, Sölve and Erdmann, Jeanette and Evans, Michele K. and Fatkin, Diane and Feenstra, Bjarke and Feitosa, Mary F. and Ferrucci, Luigi and Ford, Ian and Fornage, Myriam and Franke, Andre and Franks, Paul W. and Freedman, Barry I. and Gasparini, Paolo and Gieger, Christian and Girotto, Giorgia and Goddard, Michael E. and Golightly, Yvonne M. and Gonzalez-Villalpando, Clicerio and Gordon-Larsen, Penny and Grallert, Harald and Grant, Struan F. A. and Grarup, Niels and Griffiths, Lyn and Gudnason, Vilmundur and Haiman, Christopher and Hakonarson, Hakon and Hansen, Torben and Hartman, Catharina A. and Hattersley, Andrew T. and Hayward, Caroline and Heckbert, Susan R. and Heng, Chew-Kiat and Hengstenberg, Christian and Hewitt, Alex W. and Hishigaki, Haretsugu and Hoyng, Carel B. and Huang, Paul L. and Huang, Wei and Hunt, Steven C. and Hveem, Kristian and Hyppönen, Elina and Iacono, William G. and Ichihara, Sahoko and Ikram, M. Arfan and Isasi, Carmen R. and Jackson, Rebecca D. and Jarvelin, Marjo-Riitta and Jin, Zi-Bing and Jöckel, Karl-Heinz and Joshi, Peter K. and Jousilahti, Pekka and Jukema, J. Wouter and Kähönen, Mika and Kamatani, Yoichiro and Kang, Kui Dong and Kaprio, Jaakko and Kardia, Sharon L. R. and Karpe, Fredrik and Kato, Norihiro and Kee, Frank and Kessler, Thorsten and Khera, Amit V. and Khor, Chiea Chuen and Kiemeney, Lambertus A. L. M. and Kim, Bong-Jo and Kim, Eung Kweon and Kim, Hyung-Lae and Kirchhof, Paulus and Kivimaki, Mika and Koh, Woon-Puay and Koistinen, Heikki A. and Kolovou, Genovefa D. and Kooner, Jaspal S. and Kooperberg, Charles and Köttgen, Anna and Kovacs, Peter and Kraaijeveld, Adriaan and Kraft, Peter and Krauss, Ronald M. and Kumari, Meena and Kutalik, Zoltan and Laakso, Markku and Lange, Leslie A. and Langenberg, Claudia and Launer, Lenore J. and Le Marchand, Loic and Lee, Hyejin and Lee, Nanette R. and Lehtimäki, Terho and Li, Huaixing and Li, Liming and Lieb, Wolfgang and Lin, Xu and Lind, Lars and Linneberg, Allan and Liu, Ching-Ti and Liu, Jianjun and Loeffler, Markus and London, Barry and Lubitz, Steven A. and Lye, Stephen J. and Mackey, David A. and Mägi, Reedik and Magnusson, Patrik K. E. and Marcus, Gregory M. and Vidal, Pedro Marques and Martin, Nicholas G. and März, Winfried and Matsuda, Fumihiko and McGarrah, Robert W. and McGue, Matt and McKnight, Amy Jayne and Medland, Sarah E. and Mellström, Dan and Metspalu, Andres and Mitchell, Braxton D. and Mitchell, Paul and Mook-Kanamori, Dennis O. and Morris, Andrew D. and Mucci, Lorelei A. and Munroe, Patricia B. and Nalls, Mike A. and Nazarian, Saman and Nelson, Amanda E. and Neville, Matt J. and Newton-Cheh, Christopher and Nielsen, Christopher S. and Nöthen, Markus M. and Ohlsson, Claes and Oldehinkel, Albertine J. and Orozco, Lorena and Pahkala, Katja and Pajukanta, Päivi and Palmer, Colin N. A. and Parra, Esteban J. and Pattaro, Cristian and Pedersen, Oluf and Pennell, Craig E. and Penninx, Brenda W. J. H. and Perusse, Louis and Peters, Annette and Peyser, Patricia A. and Porteous, David J. and Posthuma, Danielle and Power, Chris and Pramstaller, Peter P. and Province, Michael A. and Qi, Qibin and Qu, Jia and Rader, Daniel J. and Raitakari, Olli T. and Ralhan, Sarju and Rallidis, Loukianos S. and Rao, Dabeeru C. and Redline, Susan and Reilly, Dermot F. and Reiner, Alexander P. and Rhee, Sang Youl and Ridker, Paul M. and Rienstra, Michiel and Ripatti, Samuli and Ritchie, Marylyn D. and Roden, Dan M. and Rosendaal, Frits R. and Rotter, Jerome I. and Rudan, Igor and Rutters, Femke and Sabanayagam, Charumathi and Saleheen, Danish and Salomaa, Veikko and Samani, Nilesh J. and Sanghera, Dharambir K. and Sattar, Naveed and Schmidt, Börge and Schmidt, Helena and Schmidt, Reinhold and Schulze, Matthias B. and Schunkert, Heribert and Scott, Laura J. and Scott, Rodney J. and Sever, Peter and Shiroma, Eric J. and Shoemaker, M. Benjamin and Shu, Xiao-Ou and Simonsick, Eleanor M. and Sims, Mario and Singh, Jai Rup and Singleton, Andrew B. and Sinner, Moritz F. and Smith, J. Gustav and Snieder, Harold and Spector, Tim D. and Stampfer, Meir J. and Stark, Klaus J. and Strachan, David P. and ‘t Hart, Leen M. and Tabara, Yasuharu and Tang, Hua and Tardif, Jean-Claude and Thanaraj, Thangavel A. and Timpson, Nicholas J. and Tönjes, Anke and Tremblay, Angelo and Tuomi, Tiinamaija and Tuomilehto, Jaakko and Tusié-Luna, Maria-Teresa and Uitterlinden, Andre G. and van Dam, Rob M. and van der Harst, Pim and Van der Velde, Nathalie and van Duijn, Cornelia M. and van Schoor, Natasja M. and Vitart, Veronique and Völker, Uwe and Vollenweider, Peter and Völzke, Henry and Wacher-Rodarte, Niels H. and Walker, Mark and Wang, Ya Xing and Wareham, Nicholas J. and Watanabe, Richard M. and Watkins, Hugh and Weir, David R. and Werge, Thomas M. and Widen, Elisabeth and Wilkens, Lynne R. and Willemsen, Gonneke and Willett, Walter C. and Wilson, James F. and Wong, Tien-Yin and Woo, Jeong-Taek and Wright, Alan F. and Wu, Jer-Yuarn and Xu, Huichun and Yajnik, Chittaranjan S. and Yokota, Mitsuhiro and Yuan, Jian-Min and Zeggini, Eleftheria and Zemel, Babette S. and Zheng, Wei and Zhu, Xiaofeng and Zmuda, Joseph M. and Zonderman, Alan B. and Zwart, John-Anker and 23andMe Research Team and Partida, Gabriel Cuellar and VA Million Veteran Program and Sun, Yan and DiscovEHR (DiscovEHR and MyCode Community Health Initiative) and eMERGE (Electronic Medical Records and Genomics Network) and Croteau-Chonka, Damien and Lifelines Cohort Study and Vonk, Judith M. and The PRACTICAL Consortium and Chanock, Stephen and Le Marchand, Loic and Understanding Society Scientific Group and Chasman, Daniel I. and Cho, Yoon Shin and Heid, Iris M. and McCarthy, Mark I. and Ng, Maggie C. Y. and O’Donnell, Christopher J. and Rivadeneira, Fernando and Thorsteinsdottir, Unnur and Sun, Yan V. and Tai, E. Shyong and Boehnke, Michael and Deloukas, Panos and Justice, Anne E. and Lindgren, Cecilia M. and Loos, Ruth J. F. and Mohlke, Karen L. and North, Kari E. and Stefansson, Kari and Walters, Robin G. and Winkler, Thomas W. and Young, Kristin L. and Loh, Po-Ru and Yang, Jian and Esko, Tõnu and Assimes, Themistocles L. and Auton, Adam and Abecasis, Goncalo R. and Willer, Cristen J. and Locke, Adam E. and Berndt, Sonja I. and Lettre, Guillaume and Frayling, Timothy M. and Okada, Yukinori and Wood, Andrew R. and Visscher, Peter M. and Hirschhorn, Joel N. (2022). A saturated map of common genetic variants associated with human height. Nature. doi:10.1038/s41586-022-05275-y.	docs/references.bib			Parent/corpus/source-family record inferred from plot_dot_membership.tsv.
work_title_host_genetic_factors_of_covid_19_susceptibility_and_disease_severi	paper_like_work	represented_source	Host genetic factors of COVID-19 susceptibility and disease severity in a Thai population.							Represented research work/result inferred from plot_dot_membership.tsv. Synthetic dot-level audit citations are kept on source_result rows as generated_result_* fields, not as represented-source bibliographic citations.
src_tosh2024	source_family_or_collection	extraction_source	FReD filtered pair table	tosh2024	@tosh2024	Tosh, Christopher and Greengard, Philip and Goodrich, Ben and Gelman, Andrew and Vehtari, Aki and Hsu, Daniel (2025). The Piranha Problem: Large Effects Swimming in a Small Pond. Notices of the American Mathematical Society. doi:10.1090/noti3044.	docs/references.bib			Parent/corpus/source-family record inferred from plot_dot_membership.tsv.
work_title_disgust_photographs_lead_to_slower_discrimination_than_frightening	paper_like_work	represented_source	Disgust photographs lead to slower discrimination than frightening photographs							Represented research work/result inferred from plot_dot_membership.tsv. Synthetic dot-level audit citations are kept on source_result rows as generated_result_* fields, not as represented-source bibliographic citations.
src_internalplot2replicationpairoriginalsbridge	source_family_or_collection	extraction_source	replication_pair_originals_bridge	internalPlot2ReplicationPairOriginalsBridge	@internalPlot2ReplicationPairOriginalsBridge	PublishedSmallNStudiesDon-tMatter project (2026). Replication-pair original-side bridge for Plot 2. https://www.rexdouglass.com	docs/references.bib			Parent/corpus/source-family record inferred from plot_dot_membership.tsv.
work_title_turri_et_al_2015_experiment_1_darrel_squirrel_knowledge_attributio	paper_like_work	represented_source	Turri et al. (2015) Experiment 1 Darrel/Squirrel knowledge attribution							Represented research work/result inferred from plot_dot_membership.tsv. Synthetic dot-level audit citations are kept on source_result rows as generated_result_* fields, not as represented-source bibliographic citations.
work_title_percentage_of_subjects_with_at_least_one_episode_of_shigellosis_ac	registry_trial_or_result	represented_source	Percentage of Subjects With at Least One Episode of Shigellosis According to the Protocol Primary Case Definition							Represented research work/result inferred from plot_dot_membership.tsv. Synthetic dot-level audit citations are kept on source_result rows as generated_result_* fields, not as represented-source bibliographic citations.
work_title_absolute_change_from_baseline_in_glycosylated_hemoglobin_hba1c_at	registry_trial_or_result	represented_source	Absolute Change From Baseline in Glycosylated Hemoglobin (HbA1c) at Week 24							Represented research work/result inferred from plot_dot_membership.tsv. Synthetic dot-level audit citations are kept on source_result rows as generated_result_* fields, not as represented-source bibliographic citations.
src_zhang2025clinifact	source_family_or_collection	extraction_source	CliniFact published primary pairs	zhang2025clinifact	@zhang2025clinifact	Zhang, Boya and Bornet, Alban and Yazdani, Anthony and Khlebnikov, Philipp and Milutinovic, Marija and Rouhizadeh, Hossein and Amini, Poorya and Teodoro, Douglas (2025). A Dataset for Evaluating Clinical Research Claims in Large Language Models. Scientific Data. doi:10.1038/s41597-025-04417-x.	docs/references.bib			Parent/corpus/source-family record inferred from plot_dot_membership.tsv.
work_title_effects_on_bone_mineral_density_of_a_monophasic_combined_oral_cont	paper_like_work	represented_source	Effects on bone mineral density of a monophasic combined oral contraceptive containing nomegestrol acetate/17β-estradiol in comparison to levonorgestrel/ethinylestradiol.							Represented research work/result inferred from plot_dot_membership.tsv. Synthetic dot-level audit citations are kept on source_result rows as generated_result_* fields, not as represented-source bibliographic citations.
work_title_jap_82_1_89	paper_like_work	represented_source	JAP-82-1-89							Represented research work/result inferred from plot_dot_membership.tsv. Synthetic dot-level audit citations are kept on source_result rows as generated_result_* fields, not as represented-source bibliographic citations.
src_masur2025privacy	source_family_or_collection	extraction_source	Other direct replications	masur2025privacy	@masur2025privacy	Masur, Philipp K. and Ranzini, Giulia (2025). Privacy calculus, privacy paradox, and context collapse: A replication of three key studies in communication privacy research. Journal of Communication. doi:10.1093/joc/jqaf007.	docs/references.bib			Parent/corpus/source-family record inferred from plot_dot_membership.tsv.
work_doi_10_1093_joc_jqaf007	paper	represented_source	Privacy calculus/privacy paradox/context collapse replication (Vitak model)					10.1093/joc/jqaf007		Represented research work/result inferred from plot_dot_membership.tsv. Synthetic dot-level audit citations are kept on source_result rows as generated_result_* fields, not as represented-source bibliographic citations.
src_woodhoyprykechinaaiddataverse	source_family_or_collection	extraction_source	Wood Hoy Pryke China-aid attitudes preregistered survey experiment	woodHoyPrykeChinaAidDataverse	@woodHoyPrykeChinaAidDataverse	Wood, Terence and Hoy, Christopher and Pryke, Jonathan (2023). Replication Data for: The effect of geostrategic competition on public attitudes to aid. Harvard Dataverse. doi:10.7910/DVN/3VVWPL.	docs/references.bib			Parent/corpus/source-family record inferred from plot_dot_membership.tsv.
work_title_china_aid_attitudes_survey_experiment_paper_median_of_3_preregiste	paper_like_work	represented_source	China-aid attitudes survey experiment - paper median of 3 preregistered result rows							Represented research work/result inferred from plot_dot_membership.tsv. Synthetic dot-level audit citations are kept on source_result rows as generated_result_* fields, not as represented-source bibliographic citations.
work_doi_10_1073_pnas_2103313118	paper	represented_source	Empirical audit and review and an assessment of evidentiary value in research on the psychological consequences of scarcity					10.1073/pnas.2103313118		Represented research work/result inferred from plot_dot_membership.tsv. Synthetic dot-level audit citations are kept on source_result rows as generated_result_* fields, not as represented-source bibliographic citations.
work_title_percent_change_in_worst_pain_score	registry_trial_or_result	represented_source	Percent Change in Worst Pain Score							Represented research work/result inferred from plot_dot_membership.tsv. Synthetic dot-level audit citations are kept on source_result rows as generated_result_* fields, not as represented-source bibliographic citations.
work_title_demographic_and_genome_wide_association_analyses_according_to_musc	paper_like_work	represented_source	Demographic and Genome Wide Association Analyses According to Muscle Mass Using Data of the Korean Genome and Epidemiology Study.							Represented research work/result inferred from plot_dot_membership.tsv. Synthetic dot-level audit citations are kept on source_result rows as generated_result_* fields, not as represented-source bibliographic citations.
work_title_some_evidence_for_the_usefulness_of_an_optimal_foraging_theory_per	claim	represented_source	Some Evidence For The Usefulness Of An Optimal Foraging Theory Perspective On Goal Conflict And Goal Facilitation.							Represented research work/result inferred from plot_dot_membership.tsv. Synthetic dot-level audit citations are kept on source_result rows as generated_result_* fields, not as represented-source bibliographic citations.
work_title_genome_wide_association_study_identifies_multiple_hla_loci_for_sar	paper_like_work	represented_source	Genome-wide association study identifies multiple HLA loci for sarcoidosis susceptibility.							Represented research work/result inferred from plot_dot_membership.tsv. Synthetic dot-level audit citations are kept on source_result rows as generated_result_* fields, not as represented-source bibliographic citations.
work_title_antipsychotic_efficacy	registry_trial_or_result	represented_source	Antipsychotic Efficacy							Represented research work/result inferred from plot_dot_membership.tsv. Synthetic dot-level audit citations are kept on source_result rows as generated_result_* fields, not as represented-source bibliographic citations.
work_title_a_genome_wide_association_study_identifies_two_novel_susceptible_r	paper_like_work	represented_source	A genome-wide association study identifies two novel susceptible regions for squamous cell carcinoma of the head and neck.							Represented research work/result inferred from plot_dot_membership.tsv. Synthetic dot-level audit citations are kept on source_result rows as generated_result_* fields, not as represented-source bibliographic citations.
src_button2013	source_family_or_collection	extraction_source	button_nord_neuroscience	button2013	@button2013	Button, Katherine S. and Ioannidis, John P. A. and Mokrysz, Claire and Nosek, Brian A. and Flint, Jonathan and Robinson, Emma S. J. and Munafò, Marcus R. (2013). Power failure: why small sample size undermines the reliability of neuroscience. Nature Reviews Neuroscience. doi:10.1038/nrn3475.	docs/references.bib			Parent/corpus/source-family record inferred from plot_dot_membership.tsv.
work_title_etminan_72	paper_like_work	represented_source	Etminan_72							Represented research work/result inferred from plot_dot_membership.tsv. Synthetic dot-level audit citations are kept on source_result rows as generated_result_* fields, not as represented-source bibliographic citations.
work_title_genome_wide_association_analyses_of_breast_cancer_in_women_of_afri	paper_like_work	represented_source	Genome-wide association analyses of breast cancer in women of African ancestry identify new susceptibility loci and improve risk prediction.							Represented research work/result inferred from plot_dot_membership.tsv. Synthetic dot-level audit citations are kept on source_result rows as generated_result_* fields, not as represented-source bibliographic citations.
work_title_walking_on_eggshells_how_expressing_relationship_insecurities_perp	paper_like_work	represented_source	"""Walking on eggshells"": How expressing relationship insecurities perpetuates them."							Represented research work/result inferred from plot_dot_membership.tsv. Synthetic dot-level audit citations are kept on source_result rows as generated_result_* fields, not as represented-source bibliographic citations.
work_title_genome_wide_association_studies_identify_137_genetic_loci_for_dna	paper_like_work	represented_source	Genome-wide association studies identify 137 genetic loci for DNA methylation biomarkers of aging.							Represented research work/result inferred from plot_dot_membership.tsv. Synthetic dot-level audit citations are kept on source_result rows as generated_result_* fields, not as represented-source bibliographic citations.
work_title_morphine_milligram_equivalents_mme	registry_trial_or_result	represented_source	Morphine Milligram Equivalents (MME)							Represented research work/result inferred from plot_dot_membership.tsv. Synthetic dot-level audit citations are kept on source_result rows as generated_result_* fields, not as represented-source bibliographic citations.
src_motyl2017state	source_family_or_collection	extraction_source	Motyl social/personality critical tests	motyl2017state	@motyl2017state	Motyl, Matt and Demos, Alexander P. and Carsel, Timothy S. and Hanson, Brittany E. and Melton, Zachary J. and Mueller, Allison B. and Prims, J. P. and Sun, Jiaqing and Washburn, Anthony N. and Wong, Kendal M. and Yantis, Caitlyn and Skitka, Linda J. (2017). The State of Social and Personality Science: Rotten to the Core, Not So Bad, Getting Better, or Getting Worse?. Journal of Personality and Social Psychology. doi:10.1037/pspa0000084.	docs/references.bib			Parent/corpus/source-family record inferred from plot_dot_membership.tsv.
work_title_durgin_f_h_fox_l_f_kim_d_h_2003_not_letting_the_left_leg_know_what	paper_like_work	represented_source	Durgin, F. H., Fox, L. F., & Kim, D. H. (2003). Not Letting the Left Leg Know What the Right Leg is Doing Limb-Specific Locomotor Adaptation to Sensory-Cue Conflict. Psychological Science, 14(6), 567-572.							Represented research work/result inferred from plot_dot_membership.tsv. Synthetic dot-level audit citations are kept on source_result rows as generated_result_* fields, not as represented-source bibliographic citations.
work_title_period_1_endoscopic_remission	registry_trial_or_result	represented_source	Period 1: Endoscopic Remission							Represented research work/result inferred from plot_dot_membership.tsv. Synthetic dot-level audit citations are kept on source_result rows as generated_result_* fields, not as represented-source bibliographic citations.
work_plot2_metabus_open_bosco_jap_84_3_445_3761	unknown_represented_work	represented_source								Represented research work/result inferred from plot_dot_membership.tsv. Synthetic dot-level audit citations are kept on source_result rows as generated_result_* fields, not as represented-source bibliographic citations.
work_title_the_spectrum_of_association_in_hla_region_with_rheumatoid_arthriti	paper_like_work	represented_source	The spectrum of association in HLA region with rheumatoid arthritis in a diverse Asian population: evidence from the MyEIRA case-control study.							Represented research work/result inferred from plot_dot_membership.tsv. Synthetic dot-level audit citations are kept on source_result rows as generated_result_* fields, not as represented-source bibliographic citations.
work_title_schaefer_2019_np_soc_079	paper_like_work	represented_source	schaefer_2019_np_SOC.079							Represented research work/result inferred from plot_dot_membership.tsv. Synthetic dot-level audit citations are kept on source_result rows as generated_result_* fields, not as represented-source bibliographic citations.
work_title_forest_a_l_kille_d_r_wood_j_v_holmes_j_g_2014_discount_and_disenga	paper_like_work	represented_source	Forest, A. L., Kille, D. R., Wood, J. V., & Holmes, J. G. (2014). Discount and disengage: How chronic negative expressivity undermines partner responsiveness to negative disclosures. Journal of personality and social psychology, 107(6), 1013.							Represented research work/result inferred from plot_dot_membership.tsv. Synthetic dot-level audit citations are kept on source_result rows as generated_result_* fields, not as represented-source bibliographic citations.
work_title_jap_87_1_185	paper_like_work	represented_source	JAP-87-1-185							Represented research work/result inferred from plot_dot_membership.tsv. Synthetic dot-level audit citations are kept on source_result rows as generated_result_* fields, not as represented-source bibliographic citations.
work_title_forced_expiratory_volume_in_one_second_fev1_area_under_curve_0_3_h	registry_trial_or_result	represented_source	Forced Expiratory Volume in One Second (FEV1) Area Under Curve 0-3 Hour (h) (AUC 0-3h) Response at 24 Weeks							Represented research work/result inferred from plot_dot_membership.tsv. Synthetic dot-level audit citations are kept on source_result rows as generated_result_* fields, not as represented-source bibliographic citations.
work_title_percentage_of_participants_with_a_90_improvement_in_psoriasis_area	registry_trial_or_result	represented_source	Percentage of Participants With a ≥90% Improvement in Psoriasis Area and Severity Index (PASI 90) From Baseline							Represented research work/result inferred from plot_dot_membership.tsv. Synthetic dot-level audit citations are kept on source_result rows as generated_result_* fields, not as represented-source bibliographic citations.
work_title_genome_wide_association_and_longitudinal_analyses_reveal_genetic_l	paper_like_work	represented_source	Genome-wide association and longitudinal analyses reveal genetic loci linking pubertal height growth, pubertal timing and childhood adiposity.							Represented research work/result inferred from plot_dot_membership.tsv. Synthetic dot-level audit citations are kept on source_result rows as generated_result_* fields, not as represented-source bibliographic citations.
work_title_the_occurrence_of_cardiovascular_event_and_peritonitis_events	registry_trial_or_result	represented_source	the Occurrence of Cardiovascular Event and Peritonitis Events							Represented research work/result inferred from plot_dot_membership.tsv. Synthetic dot-level audit citations are kept on source_result rows as generated_result_* fields, not as represented-source bibliographic citations.
work_title_melanesian_blond_hair_is_caused_by_an_amino_acid_change_in_tyrp1	paper_like_work	represented_source	Melanesian blond hair is caused by an amino acid change in TYRP1.							Represented research work/result inferred from plot_dot_membership.tsv. Synthetic dot-level audit citations are kept on source_result rows as generated_result_* fields, not as represented-source bibliographic citations.
work_title_pcr_corrected_adequate_clinical_and_parasitological_response_acpr	registry_trial_or_result	represented_source	PCR-Corrected Adequate Clinical and Parasitological Response (ACPR) Rate on Day 28							Represented research work/result inferred from plot_dot_membership.tsv. Synthetic dot-level audit citations are kept on source_result rows as generated_result_* fields, not as represented-source bibliographic citations.
work_title_narcotic_use	registry_trial_or_result	represented_source	Narcotic Use							Represented research work/result inferred from plot_dot_membership.tsv. Synthetic dot-level audit citations are kept on source_result rows as generated_result_* fields, not as represented-source bibliographic citations.
work_title_the_primary_outcome_is_the_area_under_the_stimulated_c_peptide_cur	registry_trial_or_result	represented_source	The Primary Outcome is the Area Under the Stimulated C-peptide Curve (AUC) at the One Year Visit							Represented research work/result inferred from plot_dot_membership.tsv. Synthetic dot-level audit citations are kept on source_result rows as generated_result_* fields, not as represented-source bibliographic citations.
src_bergmann2018metalab	source_family_or_collection	extraction_source	metalab	bergmann2018metalab	@bergmann2018metalab	Bergmann, Christina and Tsuji, Sho and Piccinini, Page E. and Lewis, Molly L. and Braginsky, Mika and Frank, Michael C. and others (2018). Promoting Replicability in Developmental Research Through Meta-analyses: Insights From Language Acquisition Research. Child Development. doi:10.1111/cdev.13079.	docs/references.bib			Parent/corpus/source-family record inferred from plot_dot_membership.tsv.
work_title_halberda_j_2006_is_this_a_dax_which_i_see_before_me_use_of_the_log	paper_like_work	represented_source	Halberda, J. (2006). Is this a dax which I see before me? Use of the logical argument disjunctive syllogism supports word-learning in children and adults.Cognitive psychology, 53(4), 310-344.							Represented research work/result inferred from plot_dot_membership.tsv. Synthetic dot-level audit citations are kept on source_result rows as generated_result_* fields, not as represented-source bibliographic citations.
work_title_percentage_of_subjects_who_achieved_a_composite_p_gaps1_cpns2_resp	registry_trial_or_result	represented_source	Percentage of Subjects Who Achieved a Composite P-GAPS1/CPnS2 Response							Represented research work/result inferred from plot_dot_membership.tsv. Synthetic dot-level audit citations are kept on source_result rows as generated_result_* fields, not as represented-source bibliographic citations.
work_title_young_l_durwin_a_j_2013_moral_realism_as_moral_motivation_the_impa	paper_like_work	represented_source	Young, L., & Durwin, A. J. (2013). Moral realism as moral motivation: The impact of meta-ethics on everyday decision-making. Journal of Experimental Social Psychology, 49(2), 302-306.							Represented research work/result inferred from plot_dot_membership.tsv. Synthetic dot-level audit citations are kept on source_result rows as generated_result_* fields, not as represented-source bibliographic citations.
work_title_schaefer_2019_np_cli_064	paper_like_work	represented_source	schaefer_2019_np_CLI.064							Represented research work/result inferred from plot_dot_membership.tsv. Synthetic dot-level audit citations are kept on source_result rows as generated_result_* fields, not as represented-source bibliographic citations.
src_kuhberger2014publicationbias	source_family_or_collection	extraction_source	kuhberger_2014_main_results	kuhberger2014publicationBias	@kuhberger2014publicationBias	Kühberger, Anton and Fritz, Astrid and Scherndl, Thomas (2014). Publication Bias in Psychology: A Diagnosis Based on the Correlation between Effect Size and Sample Size. PLOS ONE. doi:10.1371/journal.pone.0105825.	docs/references.bib			Parent/corpus/source-family record inferred from plot_dot_membership.tsv.
work_title_kuhberger_669	paper_like_work	represented_source	kuhberger_669							Represented research work/result inferred from plot_dot_membership.tsv. Synthetic dot-level audit citations are kept on source_result rows as generated_result_* fields, not as represented-source bibliographic citations.
work_nct_nct02473289	registry_trial_or_result	represented_source	Change From Baseline in Hamilton Depression Rating Scale (HDRS-17) Total Score at Week 12							Represented research work/result inferred from plot_dot_membership.tsv. Synthetic dot-level audit citations are kept on source_result rows as generated_result_* fields, not as represented-source bibliographic citations.
work_title_meltzoff_a_n_moore_m_k_1989_imitation_in_newborn_infants_exploring	paper_like_work	represented_source	Meltzoff, A. N., & Moore, M. K. (1989). Imitation in newborn infants: Exploring the range of gestures imitated and the underlying mechanisms. Developmental Psychology, 25, 954ñ962							Represented research work/result inferred from plot_dot_membership.tsv. Synthetic dot-level audit citations are kept on source_result rows as generated_result_* fields, not as represented-source bibliographic citations.
work_title_computer_assisted_remedial_reading_intervention_for_school_beginne	claim	represented_source	Computer-Assisted Remedial Reading Intervention For School Beginners At Risk For Reading Disability							Represented research work/result inferred from plot_dot_membership.tsv. Synthetic dot-level audit citations are kept on source_result rows as generated_result_* fields, not as represented-source bibliographic citations.
work_title_a_cross_validation_of_the_youth_level_of_service_case_management_i	claim	represented_source	A Cross-Validation Of The Youth Level Of Service/Case Management Inventory (Yls/Cmi) Among Japanese Juvenile Offenders.							Represented research work/result inferred from plot_dot_membership.tsv. Synthetic dot-level audit citations are kept on source_result rows as generated_result_* fields, not as represented-source bibliographic citations.
src_errington2021	source_family_or_collection	extraction_source	RPCB	errington2021	@errington2021	Errington, Timothy M and Mathur, Maya and Soderberg, Courtney K and Denis, Alexandria and Perfito, Nicole and Iorns, Elizabeth and Nosek, Brian A (2021). Author response: Investigating the replicability of preclinical cancer biology. eLife Sciences Publications, Ltd. doi:10.7554/elife.71601.sa2.	docs/references.bib			Parent/corpus/source-family record inferred from plot_dot_membership.tsv.
work_title_pten_expression_of_sinc_vs_sicnot6l_in_dicer_ex5_hct116_cells	paper_like_work	represented_source	PTEN expression of siNC vs siCNOT6L in Dicer-Ex5 HCT116 cells							Represented research work/result inferred from plot_dot_membership.tsv. Synthetic dot-level audit citations are kept on source_result rows as generated_result_* fields, not as represented-source bibliographic citations.
work_title_psalta_l_young_a_w_thompson_p_andrews_t_j_2014_the_thatcher_illusi	paper_like_work	represented_source	Psalta, L., Young, A. W., Thompson, P., & Andrews, T. J. (2014). The Thatcher illusion reveals orientation dependence in brain regions involved in processing facial expressions. Psychological science, 25(1), 128-136.							Represented research work/result inferred from plot_dot_membership.tsv. Synthetic dot-level audit citations are kept on source_result rows as generated_result_* fields, not as represented-source bibliographic citations.
work_title_a_scalable_variational_inference_approach_for_increased_mixed_mode	paper_like_work	represented_source	A scalable variational inference approach for increased mixed-model association power.							Represented research work/result inferred from plot_dot_membership.tsv. Synthetic dot-level audit citations are kept on source_result rows as generated_result_* fields, not as represented-source bibliographic citations.
work_title_ethnicity_and_altruism_after_violence_the_contact_hypothesis_in_ko	paper_like_work	represented_source	Ethnicity And Altruism After Violence: The Contact Hypothesis In Kosovo							Represented research work/result inferred from plot_dot_membership.tsv. Synthetic dot-level audit citations are kept on source_result rows as generated_result_* fields, not as represented-source bibliographic citations.
work_plot2_metabus_open_bosco_jap_93_5_1013_4374	unknown_represented_work	represented_source								Represented research work/result inferred from plot_dot_membership.tsv. Synthetic dot-level audit citations are kept on source_result rows as generated_result_* fields, not as represented-source bibliographic citations.
work_title_genetic_correlates_of_vitamin_d_binding_protein_and_25_hydroxyvita	paper_like_work	represented_source	Genetic correlates of vitamin D-binding protein and 25-hydroxyvitamin D in neonatal dried blood spots.							Represented research work/result inferred from plot_dot_membership.tsv. Synthetic dot-level audit citations are kept on source_result rows as generated_result_* fields, not as represented-source bibliographic citations.
work_title_adapting_to_climate_change_the_remarkable_decline_in_the_us_temper	paper_like_work	represented_source	Adapting To Climate Change: The Remarkable Decline In The Us Temperature-Mortality Relationship Over The Twentieth Century							Represented research work/result inferred from plot_dot_membership.tsv. Synthetic dot-level audit citations are kept on source_result rows as generated_result_* fields, not as represented-source bibliographic citations.
work_title_genome_wide_association_study_meta_analysis_for_parkinson_disease	paper_like_work	represented_source	Genome-Wide Association Study Meta-Analysis for Parkinson Disease Motor Subtypes.							Represented research work/result inferred from plot_dot_membership.tsv. Synthetic dot-level audit citations are kept on source_result rows as generated_result_* fields, not as represented-source bibliographic citations.
work_title_clarkson_j_j_valente_m_j_leone_c_tormala_z_l_2013_motivated_reflec	paper_like_work	represented_source	Clarkson, J. J., Valente, M. J., Leone, C., & Tormala, Z. L. (2013). Motivated Reflection on Attitude-Inconsistent Information An Exploration of the Role of Fear of Invalidity in Self-Persuasion. Personality and Social Psychology Bulletin, 39(12), 1559-1570.							Represented research work/result inferred from plot_dot_membership.tsv. Synthetic dot-level audit citations are kept on source_result rows as generated_result_* fields, not as represented-source bibliographic citations.
src_yun2024llmextraction	source_family_or_collection	extraction_source	yun_llm_meta_analysis	yun2024llmExtraction	@yun2024llmExtraction	Yun, Hye Sun and Pogrebitskiy, David and Marshall, Iain J. and Wallace, Byron C. (2024). Automatically Extracting Numerical Results from Randomized Controlled Trials with Large Language Models. Proceedings of Machine Learning for Health. https://proceedings.mlr.press/v252/yun24a.html	docs/references.bib			Parent/corpus/source-family record inferred from plot_dot_membership.tsv.
work_title_pmcid_4493951	paper_like_work	represented_source	PMCID:4493951							Represented research work/result inferred from plot_dot_membership.tsv. Synthetic dot-level audit citations are kept on source_result rows as generated_result_* fields, not as represented-source bibliographic citations.
src_linden2024publicationbiaspsychology	source_family_or_collection	extraction_source	linden_2024_random_effects	linden2024publicationBiasPsychology	@linden2024publicationBiasPsychology	Linden, Audrey Helen and Pollet, Thomas V. and Hönekopp, Johannes (2024). Publication Bias in Psychology: A Closer Look at the Correlation between Sample Size and Effect Size. PLOS ONE. doi:10.1371/journal.pone.0297075.	docs/references.bib			Parent/corpus/source-family record inferred from plot_dot_membership.tsv.
work_title_linden_2018_1	paper_like_work	represented_source	linden_2018_1							Represented research work/result inferred from plot_dot_membership.tsv. Synthetic dot-level audit citations are kept on source_result rows as generated_result_* fields, not as represented-source bibliographic citations.
work_title_evidence_for_vav2_and_znf433_as_susceptibility_genes_for_multiple	paper_like_work	represented_source	Evidence for VAV2 and ZNF433 as susceptibility genes for multiple sclerosis.							Represented research work/result inferred from plot_dot_membership.tsv. Synthetic dot-level audit citations are kept on source_result rows as generated_result_* fields, not as represented-source bibliographic citations.
work_title_mediastinal_nodal_clearance_after_completion_of_induction_chemorad	registry_trial_or_result	represented_source	Mediastinal Nodal Clearance After Completion of Induction Chemoradiotherapy With or Without Panitumumab.							Represented research work/result inferred from plot_dot_membership.tsv. Synthetic dot-level audit citations are kept on source_result rows as generated_result_* fields, not as represented-source bibliographic citations.
work_title_2016_preregistered_key_question_effect_schaefer_2019_preg_60	paper_like_work	represented_source	2016 preregistered key-question effect (schaefer_2019_preg_60)							Represented research work/result inferred from plot_dot_membership.tsv. Synthetic dot-level audit citations are kept on source_result rows as generated_result_* fields, not as represented-source bibliographic citations.
work_title_do_cannabis_based_medicinal_extracts_have_general_or_specific_effe	paper_like_work	represented_source	Do cannabis-based medicinal extracts have general or specific effects on symptoms in multiple sclerosis? A double-blind, randomized, placebo-controlled study on 160 patients.							Represented research work/result inferred from plot_dot_membership.tsv. Synthetic dot-level audit citations are kept on source_result rows as generated_result_* fields, not as represented-source bibliographic citations.
work_title_maximizing_performance	paper_like_work	represented_source	Maximizing Performance							Represented research work/result inferred from plot_dot_membership.tsv. Synthetic dot-level audit citations are kept on source_result rows as generated_result_* fields, not as represented-source bibliographic citations.
work_title_a_genome_wide_association_meta_analysis_of_preschool_internalizing	paper_like_work	represented_source	A genome-wide association meta-analysis of preschool internalizing problems.							Represented research work/result inferred from plot_dot_membership.tsv. Synthetic dot-level audit citations are kept on source_result rows as generated_result_* fields, not as represented-source bibliographic citations.
work_title_organizational_learning_in_target_setting	claim	represented_source	Organizational Learning In Target Setting							Represented research work/result inferred from plot_dot_membership.tsv. Synthetic dot-level audit citations are kept on source_result rows as generated_result_* fields, not as represented-source bibliographic citations.
work_plot2_metabus_open_bosco_jap_77_4_453_3437	unknown_represented_work	represented_source								Represented research work/result inferred from plot_dot_membership.tsv. Synthetic dot-level audit citations are kept on source_result rows as generated_result_* fields, not as represented-source bibliographic citations.
work_plot2_metabus_open_bosco_jap_93_3_632_4351	unknown_represented_work	represented_source								Represented research work/result inferred from plot_dot_membership.tsv. Synthetic dot-level audit citations are kept on source_result rows as generated_result_* fields, not as represented-source bibliographic citations.
work_title_genome_wide_association_study_of_mri_markers_of_cerebral_small_ves	paper_like_work	represented_source	Genome-wide association study of MRI markers of cerebral small vessel disease in 42,310 participants.							Represented research work/result inferred from plot_dot_membership.tsv. Synthetic dot-level audit citations are kept on source_result rows as generated_result_* fields, not as represented-source bibliographic citations.
work_plot2_metabus_open_bosco_jap_95_1_183_4501	unknown_represented_work	represented_source								Represented research work/result inferred from plot_dot_membership.tsv. Synthetic dot-level audit citations are kept on source_result rows as generated_result_* fields, not as represented-source bibliographic citations.
work_title_percentage_of_patients_achieving_glycosylated_hemoglobin_hba1c_con	registry_trial_or_result	represented_source	Percentage of Patients Achieving Glycosylated Hemoglobin (HbA1c) Concentration ≤7.0% With Weight Loss (≥1.0 kg) at Endpoint (Week 26)							Represented research work/result inferred from plot_dot_membership.tsv. Synthetic dot-level audit citations are kept on source_result rows as generated_result_* fields, not as represented-source bibliographic citations.
work_title_jap_91_4_971	paper_like_work	represented_source	JAP-91-4-971							Represented research work/result inferred from plot_dot_membership.tsv. Synthetic dot-level audit citations are kept on source_result rows as generated_result_* fields, not as represented-source bibliographic citations.
work_title_alves_et_al_2018_score_24716_49_3	paper_like_work	represented_source	Alves et al. (2018) (SCORE 24716_49_3)							Represented research work/result inferred from plot_dot_membership.tsv. Synthetic dot-level audit citations are kept on source_result rows as generated_result_* fields, not as represented-source bibliographic citations.
work_title_jap_86_6_1120	paper_like_work	represented_source	JAP-86-6-1120							Represented research work/result inferred from plot_dot_membership.tsv. Synthetic dot-level audit citations are kept on source_result rows as generated_result_* fields, not as represented-source bibliographic citations.
work_title_identification_of_common_genetic_polymorphisms_associated_with_dow	paper_like_work	represented_source	Identification of common genetic polymorphisms associated with down-regulated gonadotropin levels in an exome-wide association study.							Represented research work/result inferred from plot_dot_membership.tsv. Synthetic dot-level audit citations are kept on source_result rows as generated_result_* fields, not as represented-source bibliographic citations.
work_title_percentage_of_heavy_drinking_days_at_week_16_endpoint	registry_trial_or_result	represented_source	Percentage of Heavy Drinking Days at Week 16 Endpoint							Represented research work/result inferred from plot_dot_membership.tsv. Synthetic dot-level audit citations are kept on source_result rows as generated_result_* fields, not as represented-source bibliographic citations.
work_doi_10_2466_pms_109_2_577_580	paper	represented_source	Replicating a Simple Study of Asymmetry in Human Cognition					10.2466/pms.109.2.577-580		Represented research work/result inferred from plot_dot_membership.tsv. Synthetic dot-level audit citations are kept on source_result rows as generated_result_* fields, not as represented-source bibliographic citations.
src_olsson2023publicationbias	source_family_or_collection	extraction_source	olsson_sundell_2023_social_interventions	olsson2023publicationBias	@olsson2023publicationBias	Olsson, Tina M. and Sundell, Knut (2023). Publication Bias, Time-Lag Bias, and Place-of-Publication Bias in Social Intervention Research: An Exploratory Study of 527 Swedish Articles Published between 1990-2019. PLOS ONE. doi:10.1371/journal.pone.0281110.	docs/references.bib			Parent/corpus/source-family record inferred from plot_dot_membership.tsv.
work_title_olsson_sundell_2023_57	paper_like_work	represented_source	olsson_sundell_2023_57							Represented research work/result inferred from plot_dot_membership.tsv. Synthetic dot-level audit citations are kept on source_result rows as generated_result_* fields, not as represented-source bibliographic citations.
src_klein2018	source_family_or_collection	extraction_source	Many Labs 2	klein2018	@klein2018	Klein and others (2018). Many Labs 2: Investigating Variation in Replicability Across Samples and Settings. Advances in Methods and Practices in Psychological Science. doi:10.1177/2515245918810225.	docs/references.bib			Parent/corpus/source-family record inferred from plot_dot_membership.tsv.
work_title_many_labs_2_alter_1	paper_like_work	represented_source	Many Labs 2 - Alter.1							Represented research work/result inferred from plot_dot_membership.tsv. Synthetic dot-level audit citations are kept on source_result rows as generated_result_* fields, not as represented-source bibliographic citations.
work_title_wage_stagnation_and_buyer_power_how_buyer_supplier_relations_affec	claim	represented_source	Wage Stagnation And Buyer Power: How Buyer-Supplier Relations Affect U.s. Workers’ Wages, 1978 To 2014							Represented research work/result inferred from plot_dot_membership.tsv. Synthetic dot-level audit citations are kept on source_result rows as generated_result_* fields, not as represented-source bibliographic citations.
work_plot2_metabus_open_bosco_pp_53_1_153_4827	unknown_represented_work	represented_source								Represented research work/result inferred from plot_dot_membership.tsv. Synthetic dot-level audit citations are kept on source_result rows as generated_result_* fields, not as represented-source bibliographic citations.
src_internalkerschbaumerphaseiiiiirheumatology	source_family_or_collection	extraction_source	Clinical phase II to phase III pairs	internalKerschbaumerPhaseIiIiiRheumatology	@internalKerschbaumerPhaseIiIiiRheumatology	PublishedSmallNStudiesDon-tMatter project (2026). Kerschbaumer 2020 rheumatology phase II/III extraction table. https://www.rexdouglass.com	docs/references.bib			Parent/corpus/source-family record inferred from plot_dot_membership.tsv.
work_title_phase_3_psoriatic_arthritis_trial_brodalumab_140_mg_csdmard_versus	paper_like_work	represented_source	Phase 3 psoriatic_arthritis trial: Brodalumab 140 mg + csDMARD versus Brodalumab Placebo + csDMARD							Represented research work/result inferred from plot_dot_membership.tsv. Synthetic dot-level audit citations are kept on source_result rows as generated_result_* fields, not as represented-source bibliographic citations.
work_title_genomics_of_perivascular_space_burden_unravels_early_mechanisms_of	paper_like_work	represented_source	Genomics of perivascular space burden unravels early mechanisms of cerebral small vessel disease.							Represented research work/result inferred from plot_dot_membership.tsv. Synthetic dot-level audit citations are kept on source_result rows as generated_result_* fields, not as represented-source bibliographic citations.
work_title_researchers_showed_images_to_the_adolescents_with_anorexia_nervosa	paper_like_work	represented_source	Researchers showed images to the adolescents with anorexia nervosa and adolescents with major depression to make decisions on the nature of the stimulus presented. They had to indicate which emotion (happy, sad, afraid, angry, or neutral) the face expressed.							Represented research work/result inferred from plot_dot_membership.tsv. Synthetic dot-level audit citations are kept on source_result rows as generated_result_* fields, not as represented-source bibliographic citations.
work_title_log_transformed_log_28_day_seizure_rate_for_all_primary_generalize	registry_trial_or_result	represented_source	Log-transformed (Log) 28-day Seizure Rate for All Primary Generalized Tonic-Clonic (PGTC) Seizures During 12-Week Double-Blind Treatment Phase							Represented research work/result inferred from plot_dot_membership.tsv. Synthetic dot-level audit citations are kept on source_result rows as generated_result_* fields, not as represented-source bibliographic citations.
work_title_explaining_explanations_how_legislators_explain_their_policy_posit	paper_like_work	represented_source	Explaining Explanations: How Legislators Explain Their Policy Positions And How Citizens React							Represented research work/result inferred from plot_dot_membership.tsv. Synthetic dot-level audit citations are kept on source_result rows as generated_result_* fields, not as represented-source bibliographic citations.
src_soto2019loopr	source_family_or_collection	extraction_source	LOOPR coding workbook	soto2019loopr	@soto2019loopr	Soto, Christopher J. (2019). How Replicable Are Links Between Personality Traits and Consequential Life Outcomes? The Life Outcomes of Personality Replication Project. Psychological Science. doi:10.1177/0956797619831612.	docs/references.bib			Parent/corpus/source-family record inferred from plot_dot_membership.tsv.
work_title_religious_beliefs_and_behavior_cognitive_orientation_towards_spiri	paper_like_work	represented_source	Religious beliefs and behavior: Cognitive orientation towards spirituality - C							Represented research work/result inferred from plot_dot_membership.tsv. Synthetic dot-level audit citations are kept on source_result rows as generated_result_* fields, not as represented-source bibliographic citations.
src_ito2018eyewitnesstencountries	source_family_or_collection	extraction_source	Eyewitness memory distortion in ten countries	ito2018eyewitnessTenCountries	@ito2018eyewitnessTenCountries	Ito, Hiroshi and Barzykowski, Krystian and Grzesik, Magdalena and Gülgöz, Sami and Gürdere, Ceren and Janssen, Steve M. J. and Khor, Jessie and Rowthorn, Harriet and Wade, Kimberley A. and Luna, Karlos and others (2019). Eyewitness Memory Distortion Following Co-Witness Discussion: A Replication of Garry, French, Kinzett, and Mori (2008) in Ten Countries. Journal of Applied Research in Memory and Cognition. doi:10.1016/j.jarmac.2018.09.004.	docs/references.bib			Parent/corpus/source-family record inferred from plot_dot_membership.tsv.
work_title_garry_et_al_2008_co_witness_memory_distortion_original_new_zealand	paper_like_work	represented_source	Garry et al. (2008) co-witness memory distortion original New Zealand study							Represented research work/result inferred from plot_dot_membership.tsv. Synthetic dot-level audit citations are kept on source_result rows as generated_result_* fields, not as represented-source bibliographic citations.
work_nct_nct04244084	registry_trial_or_result	represented_source	Time to Resolution of Acute Respiratory Viral Infection (ARVI) Symptoms							Represented research work/result inferred from plot_dot_membership.tsv. Synthetic dot-level audit citations are kept on source_result rows as generated_result_* fields, not as represented-source bibliographic citations.
src_collaboration2015	repository_or_package	extraction_source	RPP canonical OSF csv	collaboration2015	@collaboration2015	Open Science Collaboration (2015). Estimating the reproducibility of psychological science. Science. doi:10.1126/science.aac4716.	docs/references.bib			Parent/corpus/source-family record inferred from plot_dot_membership.tsv.
work_title_https_osf_io_8j9cg	paper_like_work	represented_source	https://osf.io/8j9cg/							Represented research work/result inferred from plot_dot_membership.tsv. Synthetic dot-level audit citations are kept on source_result rows as generated_result_* fields, not as represented-source bibliographic citations.
work_title_participants_cheated_more_frequently_after_reading_the_anti_free_w	paper_like_work	represented_source	"""Participants cheated more frequently after reading the anti-free-will essay than after reading the control essay"""							Represented research work/result inferred from plot_dot_membership.tsv. Synthetic dot-level audit citations are kept on source_result rows as generated_result_* fields, not as represented-source bibliographic citations.
src_boyce2023studentreplication	corpus_or_database	extraction_source	Boyce student replication corpus	boyce2023studentreplication	@boyce2023studentreplication	Boyce, Veronica and Mathur, Maya B. and Frank, Michael C. (2023). Eleven years of student replication projects provide evidence on the correlates of replicability in psychology. Royal Society Open Science. doi:10.1098/rsos.231240.	docs/references.bib			Parent/corpus/source-family record inferred from plot_dot_membership.tsv.
work_title_f_1_117_127_07	paper_like_work	represented_source	F(1,117)=127.07							Represented research work/result inferred from plot_dot_membership.tsv. Synthetic dot-level audit citations are kept on source_result rows as generated_result_* fields, not as represented-source bibliographic citations.
work_title_complete_heartburn_relief_during_the_first_full_24_hour_period_in	registry_trial_or_result	represented_source	Complete Heartburn Relief During the First Full 24-Hour Period in the ITT Population.							Represented research work/result inferred from plot_dot_membership.tsv. Synthetic dot-level audit citations are kept on source_result rows as generated_result_* fields, not as represented-source bibliographic citations.
work_plot2_metabus_open_bosco_pp_63_2_439_4994	unknown_represented_work	represented_source								Represented research work/result inferred from plot_dot_membership.tsv. Synthetic dot-level audit citations are kept on source_result rows as generated_result_* fields, not as represented-source bibliographic citations.
work_title_aflibercept_versus_placebo_in_combination_with_docetaxel_and_predn	registry_trial_or_result	represented_source	Aflibercept versus placebo in combination with docetaxel and prednisone for treatment of men with metastatic castration-resistant prostate cancer (VENICE): a phase 3, double-blind randomised trial.							Represented research work/result inferred from plot_dot_membership.tsv. Synthetic dot-level audit citations are kept on source_result rows as generated_result_* fields, not as represented-source bibliographic citations.
work_doi_10_1007_s10683_011_9295_3	paper	represented_source	Rodríguez-Lara and Moreno-Garrido (2011)					10.1007/s10683-011-9295-3		Represented research work/result inferred from plot_dot_membership.tsv. Synthetic dot-level audit citations are kept on source_result rows as generated_result_* fields, not as represented-source bibliographic citations.
