artifact_id	parent_corpus_database_id	artifact_role	provider	provider_id	parent_provider_id	title	url	raw_url	doi	component_path	file_name	file_type	mime_type	byte_size	local_path	sha256	inventory_status	access_status	candidate_parser_family	pair_field_evidence	n_field_evidence	effect_field_evidence	publication_link_evidence	blocker_codes	next_action	notes	last_seen
source_artifact_8d49ad76505ae470	rpcb | doi:10.7554/eLife.71601	repository_component	osf	61981aec07dcc50071e53918	rpcb | doi:10.7554/eLife.71601	Individual replication audits	https://api.osf.io/v2/files/61981aec07dcc50071e53918/			/Individual replication audits/	Individual replication audits	unknown		0			inventoried_metadata_only	public_metadata	unknown					metadata_only	match_provider_item_to_local_mirror_or_download_if_needed	provider_manifest=data/raw/replication_projects/lead_harvest/rpcb_e5nvr/osf_file_list.csv; inventory_task=inventory_task_753993910fcf426e	2026-05-01
source_artifact_69480c300c2bfa2b	rpcb | doi:10.7554/eLife.71601	provider_file	osf	61981affef6298006cf5c2f5	rpcb | doi:10.7554/eLife.71601	RPCB_Final_Analysis_Study_01.R	https://osf.io/e5nvr/files/osfstorage/61981affef6298006cf5c2f5	https://osf.io/download/usftx/		Individual replication audits/RPCB_Final_Analysis_Study_01.R	RPCB_Final_Analysis_Study_01.R	r		83275			inventoried_metadata_only	public_download_seen	analysis_code_inventory					needs_local_mirror	match_provider_item_to_local_mirror_or_download_if_needed	provider_manifest=data/raw/corpus_candidates/rpcb/osf_file_manifest.csv; inventory_task=inventory_task_753993910fcf426e | provider_manifest=data/raw/replication_projects/lead_harvest/rpcb_e5nvr/osf_file_list.csv; inventory_task=inventory_task_753993910fcf426e	2026-05-01
source_artifact_4a6381b9fdadca2b	rpcb | doi:10.7554/eLife.71601	provider_file	osf		rpcb | doi:10.7554/eLife.71601	RPCB_Final_Analysis_Study_05.R		https://osf.io/download/e6fg3/		Individual replication audits/RPCB_Final_Analysis_Study_05.R	RPCB_Final_Analysis_Study_05.R	r		10008			inventoried_metadata_only	public_download_seen	analysis_code_inventory					needs_local_mirror	match_provider_item_to_local_mirror_or_download_if_needed	provider_manifest=data/raw/corpus_candidates/rpcb/osf_file_manifest.csv; inventory_task=inventory_task_753993910fcf426e	2026-05-01
source_artifact_c451bec177465886	rpcb | doi:10.7554/eLife.71601	provider_file	osf		rpcb | doi:10.7554/eLife.71601	RPCB_Final_Analysis_Study_06.R		https://osf.io/download/6q5yt/		Individual replication audits/RPCB_Final_Analysis_Study_06.R	RPCB_Final_Analysis_Study_06.R	r		4953			inventoried_metadata_only	public_download_seen	analysis_code_inventory					needs_local_mirror	match_provider_item_to_local_mirror_or_download_if_needed	provider_manifest=data/raw/corpus_candidates/rpcb/osf_file_manifest.csv; inventory_task=inventory_task_753993910fcf426e	2026-05-01
source_artifact_beaa62133ead18b4	rpcb | doi:10.7554/eLife.71601	provider_file	osf		rpcb | doi:10.7554/eLife.71601	RPCB_Final_Analysis_Study_07.R		https://osf.io/download/6m4ey/		Individual replication audits/RPCB_Final_Analysis_Study_07.R	RPCB_Final_Analysis_Study_07.R	r		23625			inventoried_metadata_only	public_download_seen	analysis_code_inventory					needs_local_mirror	match_provider_item_to_local_mirror_or_download_if_needed	provider_manifest=data/raw/corpus_candidates/rpcb/osf_file_manifest.csv; inventory_task=inventory_task_753993910fcf426e	2026-05-01
source_artifact_1be4e8b6613efe8f	rpcb | doi:10.7554/eLife.71601	provider_file	osf	61981aff8dbcf80069eda002	rpcb | doi:10.7554/eLife.71601	RPCB_Final_Analysis_Study_08.R	https://osf.io/e5nvr/files/osfstorage/61981aff8dbcf80069eda002	https://osf.io/download/dmx7r/		Individual replication audits/RPCB_Final_Analysis_Study_08.R	RPCB_Final_Analysis_Study_08.R	r		41574			inventoried_metadata_only	public_download_seen	analysis_code_inventory					needs_local_mirror	match_provider_item_to_local_mirror_or_download_if_needed	provider_manifest=data/raw/corpus_candidates/rpcb/osf_file_manifest.csv; inventory_task=inventory_task_753993910fcf426e | provider_manifest=data/raw/replication_projects/lead_harvest/rpcb_e5nvr/osf_file_list.csv; inventory_task=inventory_task_753993910fcf426e	2026-05-01
source_artifact_1e41663e285c134a	rpcb | doi:10.7554/eLife.71601	provider_file	osf		rpcb | doi:10.7554/eLife.71601	RPCB_Final_Analysis_Study_09.R		https://osf.io/download/7rf2c/		Individual replication audits/RPCB_Final_Analysis_Study_09.R	RPCB_Final_Analysis_Study_09.R	r		106069			inventoried_metadata_only	public_download_seen	analysis_code_inventory					needs_local_mirror	match_provider_item_to_local_mirror_or_download_if_needed	provider_manifest=data/raw/corpus_candidates/rpcb/osf_file_manifest.csv; inventory_task=inventory_task_753993910fcf426e	2026-05-01
source_artifact_ebf292abfbcc07d9	rpcb | doi:10.7554/eLife.71601	provider_file	osf	61981afe07dcc50075e52d9b	rpcb | doi:10.7554/eLife.71601	RPCB_Final_Analysis_Study_12.R	https://osf.io/e5nvr/files/osfstorage/61981afe07dcc50075e52d9b	https://osf.io/download/qmksc/		Individual replication audits/RPCB_Final_Analysis_Study_12.R	RPCB_Final_Analysis_Study_12.R	r		16968			inventoried_metadata_only	public_download_seen	analysis_code_inventory					needs_local_mirror	match_provider_item_to_local_mirror_or_download_if_needed	provider_manifest=data/raw/corpus_candidates/rpcb/osf_file_manifest.csv; inventory_task=inventory_task_753993910fcf426e | provider_manifest=data/raw/replication_projects/lead_harvest/rpcb_e5nvr/osf_file_list.csv; inventory_task=inventory_task_753993910fcf426e	2026-05-01
source_artifact_94f1ccabe8b2ebf5	rpcb | doi:10.7554/eLife.71601	provider_file	osf	61981b01ef62980072f5ae6a	rpcb | doi:10.7554/eLife.71601	RPCB_Final_Analysis_Study_15.R	https://osf.io/e5nvr/files/osfstorage/61981b01ef62980072f5ae6a	https://osf.io/download/dpfgy/		Individual replication audits/RPCB_Final_Analysis_Study_15.R	RPCB_Final_Analysis_Study_15.R	r		23169			inventoried_metadata_only	public_download_seen	analysis_code_inventory					needs_local_mirror	match_provider_item_to_local_mirror_or_download_if_needed	provider_manifest=data/raw/corpus_candidates/rpcb/osf_file_manifest.csv; inventory_task=inventory_task_753993910fcf426e | provider_manifest=data/raw/replication_projects/lead_harvest/rpcb_e5nvr/osf_file_list.csv; inventory_task=inventory_task_753993910fcf426e	2026-05-01
source_artifact_2ac6cbee9fafc194	rpcb | doi:10.7554/eLife.71601	provider_file	osf		rpcb | doi:10.7554/eLife.71601	RPCB_Final_Analysis_Study_16.R		https://osf.io/download/hwef8/		Individual replication audits/RPCB_Final_Analysis_Study_16.R	RPCB_Final_Analysis_Study_16.R	r		38120			inventoried_metadata_only	public_download_seen	analysis_code_inventory					needs_local_mirror	match_provider_item_to_local_mirror_or_download_if_needed	provider_manifest=data/raw/corpus_candidates/rpcb/osf_file_manifest.csv; inventory_task=inventory_task_753993910fcf426e	2026-05-01
source_artifact_8b48f2ffc16495f3	rpcb | doi:10.7554/eLife.71601	provider_file	osf		rpcb | doi:10.7554/eLife.71601	RPCB_Final_Analysis_Study_19.R		https://osf.io/download/n59kr/		Individual replication audits/RPCB_Final_Analysis_Study_19.R	RPCB_Final_Analysis_Study_19.R	r		14956			inventoried_metadata_only	public_download_seen	analysis_code_inventory					needs_local_mirror	match_provider_item_to_local_mirror_or_download_if_needed	provider_manifest=data/raw/corpus_candidates/rpcb/osf_file_manifest.csv; inventory_task=inventory_task_753993910fcf426e	2026-05-01
source_artifact_b5ecb7a6bf8b72bf	rpcb | doi:10.7554/eLife.71601	provider_file	osf	61981b04ef62980073f5aefc	rpcb | doi:10.7554/eLife.71601	RPCB_Final_Analysis_Study_20.R	https://osf.io/e5nvr/files/osfstorage/61981b04ef62980073f5aefc	https://osf.io/download/qkjtm/		Individual replication audits/RPCB_Final_Analysis_Study_20.R	RPCB_Final_Analysis_Study_20.R	r		54260			inventoried_metadata_only	public_download_seen	analysis_code_inventory					needs_local_mirror	match_provider_item_to_local_mirror_or_download_if_needed	provider_manifest=data/raw/corpus_candidates/rpcb/osf_file_manifest.csv; inventory_task=inventory_task_753993910fcf426e | provider_manifest=data/raw/replication_projects/lead_harvest/rpcb_e5nvr/osf_file_list.csv; inventory_task=inventory_task_753993910fcf426e	2026-05-01
source_artifact_eebad998e38d1061	rpcb | doi:10.7554/eLife.71601	provider_file	osf	61981b038dbcf80069eda00e	rpcb | doi:10.7554/eLife.71601	RPCB_Final_Analysis_Study_21.R	https://osf.io/e5nvr/files/osfstorage/61981b038dbcf80069eda00e	https://osf.io/download/8s7zc/		Individual replication audits/RPCB_Final_Analysis_Study_21.R	RPCB_Final_Analysis_Study_21.R	r		16629			inventoried_metadata_only	public_download_seen	analysis_code_inventory					needs_local_mirror	match_provider_item_to_local_mirror_or_download_if_needed	provider_manifest=data/raw/corpus_candidates/rpcb/osf_file_manifest.csv; inventory_task=inventory_task_753993910fcf426e | provider_manifest=data/raw/replication_projects/lead_harvest/rpcb_e5nvr/osf_file_list.csv; inventory_task=inventory_task_753993910fcf426e	2026-05-01
source_artifact_e695aa2a73730af7	rpcb | doi:10.7554/eLife.71601	provider_file	osf	61981b04ef6298006ff5ba9b	rpcb | doi:10.7554/eLife.71601	RPCB_Final_Analysis_Study_24.R	https://osf.io/e5nvr/files/osfstorage/61981b04ef6298006ff5ba9b	https://osf.io/download/ke89r/		Individual replication audits/RPCB_Final_Analysis_Study_24.R	RPCB_Final_Analysis_Study_24.R	r		108011			inventoried_metadata_only	public_download_seen	analysis_code_inventory					needs_local_mirror	match_provider_item_to_local_mirror_or_download_if_needed	provider_manifest=data/raw/corpus_candidates/rpcb/osf_file_manifest.csv; inventory_task=inventory_task_753993910fcf426e | provider_manifest=data/raw/replication_projects/lead_harvest/rpcb_e5nvr/osf_file_list.csv; inventory_task=inventory_task_753993910fcf426e	2026-05-01
source_artifact_0b302f2f26efab43	rpcb | doi:10.7554/eLife.71601	provider_file	osf	61981b05ef62980072f5ae79	rpcb | doi:10.7554/eLife.71601	RPCB_Final_Analysis_Study_28.R	https://osf.io/e5nvr/files/osfstorage/61981b05ef62980072f5ae79	https://osf.io/download/48zyt/		Individual replication audits/RPCB_Final_Analysis_Study_28.R	RPCB_Final_Analysis_Study_28.R	r		29169			inventoried_metadata_only	public_download_seen	analysis_code_inventory					needs_local_mirror	match_provider_item_to_local_mirror_or_download_if_needed	provider_manifest=data/raw/corpus_candidates/rpcb/osf_file_manifest.csv; inventory_task=inventory_task_753993910fcf426e | provider_manifest=data/raw/replication_projects/lead_harvest/rpcb_e5nvr/osf_file_list.csv; inventory_task=inventory_task_753993910fcf426e	2026-05-01
source_artifact_4d89c302a692614e	rpcb | doi:10.7554/eLife.71601	provider_file	osf		rpcb | doi:10.7554/eLife.71601	RPCB_Final_Analysis_Study_29.R		https://osf.io/download/pfmc5/		Individual replication audits/RPCB_Final_Analysis_Study_29.R	RPCB_Final_Analysis_Study_29.R	r		23824			inventoried_metadata_only	public_download_seen	analysis_code_inventory					needs_local_mirror	match_provider_item_to_local_mirror_or_download_if_needed	provider_manifest=data/raw/corpus_candidates/rpcb/osf_file_manifest.csv; inventory_task=inventory_task_753993910fcf426e	2026-05-01
source_artifact_e66c677f5d58a5c4	rpcb | doi:10.7554/eLife.71601	provider_file	osf		rpcb | doi:10.7554/eLife.71601	RPCB_Final_Analysis_Study_37.R		https://osf.io/download/z64p5/		Individual replication audits/RPCB_Final_Analysis_Study_37.R	RPCB_Final_Analysis_Study_37.R	r		19816			inventoried_metadata_only	public_download_seen	analysis_code_inventory					needs_local_mirror	match_provider_item_to_local_mirror_or_download_if_needed	provider_manifest=data/raw/corpus_candidates/rpcb/osf_file_manifest.csv; inventory_task=inventory_task_753993910fcf426e	2026-05-01
source_artifact_7f8fa3ef935df6f4	rpcb | doi:10.7554/eLife.71601	provider_file	osf	61981b07ef62980073f5af0c	rpcb | doi:10.7554/eLife.71601	RPCB_Final_Analysis_Study_39.R	https://osf.io/e5nvr/files/osfstorage/61981b07ef62980073f5af0c	https://osf.io/download/vmupy/		Individual replication audits/RPCB_Final_Analysis_Study_39.R	RPCB_Final_Analysis_Study_39.R	r		4658			inventoried_metadata_only	public_download_seen	analysis_code_inventory					needs_local_mirror	match_provider_item_to_local_mirror_or_download_if_needed	provider_manifest=data/raw/corpus_candidates/rpcb/osf_file_manifest.csv; inventory_task=inventory_task_753993910fcf426e | provider_manifest=data/raw/replication_projects/lead_harvest/rpcb_e5nvr/osf_file_list.csv; inventory_task=inventory_task_753993910fcf426e	2026-05-01
source_artifact_1fc635259b8d52a7	rpcb | doi:10.7554/eLife.71601	provider_file	osf		rpcb | doi:10.7554/eLife.71601	RPCB_Final_Analysis_Study_41.R		https://osf.io/download/73fpg/		Individual replication audits/RPCB_Final_Analysis_Study_41.R	RPCB_Final_Analysis_Study_41.R	r		25276			inventoried_metadata_only	public_download_seen	analysis_code_inventory					needs_local_mirror	match_provider_item_to_local_mirror_or_download_if_needed	provider_manifest=data/raw/corpus_candidates/rpcb/osf_file_manifest.csv; inventory_task=inventory_task_753993910fcf426e	2026-05-01
source_artifact_44e47087525cd94c	rpcb | doi:10.7554/eLife.71601	provider_file	osf		rpcb | doi:10.7554/eLife.71601	RPCB_Final_Analysis_Study_42.R		https://osf.io/download/gynr5/		Individual replication audits/RPCB_Final_Analysis_Study_42.R	RPCB_Final_Analysis_Study_42.R	r		25134			inventoried_metadata_only	public_download_seen	analysis_code_inventory					needs_local_mirror	match_provider_item_to_local_mirror_or_download_if_needed	provider_manifest=data/raw/corpus_candidates/rpcb/osf_file_manifest.csv; inventory_task=inventory_task_753993910fcf426e	2026-05-01
source_artifact_3b934b9e834a9df3	rpcb | doi:10.7554/eLife.71601	provider_file	osf		rpcb | doi:10.7554/eLife.71601	RPCB_Final_Analysis_Study_44.R		https://osf.io/download/fbmt5/		Individual replication audits/RPCB_Final_Analysis_Study_44.R	RPCB_Final_Analysis_Study_44.R	r		11904			inventoried_metadata_only	public_download_seen	analysis_code_inventory					needs_local_mirror	match_provider_item_to_local_mirror_or_download_if_needed	provider_manifest=data/raw/corpus_candidates/rpcb/osf_file_manifest.csv; inventory_task=inventory_task_753993910fcf426e	2026-05-01
source_artifact_8ffb10ac11cb06af	rpcb | doi:10.7554/eLife.71601	provider_file	osf		rpcb | doi:10.7554/eLife.71601	RPCB_Final_Analysis_Study_47.R		https://osf.io/download/nh5aj/		Individual replication audits/RPCB_Final_Analysis_Study_47.R	RPCB_Final_Analysis_Study_47.R	r		44760			inventoried_metadata_only	public_download_seen	analysis_code_inventory					needs_local_mirror	match_provider_item_to_local_mirror_or_download_if_needed	provider_manifest=data/raw/corpus_candidates/rpcb/osf_file_manifest.csv; inventory_task=inventory_task_753993910fcf426e	2026-05-01
source_artifact_0d7bd4c3562ea400	rpcb | doi:10.7554/eLife.71601	provider_file	osf	61981b0a8dbcf80067eda62b	rpcb | doi:10.7554/eLife.71601	RPCB_Final_Analysis_Study_48.R	https://osf.io/e5nvr/files/osfstorage/61981b0a8dbcf80067eda62b	https://osf.io/download/rn5j3/		Individual replication audits/RPCB_Final_Analysis_Study_48.R	RPCB_Final_Analysis_Study_48.R	r		52157			inventoried_metadata_only	public_download_seen	analysis_code_inventory					needs_local_mirror	match_provider_item_to_local_mirror_or_download_if_needed	provider_manifest=data/raw/corpus_candidates/rpcb/osf_file_manifest.csv; inventory_task=inventory_task_753993910fcf426e | provider_manifest=data/raw/replication_projects/lead_harvest/rpcb_e5nvr/osf_file_list.csv; inventory_task=inventory_task_753993910fcf426e	2026-05-01
source_artifact_4a4ff404ef0cb101	rpcb | doi:10.7554/eLife.71601	provider_file	osf		rpcb | doi:10.7554/eLife.71601	RPCB_Final_Analysis_Study_50.R		https://osf.io/download/q57bu/		Individual replication audits/RPCB_Final_Analysis_Study_50.R	RPCB_Final_Analysis_Study_50.R	r		8769			inventoried_metadata_only	public_download_seen	analysis_code_inventory					needs_local_mirror	match_provider_item_to_local_mirror_or_download_if_needed	provider_manifest=data/raw/corpus_candidates/rpcb/osf_file_manifest.csv; inventory_task=inventory_task_753993910fcf426e	2026-05-01
source_artifact_6f7472afb11cdfdd	rpcb | doi:10.7554/eLife.71601	provider_file	osf		rpcb | doi:10.7554/eLife.71601	RPCB_Final_Analysis_Study_Template.R		https://osf.io/download/p2ujw/		Individual replication audits/RPCB_Final_Analysis_Study_Template.R	RPCB_Final_Analysis_Study_Template.R	r		6246			inventoried_metadata_only	public_download_seen	analysis_code_inventory					needs_local_mirror	match_provider_item_to_local_mirror_or_download_if_needed	provider_manifest=data/raw/corpus_candidates/rpcb/osf_file_manifest.csv; inventory_task=inventory_task_753993910fcf426e	2026-05-01
source_artifact_94267d14a99f342f	rpcb | doi:10.7554/eLife.71601	data_file	osf	60d5f5487eb4b4000bb7337a	rpcb | doi:10.7554/eLife.71601	RP_CB Final Analysis - Effect level data dictionary.csv	https://osf.io/e5nvr/files/osfstorage/60d5f5487eb4b4000bb7337a	https://osf.io/download/afexp/		RP_CB Final Analysis - Effect level data dictionary.csv	RP_CB Final Analysis - Effect level data dictionary.csv	csv		19992			inventoried_metadata_only	public_download_seen	csv_table_parser					needs_local_mirror	match_provider_item_to_local_mirror_or_download_if_needed	provider_manifest=data/raw/corpus_candidates/rpcb/osf_file_manifest.csv; inventory_task=inventory_task_753993910fcf426e | provider_manifest=data/raw/replication_projects/lead_harvest/rpcb_e5nvr/osf_file_list.csv; inventory_task=inventory_task_753993910fcf426e	2026-05-01
source_artifact_61c0484c375d1d41	rpcb | doi:10.7554/eLife.71601	data_file	osf	60d5f548f97002000d1fcda5	rpcb | doi:10.7554/eLife.71601	RP_CB Final Analysis - Effect level data.csv	https://osf.io/e5nvr/files/osfstorage/60d5f548f97002000d1fcda5	https://osf.io/download/39s7j/		RP_CB Final Analysis - Effect level data.csv	RP_CB Final Analysis - Effect level data.csv	csv		116726			inventoried_metadata_only	public_download_seen	csv_table_parser					needs_local_mirror	match_provider_item_to_local_mirror_or_download_if_needed	provider_manifest=data/raw/corpus_candidates/rpcb/osf_file_manifest.csv; inventory_task=inventory_task_753993910fcf426e | provider_manifest=data/raw/replication_projects/lead_harvest/rpcb_e5nvr/osf_file_list.csv; inventory_task=inventory_task_753993910fcf426e	2026-05-01
source_artifact_e58e2946b0b0ff5e	rpcb | doi:10.7554/eLife.71601	data_file	osf	603aa13744157501dc5822a7	rpcb | doi:10.7554/eLife.71601	RP_CB Final Analysis - Experiment level data dictionary.csv	https://osf.io/e5nvr/files/osfstorage/603aa13744157501dc5822a7	https://osf.io/download/c2rfy/		RP_CB Final Analysis - Experiment level data dictionary.csv	RP_CB Final Analysis - Experiment level data dictionary.csv	csv		15065			inventoried_metadata_only	public_download_seen	csv_table_parser					needs_local_mirror	match_provider_item_to_local_mirror_or_download_if_needed	provider_manifest=data/raw/corpus_candidates/rpcb/osf_file_manifest.csv; inventory_task=inventory_task_753993910fcf426e | provider_manifest=data/raw/replication_projects/lead_harvest/rpcb_e5nvr/osf_file_list.csv; inventory_task=inventory_task_753993910fcf426e	2026-05-01
source_artifact_c5199b1830b7abf8	rpcb | doi:10.7554/eLife.71601	data_file	osf	603aa135035cf701f5c85ce9	rpcb | doi:10.7554/eLife.71601	RP_CB Final Analysis - Experiment level data.csv	https://osf.io/e5nvr/files/osfstorage/603aa135035cf701f5c85ce9	https://osf.io/download/fv6te/		RP_CB Final Analysis - Experiment level data.csv	RP_CB Final Analysis - Experiment level data.csv	csv		71213			inventoried_metadata_only	public_download_seen	csv_table_parser					needs_local_mirror	match_provider_item_to_local_mirror_or_download_if_needed	provider_manifest=data/raw/corpus_candidates/rpcb/osf_file_manifest.csv; inventory_task=inventory_task_753993910fcf426e | provider_manifest=data/raw/replication_projects/lead_harvest/rpcb_e5nvr/osf_file_list.csv; inventory_task=inventory_task_753993910fcf426e	2026-05-01
source_artifact_26d7d5920a08f960	rpcb | doi:10.7554/eLife.71601	data_file	osf	603aa13744157501e25819bc	rpcb | doi:10.7554/eLife.71601	RP_CB Final Analysis - Paper level data dictionary.csv	https://osf.io/e5nvr/files/osfstorage/603aa13744157501e25819bc	https://osf.io/download/wx6be/		RP_CB Final Analysis - Paper level data dictionary.csv	RP_CB Final Analysis - Paper level data dictionary.csv	csv		4465			inventoried_metadata_only	public_download_seen	csv_table_parser					needs_local_mirror	match_provider_item_to_local_mirror_or_download_if_needed	provider_manifest=data/raw/corpus_candidates/rpcb/osf_file_manifest.csv; inventory_task=inventory_task_753993910fcf426e | provider_manifest=data/raw/replication_projects/lead_harvest/rpcb_e5nvr/osf_file_list.csv; inventory_task=inventory_task_753993910fcf426e	2026-05-01
source_artifact_15d5178dd8745bf9	rpcb | doi:10.7554/eLife.71601	data_file	osf	603aa13544157501e25819b4	rpcb | doi:10.7554/eLife.71601	RP_CB Final Analysis - Paper level data.csv	https://osf.io/e5nvr/files/osfstorage/603aa13544157501e25819b4	https://osf.io/download/aydj2/		RP_CB Final Analysis - Paper level data.csv	RP_CB Final Analysis - Paper level data.csv	csv		18652			inventoried_metadata_only	public_download_seen	csv_table_parser					needs_local_mirror	match_provider_item_to_local_mirror_or_download_if_needed	provider_manifest=data/raw/corpus_candidates/rpcb/osf_file_manifest.csv; inventory_task=inventory_task_753993910fcf426e | provider_manifest=data/raw/replication_projects/lead_harvest/rpcb_e5nvr/osf_file_list.csv; inventory_task=inventory_task_753993910fcf426e	2026-05-01
source_artifact_4e6120d19f579cb9	rpcb | doi:10.7554/eLife.71601	code_file	github	data/raw/corpus_candidates/rpcb/Individual replication audits/RPCB_Final_Analysis_Study_01.R	rpcb | doi:10.7554/eLife.71601	RPCB_Final_Analysis_Study_01.R				data/raw/corpus_candidates/rpcb/Individual replication audits	RPCB_Final_Analysis_Study_01.R	r		83275	data/raw/corpus_candidates/rpcb/Individual replication audits/RPCB_Final_Analysis_Study_01.R	57e9a54e28c6982aea9433a1bae504598df5340ae9bb15667b8aa6dcbd63d298	mirrored	downloaded	analysis_code_inventory					needs_artifact_inspection	inspect_code_for_table_inputs_outputs_and_conversion_logic	generated_from_inventory_task=inventory_task_753993910fcf426e; cluster_id=cluster_investigating_the_replicability_of_preclinical_cancer_biology_ca7b83bfae6f	2026-05-01
source_artifact_4b14885e3571acb7	rpcb | doi:10.7554/eLife.71601	code_file	github	data/raw/corpus_candidates/rpcb/Individual replication audits/RPCB_Final_Analysis_Study_05.R	rpcb | doi:10.7554/eLife.71601	RPCB_Final_Analysis_Study_05.R				data/raw/corpus_candidates/rpcb/Individual replication audits	RPCB_Final_Analysis_Study_05.R	r		10008	data/raw/corpus_candidates/rpcb/Individual replication audits/RPCB_Final_Analysis_Study_05.R	2d3e1b76d2038f6a9e361d64ea72bfcf949d0ad4791edb995d06d3c15ec4d0c4	mirrored	downloaded	analysis_code_inventory					needs_artifact_inspection	inspect_code_for_table_inputs_outputs_and_conversion_logic	generated_from_inventory_task=inventory_task_753993910fcf426e; cluster_id=cluster_investigating_the_replicability_of_preclinical_cancer_biology_ca7b83bfae6f	2026-05-01
source_artifact_0ac972b2130a25a1	rpcb | doi:10.7554/eLife.71601	code_file	github	data/raw/corpus_candidates/rpcb/Individual replication audits/RPCB_Final_Analysis_Study_06.R	rpcb | doi:10.7554/eLife.71601	RPCB_Final_Analysis_Study_06.R				data/raw/corpus_candidates/rpcb/Individual replication audits	RPCB_Final_Analysis_Study_06.R	r		4953	data/raw/corpus_candidates/rpcb/Individual replication audits/RPCB_Final_Analysis_Study_06.R	03998d0ef8f83b7051199b5e7065dd940ac890ec274caaac9c2c083700e25d92	mirrored	downloaded	analysis_code_inventory					needs_artifact_inspection	inspect_code_for_table_inputs_outputs_and_conversion_logic	generated_from_inventory_task=inventory_task_753993910fcf426e; cluster_id=cluster_investigating_the_replicability_of_preclinical_cancer_biology_ca7b83bfae6f	2026-05-01
source_artifact_acf051cd2f821bc1	rpcb | doi:10.7554/eLife.71601	code_file	github	data/raw/corpus_candidates/rpcb/Individual replication audits/RPCB_Final_Analysis_Study_07.R	rpcb | doi:10.7554/eLife.71601	RPCB_Final_Analysis_Study_07.R				data/raw/corpus_candidates/rpcb/Individual replication audits	RPCB_Final_Analysis_Study_07.R	r		23625	data/raw/corpus_candidates/rpcb/Individual replication audits/RPCB_Final_Analysis_Study_07.R	59f498f81803239204e871ba4511cf34d8e4dbbd62acf914bc73a1804eefd3ea	mirrored	downloaded	analysis_code_inventory					needs_artifact_inspection	inspect_code_for_table_inputs_outputs_and_conversion_logic	generated_from_inventory_task=inventory_task_753993910fcf426e; cluster_id=cluster_investigating_the_replicability_of_preclinical_cancer_biology_ca7b83bfae6f	2026-05-01
source_artifact_f0de5c62ab0bb95b	rpcb | doi:10.7554/eLife.71601	code_file	github	data/raw/corpus_candidates/rpcb/Individual replication audits/RPCB_Final_Analysis_Study_08.R	rpcb | doi:10.7554/eLife.71601	RPCB_Final_Analysis_Study_08.R				data/raw/corpus_candidates/rpcb/Individual replication audits	RPCB_Final_Analysis_Study_08.R	r		41574	data/raw/corpus_candidates/rpcb/Individual replication audits/RPCB_Final_Analysis_Study_08.R	d1265fbe72d5bd33938991400ada1e675e5527f673bdbde6966f749f611f6429	mirrored	downloaded	analysis_code_inventory					needs_artifact_inspection	inspect_code_for_table_inputs_outputs_and_conversion_logic	generated_from_inventory_task=inventory_task_753993910fcf426e; cluster_id=cluster_investigating_the_replicability_of_preclinical_cancer_biology_ca7b83bfae6f	2026-05-01
source_artifact_d2149e6f38bf960e	rpcb | doi:10.7554/eLife.71601	code_file	github	data/raw/corpus_candidates/rpcb/Individual replication audits/RPCB_Final_Analysis_Study_09.R	rpcb | doi:10.7554/eLife.71601	RPCB_Final_Analysis_Study_09.R				data/raw/corpus_candidates/rpcb/Individual replication audits	RPCB_Final_Analysis_Study_09.R	r		106069	data/raw/corpus_candidates/rpcb/Individual replication audits/RPCB_Final_Analysis_Study_09.R	f063e2d524120f788150208bad03cc8d25259ab426239ee5a6b6159d9fa51fa4	mirrored	downloaded	analysis_code_inventory					needs_artifact_inspection	inspect_code_for_table_inputs_outputs_and_conversion_logic	generated_from_inventory_task=inventory_task_753993910fcf426e; cluster_id=cluster_investigating_the_replicability_of_preclinical_cancer_biology_ca7b83bfae6f	2026-05-01
source_artifact_32e0069c55f07839	rpcb | doi:10.7554/eLife.71601	code_file	github	data/raw/corpus_candidates/rpcb/Individual replication audits/RPCB_Final_Analysis_Study_12.R	rpcb | doi:10.7554/eLife.71601	RPCB_Final_Analysis_Study_12.R				data/raw/corpus_candidates/rpcb/Individual replication audits	RPCB_Final_Analysis_Study_12.R	r		16968	data/raw/corpus_candidates/rpcb/Individual replication audits/RPCB_Final_Analysis_Study_12.R	3609d4c599f3aab88eb72eb6554733f39ab708b06589088239605634cdc325d3	mirrored	downloaded	analysis_code_inventory					needs_artifact_inspection	inspect_code_for_table_inputs_outputs_and_conversion_logic	generated_from_inventory_task=inventory_task_753993910fcf426e; cluster_id=cluster_investigating_the_replicability_of_preclinical_cancer_biology_ca7b83bfae6f	2026-05-01
source_artifact_5de713d4f2dfb773	rpcb | doi:10.7554/eLife.71601	code_file	github	data/raw/corpus_candidates/rpcb/Individual replication audits/RPCB_Final_Analysis_Study_15.R	rpcb | doi:10.7554/eLife.71601	RPCB_Final_Analysis_Study_15.R				data/raw/corpus_candidates/rpcb/Individual replication audits	RPCB_Final_Analysis_Study_15.R	r		23169	data/raw/corpus_candidates/rpcb/Individual replication audits/RPCB_Final_Analysis_Study_15.R	403d40971f3db71b1b126c6f2215fc59693ca56308e0ed068e6e5d31da94000d	mirrored	downloaded	analysis_code_inventory					needs_artifact_inspection	inspect_code_for_table_inputs_outputs_and_conversion_logic	generated_from_inventory_task=inventory_task_753993910fcf426e; cluster_id=cluster_investigating_the_replicability_of_preclinical_cancer_biology_ca7b83bfae6f	2026-05-01
source_artifact_cb3bcb4f2a80f3a1	rpcb | doi:10.7554/eLife.71601	code_file	github	data/raw/corpus_candidates/rpcb/Individual replication audits/RPCB_Final_Analysis_Study_16.R	rpcb | doi:10.7554/eLife.71601	RPCB_Final_Analysis_Study_16.R				data/raw/corpus_candidates/rpcb/Individual replication audits	RPCB_Final_Analysis_Study_16.R	r		38120	data/raw/corpus_candidates/rpcb/Individual replication audits/RPCB_Final_Analysis_Study_16.R	3b399e6c91c3c7ac9c14fb274e9f56a9eced9b1d548caf68cf140552654f628e	mirrored	downloaded	analysis_code_inventory					needs_artifact_inspection	inspect_code_for_table_inputs_outputs_and_conversion_logic	generated_from_inventory_task=inventory_task_753993910fcf426e; cluster_id=cluster_investigating_the_replicability_of_preclinical_cancer_biology_ca7b83bfae6f	2026-05-01
source_artifact_ce43758da79d2d5d	rpcb | doi:10.7554/eLife.71601	code_file	github	data/raw/corpus_candidates/rpcb/Individual replication audits/RPCB_Final_Analysis_Study_19.R	rpcb | doi:10.7554/eLife.71601	RPCB_Final_Analysis_Study_19.R				data/raw/corpus_candidates/rpcb/Individual replication audits	RPCB_Final_Analysis_Study_19.R	r		14956	data/raw/corpus_candidates/rpcb/Individual replication audits/RPCB_Final_Analysis_Study_19.R	8aaeac7f195e31492c485c6ce82d1a89c78f4a16eaa75ee430f005d4e4be28af	mirrored	downloaded	analysis_code_inventory					needs_artifact_inspection	inspect_code_for_table_inputs_outputs_and_conversion_logic	generated_from_inventory_task=inventory_task_753993910fcf426e; cluster_id=cluster_investigating_the_replicability_of_preclinical_cancer_biology_ca7b83bfae6f	2026-05-01
source_artifact_50d435eeb6d1a8eb	rpcb | doi:10.7554/eLife.71601	code_file	github	data/raw/corpus_candidates/rpcb/Individual replication audits/RPCB_Final_Analysis_Study_20.R	rpcb | doi:10.7554/eLife.71601	RPCB_Final_Analysis_Study_20.R				data/raw/corpus_candidates/rpcb/Individual replication audits	RPCB_Final_Analysis_Study_20.R	r		54260	data/raw/corpus_candidates/rpcb/Individual replication audits/RPCB_Final_Analysis_Study_20.R	6366a9cdc00fb58df8cd2f012bae8d11ccb80ff5faf0d15413295481ba149601	mirrored	downloaded	analysis_code_inventory					needs_artifact_inspection	inspect_code_for_table_inputs_outputs_and_conversion_logic	generated_from_inventory_task=inventory_task_753993910fcf426e; cluster_id=cluster_investigating_the_replicability_of_preclinical_cancer_biology_ca7b83bfae6f	2026-05-01
source_artifact_5c006a8a87fbcd98	rpcb | doi:10.7554/eLife.71601	code_file	github	data/raw/corpus_candidates/rpcb/Individual replication audits/RPCB_Final_Analysis_Study_21.R	rpcb | doi:10.7554/eLife.71601	RPCB_Final_Analysis_Study_21.R				data/raw/corpus_candidates/rpcb/Individual replication audits	RPCB_Final_Analysis_Study_21.R	r		16629	data/raw/corpus_candidates/rpcb/Individual replication audits/RPCB_Final_Analysis_Study_21.R	f4a099b784104ab517598f7ae9c56b152de0a972df55b9fa743de91b5d844d4c	mirrored	downloaded	analysis_code_inventory					needs_artifact_inspection	inspect_code_for_table_inputs_outputs_and_conversion_logic	generated_from_inventory_task=inventory_task_753993910fcf426e; cluster_id=cluster_investigating_the_replicability_of_preclinical_cancer_biology_ca7b83bfae6f	2026-05-01
source_artifact_01c3bb29b497e4b2	rpcb | doi:10.7554/eLife.71601	code_file	github	data/raw/corpus_candidates/rpcb/Individual replication audits/RPCB_Final_Analysis_Study_24.R	rpcb | doi:10.7554/eLife.71601	RPCB_Final_Analysis_Study_24.R				data/raw/corpus_candidates/rpcb/Individual replication audits	RPCB_Final_Analysis_Study_24.R	r		108011	data/raw/corpus_candidates/rpcb/Individual replication audits/RPCB_Final_Analysis_Study_24.R	6685dbf9320d488d559167c24b8afc6a8e10caa05275ceab910f6c68c4185b6e	mirrored	downloaded	analysis_code_inventory					needs_artifact_inspection	inspect_code_for_table_inputs_outputs_and_conversion_logic	generated_from_inventory_task=inventory_task_753993910fcf426e; cluster_id=cluster_investigating_the_replicability_of_preclinical_cancer_biology_ca7b83bfae6f	2026-05-01
source_artifact_bd0a7cab89045406	rpcb | doi:10.7554/eLife.71601	code_file	github	data/raw/corpus_candidates/rpcb/Individual replication audits/RPCB_Final_Analysis_Study_28.R	rpcb | doi:10.7554/eLife.71601	RPCB_Final_Analysis_Study_28.R				data/raw/corpus_candidates/rpcb/Individual replication audits	RPCB_Final_Analysis_Study_28.R	r		29169	data/raw/corpus_candidates/rpcb/Individual replication audits/RPCB_Final_Analysis_Study_28.R	6af13d2f44f14d0b9a1df377bd1ed53863b93e200e6fb8f594f04b9d112864a9	mirrored	downloaded	analysis_code_inventory					needs_artifact_inspection	inspect_code_for_table_inputs_outputs_and_conversion_logic	generated_from_inventory_task=inventory_task_753993910fcf426e; cluster_id=cluster_investigating_the_replicability_of_preclinical_cancer_biology_ca7b83bfae6f	2026-05-01
source_artifact_0f18dd2a97256805	rpcb | doi:10.7554/eLife.71601	code_file	github	data/raw/corpus_candidates/rpcb/Individual replication audits/RPCB_Final_Analysis_Study_29.R	rpcb | doi:10.7554/eLife.71601	RPCB_Final_Analysis_Study_29.R				data/raw/corpus_candidates/rpcb/Individual replication audits	RPCB_Final_Analysis_Study_29.R	r		23824	data/raw/corpus_candidates/rpcb/Individual replication audits/RPCB_Final_Analysis_Study_29.R	d7d7c2a1bb4fbc131d9a0de6ed19a8d0fa91d15a1b2a30a8630563acfd13b1a7	mirrored	downloaded	analysis_code_inventory					needs_artifact_inspection	inspect_code_for_table_inputs_outputs_and_conversion_logic	generated_from_inventory_task=inventory_task_753993910fcf426e; cluster_id=cluster_investigating_the_replicability_of_preclinical_cancer_biology_ca7b83bfae6f	2026-05-01
source_artifact_89ddd071c8612df2	rpcb | doi:10.7554/eLife.71601	code_file	github	data/raw/corpus_candidates/rpcb/Individual replication audits/RPCB_Final_Analysis_Study_37.R	rpcb | doi:10.7554/eLife.71601	RPCB_Final_Analysis_Study_37.R				data/raw/corpus_candidates/rpcb/Individual replication audits	RPCB_Final_Analysis_Study_37.R	r		19816	data/raw/corpus_candidates/rpcb/Individual replication audits/RPCB_Final_Analysis_Study_37.R	d043be8b00043ad6eafd00be84e81bfad9bd1695e2924198820d5b33d2a951c6	mirrored	downloaded	analysis_code_inventory					needs_artifact_inspection	inspect_code_for_table_inputs_outputs_and_conversion_logic	generated_from_inventory_task=inventory_task_753993910fcf426e; cluster_id=cluster_investigating_the_replicability_of_preclinical_cancer_biology_ca7b83bfae6f	2026-05-01
source_artifact_3e1dad0f9822a4a8	rpcb | doi:10.7554/eLife.71601	code_file	github	data/raw/corpus_candidates/rpcb/Individual replication audits/RPCB_Final_Analysis_Study_39.R	rpcb | doi:10.7554/eLife.71601	RPCB_Final_Analysis_Study_39.R				data/raw/corpus_candidates/rpcb/Individual replication audits	RPCB_Final_Analysis_Study_39.R	r		4658	data/raw/corpus_candidates/rpcb/Individual replication audits/RPCB_Final_Analysis_Study_39.R	a2e145a36b22e152dd15f07284d7a2a4c1c73b5fe3f450ba5393af7d78f18b19	mirrored	downloaded	analysis_code_inventory					needs_artifact_inspection	inspect_code_for_table_inputs_outputs_and_conversion_logic	generated_from_inventory_task=inventory_task_753993910fcf426e; cluster_id=cluster_investigating_the_replicability_of_preclinical_cancer_biology_ca7b83bfae6f	2026-05-01
source_artifact_91e64290285c6109	rpcb | doi:10.7554/eLife.71601	code_file	github	data/raw/corpus_candidates/rpcb/Individual replication audits/RPCB_Final_Analysis_Study_41.R	rpcb | doi:10.7554/eLife.71601	RPCB_Final_Analysis_Study_41.R				data/raw/corpus_candidates/rpcb/Individual replication audits	RPCB_Final_Analysis_Study_41.R	r		25276	data/raw/corpus_candidates/rpcb/Individual replication audits/RPCB_Final_Analysis_Study_41.R	8fcf0ac7f1c30d0049b10b358aaa1ec3f23fe2e6476c98b1126373607e1fb4b6	mirrored	downloaded	analysis_code_inventory					needs_artifact_inspection	inspect_code_for_table_inputs_outputs_and_conversion_logic	generated_from_inventory_task=inventory_task_753993910fcf426e; cluster_id=cluster_investigating_the_replicability_of_preclinical_cancer_biology_ca7b83bfae6f	2026-05-01
source_artifact_e0b25aff587e0a2d	rpcb | doi:10.7554/eLife.71601	code_file	github	data/raw/corpus_candidates/rpcb/Individual replication audits/RPCB_Final_Analysis_Study_42.R	rpcb | doi:10.7554/eLife.71601	RPCB_Final_Analysis_Study_42.R				data/raw/corpus_candidates/rpcb/Individual replication audits	RPCB_Final_Analysis_Study_42.R	r		25134	data/raw/corpus_candidates/rpcb/Individual replication audits/RPCB_Final_Analysis_Study_42.R	7191e033f55bda10127f4f210f0bbdb70ea58e42ab4d3e52993f75adac9ed46a	mirrored	downloaded	analysis_code_inventory					needs_artifact_inspection	inspect_code_for_table_inputs_outputs_and_conversion_logic	generated_from_inventory_task=inventory_task_753993910fcf426e; cluster_id=cluster_investigating_the_replicability_of_preclinical_cancer_biology_ca7b83bfae6f	2026-05-01
source_artifact_84f7303bf11034f6	rpcb | doi:10.7554/eLife.71601	code_file	github	data/raw/corpus_candidates/rpcb/Individual replication audits/RPCB_Final_Analysis_Study_44.R	rpcb | doi:10.7554/eLife.71601	RPCB_Final_Analysis_Study_44.R				data/raw/corpus_candidates/rpcb/Individual replication audits	RPCB_Final_Analysis_Study_44.R	r		11904	data/raw/corpus_candidates/rpcb/Individual replication audits/RPCB_Final_Analysis_Study_44.R	a9112f1de4913634e7e678a43560774f49a4c526d04cae4f1b07df583fb3a7b3	mirrored	downloaded	analysis_code_inventory					needs_artifact_inspection	inspect_code_for_table_inputs_outputs_and_conversion_logic	generated_from_inventory_task=inventory_task_753993910fcf426e; cluster_id=cluster_investigating_the_replicability_of_preclinical_cancer_biology_ca7b83bfae6f	2026-05-01
source_artifact_ad0ce8905e5c04c2	rpcb | doi:10.7554/eLife.71601	code_file	github	data/raw/corpus_candidates/rpcb/Individual replication audits/RPCB_Final_Analysis_Study_47.R	rpcb | doi:10.7554/eLife.71601	RPCB_Final_Analysis_Study_47.R				data/raw/corpus_candidates/rpcb/Individual replication audits	RPCB_Final_Analysis_Study_47.R	r		44760	data/raw/corpus_candidates/rpcb/Individual replication audits/RPCB_Final_Analysis_Study_47.R	e6a93b10a156c601407eaf69f2702b09709a2bccd5d56da0920192b07f94b192	mirrored	downloaded	analysis_code_inventory					needs_artifact_inspection	inspect_code_for_table_inputs_outputs_and_conversion_logic	generated_from_inventory_task=inventory_task_753993910fcf426e; cluster_id=cluster_investigating_the_replicability_of_preclinical_cancer_biology_ca7b83bfae6f	2026-05-01
source_artifact_acc93eb917cb4c66	rpcb | doi:10.7554/eLife.71601	code_file	github	data/raw/corpus_candidates/rpcb/Individual replication audits/RPCB_Final_Analysis_Study_48.R	rpcb | doi:10.7554/eLife.71601	RPCB_Final_Analysis_Study_48.R				data/raw/corpus_candidates/rpcb/Individual replication audits	RPCB_Final_Analysis_Study_48.R	r		52157	data/raw/corpus_candidates/rpcb/Individual replication audits/RPCB_Final_Analysis_Study_48.R	1dae0c5a4a7163603f15000ba8b76395b41b23a91f2731499b95bf5e882d70e2	mirrored	downloaded	analysis_code_inventory					needs_artifact_inspection	inspect_code_for_table_inputs_outputs_and_conversion_logic	generated_from_inventory_task=inventory_task_753993910fcf426e; cluster_id=cluster_investigating_the_replicability_of_preclinical_cancer_biology_ca7b83bfae6f	2026-05-01
source_artifact_cadfc933338aa60a	rpcb | doi:10.7554/eLife.71601	code_file	github	data/raw/corpus_candidates/rpcb/Individual replication audits/RPCB_Final_Analysis_Study_50.R	rpcb | doi:10.7554/eLife.71601	RPCB_Final_Analysis_Study_50.R				data/raw/corpus_candidates/rpcb/Individual replication audits	RPCB_Final_Analysis_Study_50.R	r		8769	data/raw/corpus_candidates/rpcb/Individual replication audits/RPCB_Final_Analysis_Study_50.R	cd0d90e741bd262be55f025bd573a1c25ba5cf48f2137f880035f4c07bfe73af	mirrored	downloaded	analysis_code_inventory					needs_artifact_inspection	inspect_code_for_table_inputs_outputs_and_conversion_logic	generated_from_inventory_task=inventory_task_753993910fcf426e; cluster_id=cluster_investigating_the_replicability_of_preclinical_cancer_biology_ca7b83bfae6f	2026-05-01
source_artifact_a0c2d3c381225eb6	rpcb | doi:10.7554/eLife.71601	code_file	github	data/raw/corpus_candidates/rpcb/Individual replication audits/RPCB_Final_Analysis_Study_Template.R	rpcb | doi:10.7554/eLife.71601	RPCB_Final_Analysis_Study_Template.R				data/raw/corpus_candidates/rpcb/Individual replication audits	RPCB_Final_Analysis_Study_Template.R	r		6246	data/raw/corpus_candidates/rpcb/Individual replication audits/RPCB_Final_Analysis_Study_Template.R	7f26caae3cc42ba6c25b0665d17d711dbab8a01ac4a8b5a8b7ff00c07d6486a3	mirrored	downloaded	analysis_code_inventory					needs_artifact_inspection	inspect_code_for_table_inputs_outputs_and_conversion_logic	generated_from_inventory_task=inventory_task_753993910fcf426e; cluster_id=cluster_investigating_the_replicability_of_preclinical_cancer_biology_ca7b83bfae6f	2026-05-01
source_artifact_4959849f2094dca5	rpcb | doi:10.7554/eLife.71601	codebook	github	data/raw/corpus_candidates/rpcb/RP_CB Final Analysis - Effect level data dictionary.csv	rpcb | doi:10.7554/eLife.71601	RP_CB Final Analysis - Effect level data dictionary.csv				data/raw/corpus_candidates/rpcb	RP_CB Final Analysis - Effect level data dictionary.csv	csv	text/csv	19992	data/raw/corpus_candidates/rpcb/RP_CB Final Analysis - Effect level data dictionary.csv	5c92bdba30780dbfb04e0f43f3c156664f879cab5b6620b75a3a9cd6713530f2	mirrored	downloaded	csv_table_parser		header: Variable name			needs_artifact_inspection	inspect_table_header_and_codebook_before_parser_assignment	generated_from_inventory_task=inventory_task_753993910fcf426e; cluster_id=cluster_investigating_the_replicability_of_preclinical_cancer_biology_ca7b83bfae6f	2026-05-01
source_artifact_211222091335d777	rpcb | doi:10.7554/eLife.71601	data_file	github	data/raw/corpus_candidates/rpcb/RP_CB Final Analysis - Effect level data.csv	rpcb | doi:10.7554/eLife.71601	RP_CB Final Analysis - Effect level data.csv				data/raw/corpus_candidates/rpcb	RP_CB Final Analysis - Effect level data.csv	csv	text/csv	116538	data/raw/corpus_candidates/rpcb/RP_CB Final Analysis - Effect level data.csv	df1b7186b9cd3050141ccb67efa9c77f02383d769bf2babb94f5fecfc5d45bd4	mirrored	downloaded	csv_table_parser	header: Internal replication # | Expected difference based on the original paper? | Observed difference in replication? | Original sample size | Replication sample size | Was a statistical test reported in the original paper? | Statistical test applied to original data | Original test statistic type | Original test statistic value | Original df1 | Original df2 | Original p value | Replication statistical test | Replication test statistic type | Replication test statistic value | Replication df1 | Replication df2 | Replication p value | Was original data representative? | Original point difference (for representative data)	header: Original sample size | Replication sample size	header: Effect # | Internal replication # | Effect description | Observed difference in replication? | Was a statistical test reported in the original paper? | What statistical test was reported? | Statistical test applied to original data | Original test statistic type | Original test statistic value | Original p value | Replication statistical test | Replication test statistic type | Replication test statistic value | Replication p value | Was original data representative? | Original point difference (for representative data) | Replication raw difference (if original reported representative data) | Replication raw difference type (mean or median) | Replication raw diference standard error | Replication raw difference lower CI			inspect_table_for_original_replication_pair_rows	generated_from_inventory_task=inventory_task_753993910fcf426e; cluster_id=cluster_investigating_the_replicability_of_preclinical_cancer_biology_ca7b83bfae6f	2026-05-01
source_artifact_5c93fe6d8f458720	rpcb | doi:10.7554/eLife.71601	codebook	github	data/raw/corpus_candidates/rpcb/RP_CB Final Analysis - Experiment level data dictionary.csv	rpcb | doi:10.7554/eLife.71601	RP_CB Final Analysis - Experiment level data dictionary.csv				data/raw/corpus_candidates/rpcb	RP_CB Final Analysis - Experiment level data dictionary.csv	csv	text/csv	15065	data/raw/corpus_candidates/rpcb/RP_CB Final Analysis - Experiment level data dictionary.csv	7432b12b5fc65fa6b8583746da45da94c7bafbd744ebecd9ee5cfa3ebccb2cc7	mirrored	downloaded	csv_table_parser		header: Variable name			needs_artifact_inspection	inspect_table_header_and_codebook_before_parser_assignment	generated_from_inventory_task=inventory_task_753993910fcf426e; cluster_id=cluster_investigating_the_replicability_of_preclinical_cancer_biology_ca7b83bfae6f	2026-05-01
source_artifact_df9302882fde43ee	rpcb | doi:10.7554/eLife.71601	data_file	github	data/raw/corpus_candidates/rpcb/RP_CB Final Analysis - Experiment level data.csv	rpcb | doi:10.7554/eLife.71601	RP_CB Final Analysis - Experiment level data.csv				data/raw/corpus_candidates/rpcb	RP_CB Final Analysis - Experiment level data.csv	csv	text/csv	71213	data/raw/corpus_candidates/rpcb/RP_CB Final Analysis - Experiment level data.csv	278086ca2cf856062e996be66e939eff93c3cd9d7f946f983758e03433f173e9	mirrored	downloaded	csv_table_parser	header: Original paper figure | Was experiment originally identified by RP:CB team | Clarifications asked of original authors | Quality of response from original authors | Data shared by original authors | Code shared by original authors | Original sample number (reported) | Replication sample number (power) | Replication sample number (reported) | Replication experiment attempted | Replication experiment completed | Replication study figure | Were materials shippped between replicating labs? | If a material was shipped between replicating labs, what was it? | Was the original experiment blinded? | Was the replication experiment blinded? | Was the original experiment randomized? | Was the replication experiment randomized? | Was the original experiment sample size determined a priori? | Was the replication experiment sample size determined a priori?	header: Original sample number (reported) | Replication sample number (power) | Replication sample number (reported) | Changes needed during experimentation? | If modifications were needed for experiment to proceed, what were they? | Was the original experiment sample size determined a priori? | Was the replication experiment sample size determined a priori?	header: Was experiment originally identified by RP:CB team | Quality of response from original authors | Registered Report protocol | Were materials shippped between replicating labs? | If a material was shipped between replicating labs, what was it? | Was the replication experiment blinded? | Was the original experiment randomized? | Was the replication experiment randomized? | Was the replication experiment sample size determined a priori? | Was a statistical test reported in the original paper? | What statistical test(s) was reported? | Was variation of biological repeats reported in the original experiment?			inspect_table_for_original_replication_pair_rows	generated_from_inventory_task=inventory_task_753993910fcf426e; cluster_id=cluster_investigating_the_replicability_of_preclinical_cancer_biology_ca7b83bfae6f	2026-05-01
source_artifact_ea6b7f0ba1a2e92c	rpcb | doi:10.7554/eLife.71601	codebook	github	data/raw/corpus_candidates/rpcb/RP_CB Final Analysis - Paper level data dictionary.csv	rpcb | doi:10.7554/eLife.71601	RP_CB Final Analysis - Paper level data dictionary.csv				data/raw/corpus_candidates/rpcb	RP_CB Final Analysis - Paper level data dictionary.csv	csv	text/csv	4465	data/raw/corpus_candidates/rpcb/RP_CB Final Analysis - Paper level data dictionary.csv	96017508043e3203904da3144bb99273a37d02710b3833dc22cee71dc8753613	mirrored	downloaded	csv_table_parser		header: Variable name			needs_artifact_inspection	inspect_table_header_and_codebook_before_parser_assignment	generated_from_inventory_task=inventory_task_753993910fcf426e; cluster_id=cluster_investigating_the_replicability_of_preclinical_cancer_biology_ca7b83bfae6f	2026-05-01
source_artifact_2e34f6763a05005a	rpcb | doi:10.7554/eLife.71601	data_file	github	data/raw/corpus_candidates/rpcb/RP_CB Final Analysis - Paper level data.csv	rpcb | doi:10.7554/eLife.71601	RP_CB Final Analysis - Paper level data.csv				data/raw/corpus_candidates/rpcb	RP_CB Final Analysis - Paper level data.csv	csv	text/csv	18652	data/raw/corpus_candidates/rpcb/RP_CB Final Analysis - Paper level data.csv	0a7936525dabb0a4b39210fbd4c755be96c457fbf49d2c076c7fd754e9aa4b9b	mirrored	downloaded	csv_table_parser	header: Original paper title | Original paper journal | Number of original authors | Draft protocol shared with original authors date | Budget per paper at project onset when originally identified by RP:CB team | Actual budget at completion of replication attempt | Replication study fully completed | If Replication study incomplete, why? | Replication study submission date | Replication study acceptance date | Link to Replication study | Did original authors respond to any emails? | Did the original paper have a potential conflict of issue statement? | Did the replication study have a potential conflict of issue statement?	header: 	header: Budget per paper at project onset when originally identified by RP:CB team | Anticipated budget when Registered Report manuscript ready for submission to eLife | Anticipated budget when Registered Report accepted and published in eLife | Actual budget at completion of replication attempt | Registered Report submission date | Registered Report acceptance date | Link to Registered Report | If Replication study incomplete, why? | Link to Replication study | Did original authors respond to any emails? | Did the original paper have a potential conflict of issue statement? | Did the replication study have a potential conflict of issue statement?	header: Original paper title | Original paper journal		inspect_table_for_original_replication_pair_rows	generated_from_inventory_task=inventory_task_753993910fcf426e; cluster_id=cluster_investigating_the_replicability_of_preclinical_cancer_biology_ca7b83bfae6f	2026-05-01
source_artifact_10051b1bfaa6f56d	rpcb | doi:10.7554/eLife.71601	file_inventory	github	data/raw/corpus_candidates/rpcb/osf_file_manifest.csv	rpcb | doi:10.7554/eLife.71601	osf_file_manifest.csv				data/raw/corpus_candidates/rpcb	osf_file_manifest.csv	csv	text/csv	2937	data/raw/corpus_candidates/rpcb/osf_file_manifest.csv	5a276f4d8cc8a445373274f7c2f2a24763f8799c235bee7c4c6134b96431a4b7	mirrored	downloaded	csv_table_parser					needs_artifact_inspection	use_inventory_to_map_provider_files_and_local_mirrors	generated_from_inventory_task=inventory_task_753993910fcf426e; cluster_id=cluster_investigating_the_replicability_of_preclinical_cancer_biology_ca7b83bfae6f	2026-05-01
source_artifact_ad88b715a1ebba78	rpcb | doi:10.7554/eLife.71601	local_mirror	github	data/raw/corpus_candidates/rpcb/osf_node_e5nvr_files.json	rpcb | doi:10.7554/eLife.71601	osf_node_e5nvr_files.json				data/raw/corpus_candidates/rpcb	osf_node_e5nvr_files.json	json	application/json	14926	data/raw/corpus_candidates/rpcb/osf_node_e5nvr_files.json	e7d72a6e61a0ed6f520eaa24357f3e3a4b3c72964cc7a4677a083f1b1417f798	mirrored	downloaded	json_metadata_inventory					needs_artifact_inspection	keep_as_context_or_assign_parser_after_review	generated_from_inventory_task=inventory_task_753993910fcf426e; cluster_id=cluster_investigating_the_replicability_of_preclinical_cancer_biology_ca7b83bfae6f	2026-05-01
source_artifact_353343a71048a261	rpcb | doi:10.7554/eLife.71601	local_mirror	github	data/raw/replication_projects/lead_harvest/rpcb_e5nvr/landing_preview.bin	rpcb | doi:10.7554/eLife.71601	landing_preview.bin				data/raw/replication_projects/lead_harvest/rpcb_e5nvr	landing_preview.bin	bin	application/octet-stream	4190	data/raw/replication_projects/lead_harvest/rpcb_e5nvr/landing_preview.bin	f3803f2a23b9403312505079a2ad40ced8f78ea150e0c90592373e2a4d2c3a3e	mirrored	downloaded	binary_probe_context					needs_artifact_inspection	keep_as_context_or_assign_parser_after_review	generated_from_inventory_task=inventory_task_753993910fcf426e; cluster_id=cluster_investigating_the_replicability_of_preclinical_cancer_biology_ca7b83bfae6f	2026-05-01
source_artifact_8967d277a2ec41f1	rpcb | doi:10.7554/eLife.71601	source_access_metadata	github	data/raw/replication_projects/lead_harvest/rpcb_e5nvr/landing_probe.json	rpcb | doi:10.7554/eLife.71601	landing_probe.json				data/raw/replication_projects/lead_harvest/rpcb_e5nvr	landing_probe.json	json	application/json	355	data/raw/replication_projects/lead_harvest/rpcb_e5nvr/landing_probe.json	8ee3b76cb7ef05f8cffefe313b1295d9538997576dd22a77293e470c64355920	inventoried_metadata_only	downloaded	json_metadata_inventory					needs_artifact_inspection	attach_as_access_metadata_to_matching_artifact	generated_from_inventory_task=inventory_task_753993910fcf426e; cluster_id=cluster_investigating_the_replicability_of_preclinical_cancer_biology_ca7b83bfae6f	2026-05-01
source_artifact_9618a44962f8c40e	rpcb | doi:10.7554/eLife.71601	codebook	github	https://osf.io/download/wx6be/	rpcb | doi:10.7554/eLife.71601	osf_01__RP_CB_Final_Analysis_-_Paper_level_data_dictionary.csv	https://osf.io/download/wx6be/	https://storage.googleapis.com/cos-osf-prod-files-us-east1/96017508043e3203904da3144bb99273a37d02710b3833dc22cee71dc8753613?response-content-disposition=attachment%3B%20filename%3D%22RP_CB%20Final%20Analysis%20-%20Paper%20level%20data%20dictionary.csv%22%3B%20filename%2A%3DUTF-8%27%27RP_CB%2520Final%2520Analysis%2520-%2520Paper%2520level%2520data%2520dictionary.csv&GoogleAccessId=files-us%40cos-osf-prod.iam.gserviceaccount.com&Expires=1776921274&Signature=Jv3Lds6L%2FX%2F7%2FS9JTfI1Qj2faDOXY4vtLsnikuMq0v1xscrW7udVzkX19hukn0mv7wNsxE0aeiWXSrcto8MttIogfKaQKdyztyxRIo8JjGAfqL0NiGa4JTImMgdrbQTRLhY3fEyLc3aeytdKZEDhhzEkdsHfy0ZNvVp72qhYyGhN4qzE%2FLqf8q0PEkNZ9H%2B9P0umXChq6SEETKWg6Q6KLSC5xLW5pBaEqchY%2FON28K1Vycl%2BGOJfxFTCD6tIZVIdSGwDGQpTmITnvbi8wiugjvUcJouh0g64zvwNU%2FW5NP9T953kW6ohgryIaCJqdj2YT2w9Mxli5%2BldTIW4KDlm8Q%3D%3D		data/raw/replication_projects/lead_harvest/rpcb_e5nvr	osf_01__RP_CB_Final_Analysis_-_Paper_level_data_dictionary.csv	csv	application/octet-stream	4465	data/raw/replication_projects/lead_harvest/rpcb_e5nvr/osf_01__RP_CB_Final_Analysis_-_Paper_level_data_dictionary.csv	96017508043e3203904da3144bb99273a37d02710b3833dc22cee71dc8753613	mirrored	downloaded	csv_table_parser		header: Variable name			needs_artifact_inspection	inspect_table_header_and_codebook_before_parser_assignment	generated_from_inventory_task=inventory_task_753993910fcf426e; cluster_id=cluster_investigating_the_replicability_of_preclinical_cancer_biology_ca7b83bfae6f	2026-05-01
source_artifact_5871ecf551495cb7	rpcb | doi:10.7554/eLife.71601	source_access_metadata	github	data/raw/replication_projects/lead_harvest/rpcb_e5nvr/osf_01_download.json	rpcb | doi:10.7554/eLife.71601	osf_01_download.json				data/raw/replication_projects/lead_harvest/rpcb_e5nvr	osf_01_download.json	json	application/json	1333	data/raw/replication_projects/lead_harvest/rpcb_e5nvr/osf_01_download.json	0610aecdb595f9337c85d8b7b1ed3514892539be859dbb9eb217ed1aa22fa99a	inventoried_metadata_only	downloaded	json_metadata_inventory					needs_artifact_inspection	attach_as_access_metadata_to_matching_artifact	generated_from_inventory_task=inventory_task_753993910fcf426e; cluster_id=cluster_investigating_the_replicability_of_preclinical_cancer_biology_ca7b83bfae6f	2026-05-01
source_artifact_8ba51ebb7fce532d	rpcb | doi:10.7554/eLife.71601	codebook	github	https://osf.io/download/c2rfy/	rpcb | doi:10.7554/eLife.71601	osf_02__RP_CB_Final_Analysis_-_Experiment_level_data_dictionary.csv	https://osf.io/download/c2rfy/	https://storage.googleapis.com/cos-osf-prod-files-us-east1/7432b12b5fc65fa6b8583746da45da94c7bafbd744ebecd9ee5cfa3ebccb2cc7?response-content-disposition=attachment%3B%20filename%3D%22RP_CB%20Final%20Analysis%20-%20Experiment%20level%20data%20dictionary.csv%22%3B%20filename%2A%3DUTF-8%27%27RP_CB%2520Final%2520Analysis%2520-%2520Experiment%2520level%2520data%2520dictionary.csv&GoogleAccessId=files-us%40cos-osf-prod.iam.gserviceaccount.com&Expires=1776921276&Signature=SRJ4KElqhO%2F1VQRP6j2IetdopUjXSUws6qSXaJyDru68k0CuvncydD7oLO75FQ24SQ1GynfFFbgxbljUnijygVlK48gXoBdL%2Fk5ZYu1nc5uUrX9Qm5PA28D%2BTvjOSOfaWGTNW57%2FHiB49FiarVOoFNTAhRk852Fc8odxX549PeZro6Ikv5LZkX1rTsN6or%2FzKK5YrYVyBMn5BMiHjhRzSrigi%2BCWkqGpTwKx3XhT%2Ft02CeKMRBknn7Ia1Caosz8xbcP6wBolDeZQwwVqIzBNRcNDY5C8x8kSeOqIC%2Boog1V0RbdQC1Dq7Seo4tEUSx2rLAqf6JVh099Dcxe1r3Y0Mw%3D%3D		data/raw/replication_projects/lead_harvest/rpcb_e5nvr	osf_02__RP_CB_Final_Analysis_-_Experiment_level_data_dictionary.csv	csv	application/octet-stream	15065	data/raw/replication_projects/lead_harvest/rpcb_e5nvr/osf_02__RP_CB_Final_Analysis_-_Experiment_level_data_dictionary.csv	7432b12b5fc65fa6b8583746da45da94c7bafbd744ebecd9ee5cfa3ebccb2cc7	mirrored	downloaded	csv_table_parser		header: Variable name			needs_artifact_inspection	inspect_table_header_and_codebook_before_parser_assignment	generated_from_inventory_task=inventory_task_753993910fcf426e; cluster_id=cluster_investigating_the_replicability_of_preclinical_cancer_biology_ca7b83bfae6f	2026-05-01
source_artifact_d11826d07753d6b2	rpcb | doi:10.7554/eLife.71601	source_access_metadata	github	data/raw/replication_projects/lead_harvest/rpcb_e5nvr/osf_02_download.json	rpcb | doi:10.7554/eLife.71601	osf_02_download.json				data/raw/replication_projects/lead_harvest/rpcb_e5nvr	osf_02_download.json	json	application/json	1348	data/raw/replication_projects/lead_harvest/rpcb_e5nvr/osf_02_download.json	84ce04c978481246db76af3df30022fc5e217bf46b66264608406422ebcb9aa4	inventoried_metadata_only	downloaded	json_metadata_inventory					needs_artifact_inspection	attach_as_access_metadata_to_matching_artifact	generated_from_inventory_task=inventory_task_753993910fcf426e; cluster_id=cluster_investigating_the_replicability_of_preclinical_cancer_biology_ca7b83bfae6f	2026-05-01
source_artifact_75c69a745f003a76	rpcb | doi:10.7554/eLife.71601	data_file	github	https://osf.io/download/aydj2/	rpcb | doi:10.7554/eLife.71601	osf_03__RP_CB_Final_Analysis_-_Paper_level_data.csv	https://osf.io/download/aydj2/	https://storage.googleapis.com/cos-osf-prod-files-us-east1/0a7936525dabb0a4b39210fbd4c755be96c457fbf49d2c076c7fd754e9aa4b9b?response-content-disposition=attachment%3B%20filename%3D%22RP_CB%20Final%20Analysis%20-%20Paper%20level%20data.csv%22%3B%20filename%2A%3DUTF-8%27%27RP_CB%2520Final%2520Analysis%2520-%2520Paper%2520level%2520data.csv&GoogleAccessId=files-us%40cos-osf-prod.iam.gserviceaccount.com&Expires=1776921277&Signature=H94gepGrdrqzr1pPtsR%2BRi685BZRjxMUwqTFjn1qY%2Fit4ELCqhx1iWSbeLZ1qsf7GksxeiIXqhI2tXLjCOrWNMiTa%2FByB6KkXTZxU%2FS392cms1wwfG5ZhZbUc56b4NJyHtiNwK5WL2lvgTJSUS8jOu0H6x5LEGBJHsazTrKswhQRW%2BGArNwIPnsA9kL3kntEJn1ffU%2BERXbl9qzDivCh9FATKOapFV4JYqq67mmcVzVwSbP0jrcwmIcLP5u7H3FUOZYCuFI9Vbf5xzEPFVsR3qxo%2BWIcFfan%2BkztdWr8OK8SIGrbRfUUK22jyVeGuTvGROG7Pkvh5FYN0%2Bh0Hm%2F0zA%3D%3D		data/raw/replication_projects/lead_harvest/rpcb_e5nvr	osf_03__RP_CB_Final_Analysis_-_Paper_level_data.csv	csv	application/octet-stream	18652	data/raw/replication_projects/lead_harvest/rpcb_e5nvr/osf_03__RP_CB_Final_Analysis_-_Paper_level_data.csv	0a7936525dabb0a4b39210fbd4c755be96c457fbf49d2c076c7fd754e9aa4b9b	mirrored	downloaded	csv_table_parser	header: Original paper title | Original paper journal | Number of original authors | Draft protocol shared with original authors date | Budget per paper at project onset when originally identified by RP:CB team | Actual budget at completion of replication attempt | Replication study fully completed | If Replication study incomplete, why? | Replication study submission date | Replication study acceptance date | Link to Replication study | Did original authors respond to any emails? | Did the original paper have a potential conflict of issue statement? | Did the replication study have a potential conflict of issue statement?	header: 	header: Budget per paper at project onset when originally identified by RP:CB team | Anticipated budget when Registered Report manuscript ready for submission to eLife | Anticipated budget when Registered Report accepted and published in eLife | Actual budget at completion of replication attempt | Registered Report submission date | Registered Report acceptance date | Link to Registered Report | If Replication study incomplete, why? | Link to Replication study | Did original authors respond to any emails? | Did the original paper have a potential conflict of issue statement? | Did the replication study have a potential conflict of issue statement?	header: Original paper title | Original paper journal		inspect_table_for_original_replication_pair_rows	generated_from_inventory_task=inventory_task_753993910fcf426e; cluster_id=cluster_investigating_the_replicability_of_preclinical_cancer_biology_ca7b83bfae6f	2026-05-01
source_artifact_ff3f2be6978477b4	rpcb | doi:10.7554/eLife.71601	source_access_metadata	github	data/raw/replication_projects/lead_harvest/rpcb_e5nvr/osf_03_download.json	rpcb | doi:10.7554/eLife.71601	osf_03_download.json				data/raw/replication_projects/lead_harvest/rpcb_e5nvr	osf_03_download.json	json	application/json	1298	data/raw/replication_projects/lead_harvest/rpcb_e5nvr/osf_03_download.json	b3b15dd881c41b3cf4e34893477430cebb929b64965e661070cc55a7f1c0dbaa	inventoried_metadata_only	downloaded	json_metadata_inventory					needs_artifact_inspection	attach_as_access_metadata_to_matching_artifact	generated_from_inventory_task=inventory_task_753993910fcf426e; cluster_id=cluster_investigating_the_replicability_of_preclinical_cancer_biology_ca7b83bfae6f	2026-05-01
source_artifact_f7cc257b79c1f4ce	rpcb | doi:10.7554/eLife.71601	codebook	github	https://osf.io/download/afexp/	rpcb | doi:10.7554/eLife.71601	osf_04__RP_CB_Final_Analysis_-_Effect_level_data_dictionary.csv	https://osf.io/download/afexp/	https://storage.googleapis.com/cos-osf-prod-files-us-east1/5c92bdba30780dbfb04e0f43f3c156664f879cab5b6620b75a3a9cd6713530f2?response-content-disposition=attachment%3B%20filename%3D%22RP_CB%20Final%20Analysis%20-%20Effect%20level%20data%20dictionary.csv%22%3B%20filename%2A%3DUTF-8%27%27RP_CB%2520Final%2520Analysis%2520-%2520Effect%2520level%2520data%2520dictionary.csv&GoogleAccessId=files-us%40cos-osf-prod.iam.gserviceaccount.com&Expires=1776921278&Signature=Rv%2FCyviGkNKGUc%2FuH8mhhWWFxCVVjzQ5dVakj2bOYIDe%2FvXmI62YS23NXYC9X6NDUR0Pxg60loCSbaBZpZJxnWtfNLNBc%2BSh2xZgp2JyTdFwC14JhCGdYnn5CEJLRofdnOq5fj%2BZ%2FziBm1VQ%2Fm7dpjkQuwzOowm6hbZqWSgnN%2Bz8scq7LjgUgV9buAj%2BnU2cwzNRJK4TZct9fzW7cfgUioOUpEjQJaZ%2F5f25a9mLm%2BhLY8dQbCOHsLoRYgkxUpb%2BMwTRRgUOOvJ8jAsg0n0rwl8MSACWvyZ%2FfiHWBSwdgPM5RRaxbL%2BrXf6tsoxnhMcMqd1iV74ruKuK%2FV%2FrFXU%2FiA%3D%3D		data/raw/replication_projects/lead_harvest/rpcb_e5nvr	osf_04__RP_CB_Final_Analysis_-_Effect_level_data_dictionary.csv	csv	application/octet-stream	19992	data/raw/replication_projects/lead_harvest/rpcb_e5nvr/osf_04__RP_CB_Final_Analysis_-_Effect_level_data_dictionary.csv	5c92bdba30780dbfb04e0f43f3c156664f879cab5b6620b75a3a9cd6713530f2	mirrored	downloaded	csv_table_parser		header: Variable name			needs_artifact_inspection	inspect_table_header_and_codebook_before_parser_assignment	generated_from_inventory_task=inventory_task_753993910fcf426e; cluster_id=cluster_investigating_the_replicability_of_preclinical_cancer_biology_ca7b83bfae6f	2026-05-01
source_artifact_8c393065401e7ce2	rpcb | doi:10.7554/eLife.71601	source_access_metadata	github	data/raw/replication_projects/lead_harvest/rpcb_e5nvr/osf_04_download.json	rpcb | doi:10.7554/eLife.71601	osf_04_download.json				data/raw/replication_projects/lead_harvest/rpcb_e5nvr	osf_04_download.json	json	application/json	1354	data/raw/replication_projects/lead_harvest/rpcb_e5nvr/osf_04_download.json	2c1057c9bf675ff4ecc5b134fe46f63606e253ac213297794682912f23f4cfe7	inventoried_metadata_only	downloaded	json_metadata_inventory					needs_artifact_inspection	attach_as_access_metadata_to_matching_artifact	generated_from_inventory_task=inventory_task_753993910fcf426e; cluster_id=cluster_investigating_the_replicability_of_preclinical_cancer_biology_ca7b83bfae6f	2026-05-01
source_artifact_88db70d07bf78844	rpcb | doi:10.7554/eLife.71601	data_file	github	https://osf.io/download/fv6te/	rpcb | doi:10.7554/eLife.71601	osf_05__RP_CB_Final_Analysis_-_Experiment_level_data.csv	https://osf.io/download/fv6te/	https://storage.googleapis.com/cos-osf-prod-files-us-east1/278086ca2cf856062e996be66e939eff93c3cd9d7f946f983758e03433f173e9?response-content-disposition=attachment%3B%20filename%3D%22RP_CB%20Final%20Analysis%20-%20Experiment%20level%20data.csv%22%3B%20filename%2A%3DUTF-8%27%27RP_CB%2520Final%2520Analysis%2520-%2520Experiment%2520level%2520data.csv&GoogleAccessId=files-us%40cos-osf-prod.iam.gserviceaccount.com&Expires=1776921280&Signature=WXz1z1BVWkhbWduWgLT1dSGn%2FNjfiCDVPJZZjpWjkGylr4dbycbuKoDM6fUzdAPCRIRLS1MZLZM8YHiqZvZ2zd3i4nfYD2dD2Sm6xbdO5cS9ogDM2n8boFh8%2FgVs8%2BMp35s4%2BJif57xDfaoNLhB6EMLfXSL766QhWXcXy7wEWxCMMa66nEIZEP0nJYWJXwGLHL5jiZXS5d%2FLYTgcMIZr632Y4%2B3LrYMS1ZjAwzA7%2FPFJQHen70XBsk9X2G2baXQmyzukulZKTKmME2TU8gBD9%2BQcLpagpamjc9fPKXWfV2iHsfWaf0GLrWVId3aEvP%2FWvtqX85UE1DDQuHjp314ovA%3D%3D		data/raw/replication_projects/lead_harvest/rpcb_e5nvr	osf_05__RP_CB_Final_Analysis_-_Experiment_level_data.csv	csv	application/octet-stream	71213	data/raw/replication_projects/lead_harvest/rpcb_e5nvr/osf_05__RP_CB_Final_Analysis_-_Experiment_level_data.csv	278086ca2cf856062e996be66e939eff93c3cd9d7f946f983758e03433f173e9	mirrored	downloaded	csv_table_parser	header: Original paper figure | Was experiment originally identified by RP:CB team | Clarifications asked of original authors | Quality of response from original authors | Data shared by original authors | Code shared by original authors | Original sample number (reported) | Replication sample number (power) | Replication sample number (reported) | Replication experiment attempted | Replication experiment completed | Replication study figure | Were materials shippped between replicating labs? | If a material was shipped between replicating labs, what was it? | Was the original experiment blinded? | Was the replication experiment blinded? | Was the original experiment randomized? | Was the replication experiment randomized? | Was the original experiment sample size determined a priori? | Was the replication experiment sample size determined a priori?	header: Original sample number (reported) | Replication sample number (power) | Replication sample number (reported) | Changes needed during experimentation? | If modifications were needed for experiment to proceed, what were they? | Was the original experiment sample size determined a priori? | Was the replication experiment sample size determined a priori?	header: Was experiment originally identified by RP:CB team | Quality of response from original authors | Registered Report protocol | Were materials shippped between replicating labs? | If a material was shipped between replicating labs, what was it? | Was the replication experiment blinded? | Was the original experiment randomized? | Was the replication experiment randomized? | Was the replication experiment sample size determined a priori? | Was a statistical test reported in the original paper? | What statistical test(s) was reported? | Was variation of biological repeats reported in the original experiment?			inspect_table_for_original_replication_pair_rows	generated_from_inventory_task=inventory_task_753993910fcf426e; cluster_id=cluster_investigating_the_replicability_of_preclinical_cancer_biology_ca7b83bfae6f	2026-05-01
source_artifact_c45495b8575bf1ed	rpcb | doi:10.7554/eLife.71601	source_access_metadata	github	data/raw/replication_projects/lead_harvest/rpcb_e5nvr/osf_05_download.json	rpcb | doi:10.7554/eLife.71601	osf_05_download.json				data/raw/replication_projects/lead_harvest/rpcb_e5nvr	osf_05_download.json	json	application/json	1311	data/raw/replication_projects/lead_harvest/rpcb_e5nvr/osf_05_download.json	2a4aa017a36e09997bf5e6e8e653817204ced49320001e350478b1d5e77ed23f	inventoried_metadata_only	downloaded	json_metadata_inventory					needs_artifact_inspection	attach_as_access_metadata_to_matching_artifact	generated_from_inventory_task=inventory_task_753993910fcf426e; cluster_id=cluster_investigating_the_replicability_of_preclinical_cancer_biology_ca7b83bfae6f	2026-05-01
source_artifact_9c04ba3cd495cc03	rpcb | doi:10.7554/eLife.71601	data_file	github	https://osf.io/download/39s7j/	rpcb | doi:10.7554/eLife.71601	osf_06__RP_CB_Final_Analysis_-_Effect_level_data.csv	https://osf.io/download/39s7j/	https://storage.googleapis.com/cos-osf-prod-files-us-east1/111a99b2fa5834161f48fc3038b96545dcc75dbdb8e5bff1736bd26bc40c9465?response-content-disposition=attachment%3B%20filename%3D%22RP_CB%20Final%20Analysis%20-%20Effect%20level%20data.csv%22%3B%20filename%2A%3DUTF-8%27%27RP_CB%2520Final%2520Analysis%2520-%2520Effect%2520level%2520data.csv&GoogleAccessId=files-us%40cos-osf-prod.iam.gserviceaccount.com&Expires=1776921283&Signature=kZcozErNe539pSlMhD6VlPtiFPKPzA6Enn8RKZtcoY6w5y84c78R%2BRTqPAaor1YXZb0EmqF2ay1iVjhQc1lukAcWlrj0y6Gp6xqejZ52dzSDS4utTWoECbrF0kDxwWM3xxfB6%2BAE1%2BK%2BrgtotvyBqyrULCPYDGTmM2qp2ZE2gvoEbX2eUVdOHKE5uSpSj6YB8K1Eg7p0PwRCXJpDlDJh3qKm3vF5ReD%2Fzy%2FqNmO%2FF9Bm0ZRCDB1Ecm7qaclIiPOqEWMGMTv9rzuGMvxfScqcQ57mqXDHwhJweo0vrr5BhvyP5Td5ufpJPa1w86Z5g3YEGO8zrx2VpBfWRoF0VDN07A%3D%3D		data/raw/replication_projects/lead_harvest/rpcb_e5nvr	osf_06__RP_CB_Final_Analysis_-_Effect_level_data.csv	csv	application/octet-stream	116726	data/raw/replication_projects/lead_harvest/rpcb_e5nvr/osf_06__RP_CB_Final_Analysis_-_Effect_level_data.csv	111a99b2fa5834161f48fc3038b96545dcc75dbdb8e5bff1736bd26bc40c9465	mirrored	downloaded	csv_table_parser	header: Internal replication # | Expected difference based on the original paper? | Observed difference in replication? | Original sample size | Replication sample size | Was a statistical test reported in the original paper? | Statistical test applied to original data | Original test statistic type | Original test statistic value | Original df1 | Original df2 | Original p value | Replication statistical test | Replication test statistic type | Replication test statistic value | Replication df1 | Replication df2 | Replication p value | Was original data representative? | Original point difference (for representative data)	header: Original sample size | Replication sample size	header: Effect # | Internal replication # | Effect description | Observed difference in replication? | Was a statistical test reported in the original paper? | What statistical test was reported? | Statistical test applied to original data | Original test statistic type | Original test statistic value | Original p value | Replication statistical test | Replication test statistic type | Replication test statistic value | Replication p value | Was original data representative? | Original point difference (for representative data) | Replication raw difference (if original reported representative data) | Replication raw difference type (mean or median) | Replication raw diference standard error | Replication raw difference lower CI			inspect_table_for_original_replication_pair_rows	generated_from_inventory_task=inventory_task_753993910fcf426e; cluster_id=cluster_investigating_the_replicability_of_preclinical_cancer_biology_ca7b83bfae6f	2026-05-01
source_artifact_31affbec9cf5f178	rpcb | doi:10.7554/eLife.71601	source_access_metadata	github	data/raw/replication_projects/lead_harvest/rpcb_e5nvr/osf_06_download.json	rpcb | doi:10.7554/eLife.71601	osf_06_download.json				data/raw/replication_projects/lead_harvest/rpcb_e5nvr	osf_06_download.json	json	application/json	1297	data/raw/replication_projects/lead_harvest/rpcb_e5nvr/osf_06_download.json	1cc1aa808ad983c8ad81e56ce1f995e1778c13653749a263e0c735a595e47226	inventoried_metadata_only	downloaded	json_metadata_inventory					needs_artifact_inspection	attach_as_access_metadata_to_matching_artifact	generated_from_inventory_task=inventory_task_753993910fcf426e; cluster_id=cluster_investigating_the_replicability_of_preclinical_cancer_biology_ca7b83bfae6f	2026-05-01
source_artifact_c53e94671da83c71	rpcb | doi:10.7554/eLife.71601	code_file	github	https://osf.io/download/vmupy/	rpcb | doi:10.7554/eLife.71601	osf_07__RPCB_Final_Analysis_Study_39.R	https://osf.io/download/vmupy/	https://storage.googleapis.com/cos-osf-prod-files-us-east1/a2e145a36b22e152dd15f07284d7a2a4c1c73b5fe3f450ba5393af7d78f18b19?response-content-disposition=attachment%3B%20filename%3D%22RPCB_Final_Analysis_Study_39.R%22%3B%20filename%2A%3DUTF-8%27%27RPCB_Final_Analysis_Study_39.R&GoogleAccessId=files-us%40cos-osf-prod.iam.gserviceaccount.com&Expires=1776921286&Signature=aANUT7vcu3I1XANtCkP1s4jj3p%2BlhCQ8GVGHpvOOLC8hMD4WPJUWdo9f6G7%2FRtTYgcOCm9eHyxBPm%2BA6YkXoK2G3b2D2vHio0eLD1DPZlqfHdMlkgSgJ2Tw1lWASgZLrQXOmcBPtT6TuyroN%2Bd0Y4uv5JIhcokpm9McS3YbgdwBw5OwgSAVkRCVzDEBV3MyMUHzgLkOk%2BSMUz4Q1AV4Ltf0P50mlbs5hXUVVLs9ZIoJlhpKyCslp%2FoJ%2FLxbXQKCCUSEwlsbkWsf%2B9XI8kMl0WRXyBCN9RxqnrvWocjNpABpDddKGeAnXpUPppwd5ri0MAgmYtnQZlCziQAW69mhiAw%3D%3D		data/raw/replication_projects/lead_harvest/rpcb_e5nvr	osf_07__RPCB_Final_Analysis_Study_39.R	r	application/octet-stream	4658	data/raw/replication_projects/lead_harvest/rpcb_e5nvr/osf_07__RPCB_Final_Analysis_Study_39.R	a2e145a36b22e152dd15f07284d7a2a4c1c73b5fe3f450ba5393af7d78f18b19	mirrored	downloaded	analysis_code_inventory					needs_artifact_inspection	inspect_code_for_table_inputs_outputs_and_conversion_logic	generated_from_inventory_task=inventory_task_753993910fcf426e; cluster_id=cluster_investigating_the_replicability_of_preclinical_cancer_biology_ca7b83bfae6f	2026-05-01
source_artifact_ba24f17471656b9d	rpcb | doi:10.7554/eLife.71601	source_access_metadata	github	data/raw/replication_projects/lead_harvest/rpcb_e5nvr/osf_07_download.json	rpcb | doi:10.7554/eLife.71601	osf_07_download.json				data/raw/replication_projects/lead_harvest/rpcb_e5nvr	osf_07_download.json	json	application/json	1217	data/raw/replication_projects/lead_harvest/rpcb_e5nvr/osf_07_download.json	57bafc28fb65bb7c032de42081a396c2cd565bbb1bb0f824036ab400dfe575e5	inventoried_metadata_only	downloaded	json_metadata_inventory					needs_artifact_inspection	attach_as_access_metadata_to_matching_artifact	generated_from_inventory_task=inventory_task_753993910fcf426e; cluster_id=cluster_investigating_the_replicability_of_preclinical_cancer_biology_ca7b83bfae6f	2026-05-01
source_artifact_7b562e1b764abafa	rpcb | doi:10.7554/eLife.71601	code_file	github	https://osf.io/download/8s7zc/	rpcb | doi:10.7554/eLife.71601	osf_08__RPCB_Final_Analysis_Study_21.R	https://osf.io/download/8s7zc/	https://storage.googleapis.com/cos-osf-prod-files-us-east1/f4a099b784104ab517598f7ae9c56b152de0a972df55b9fa743de91b5d844d4c?response-content-disposition=attachment%3B%20filename%3D%22RPCB_Final_Analysis_Study_21.R%22%3B%20filename%2A%3DUTF-8%27%27RPCB_Final_Analysis_Study_21.R&GoogleAccessId=files-us%40cos-osf-prod.iam.gserviceaccount.com&Expires=1776921287&Signature=A0BhBydw3qXLzE1mDYHuej%2BDNeyhnOo8m%2FkdnjLJQqUfuAut7scUROwAUwyIm7lT0vc%2FkryA3qpnqQsgGdNEq%2Bg3MdyfV%2Bjek655ToxngHv4lG9dRlYUukwfmyP7eB2mj8JebtsgWlYmcBiz7HpRTEWoiLgkiSZ20cyLI4nK9AqfejYwkmUMf7xXoxuLQ%2F4mcvpyMRFvdWYgpdVKqfU2JjEHrEyQY86GD7y4nq%2BLU91J9etZRLXEqCiLARRF7Pi%2FiECQPHAhPq6yyhJ7N811poRRqWjP58yaNtdJJmxry8%2Fsnq%2BKJYmjoI%2BixpEytZHZg9JMQQleWpf7%2Bd%2FVfm86hQ%3D%3D		data/raw/replication_projects/lead_harvest/rpcb_e5nvr	osf_08__RPCB_Final_Analysis_Study_21.R	r	application/octet-stream	16629	data/raw/replication_projects/lead_harvest/rpcb_e5nvr/osf_08__RPCB_Final_Analysis_Study_21.R	f4a099b784104ab517598f7ae9c56b152de0a972df55b9fa743de91b5d844d4c	mirrored	downloaded	analysis_code_inventory					needs_artifact_inspection	inspect_code_for_table_inputs_outputs_and_conversion_logic	generated_from_inventory_task=inventory_task_753993910fcf426e; cluster_id=cluster_investigating_the_replicability_of_preclinical_cancer_biology_ca7b83bfae6f	2026-05-01
source_artifact_33dd6d776da792fd	rpcb | doi:10.7554/eLife.71601	source_access_metadata	github	data/raw/replication_projects/lead_harvest/rpcb_e5nvr/osf_08_download.json	rpcb | doi:10.7554/eLife.71601	osf_08_download.json				data/raw/replication_projects/lead_harvest/rpcb_e5nvr	osf_08_download.json	json	application/json	1229	data/raw/replication_projects/lead_harvest/rpcb_e5nvr/osf_08_download.json	461bef1edd85d0e6db376ddea0bad0f10001c8fe662fd4920675a3b459589bb8	inventoried_metadata_only	downloaded	json_metadata_inventory					needs_artifact_inspection	attach_as_access_metadata_to_matching_artifact	generated_from_inventory_task=inventory_task_753993910fcf426e; cluster_id=cluster_investigating_the_replicability_of_preclinical_cancer_biology_ca7b83bfae6f	2026-05-01
source_artifact_8a7d7af30a54ed04	rpcb | doi:10.7554/eLife.71601	code_file	github	https://osf.io/download/qmksc/	rpcb | doi:10.7554/eLife.71601	osf_09__RPCB_Final_Analysis_Study_12.R	https://osf.io/download/qmksc/	https://storage.googleapis.com/cos-osf-prod-files-us-east1/3609d4c599f3aab88eb72eb6554733f39ab708b06589088239605634cdc325d3?response-content-disposition=attachment%3B%20filename%3D%22RPCB_Final_Analysis_Study_12.R%22%3B%20filename%2A%3DUTF-8%27%27RPCB_Final_Analysis_Study_12.R&GoogleAccessId=files-us%40cos-osf-prod.iam.gserviceaccount.com&Expires=1776921288&Signature=b24yNL3Lyi57tDKMrAxc9fPrpr877KPkS%2F8MIlUXldYDaNTTa4RN2aEaNhijlBMl4LRdMVgeVw6nomtbSV0q1x8v2MCkUxGQvo71Y3nlT9EgvhpjfuLx7wP1gLPlkPW1IwV3yQ92CGfenmqmoKOIrgqDDixTfiZbVpbapmoH%2FA7Dz5r2rcbmcQ1q6APAUDQeQzwgK4yKwMvloveHXn0C%2Ftc6bbcBP1FL5iMQUiKwJc5euhKjRbKO%2BeyfccoRvnwfe7ySH%2FcWx2aPeUEAfpAVLm5LgugPreF0zmLeo0itS1uX3WlCCb8VHbj8wf8TMH8z52gZAjPVEDVAcDDmPJ0bCw%3D%3D		data/raw/replication_projects/lead_harvest/rpcb_e5nvr	osf_09__RPCB_Final_Analysis_Study_12.R	r	application/octet-stream	16968	data/raw/replication_projects/lead_harvest/rpcb_e5nvr/osf_09__RPCB_Final_Analysis_Study_12.R	3609d4c599f3aab88eb72eb6554733f39ab708b06589088239605634cdc325d3	mirrored	downloaded	analysis_code_inventory					needs_artifact_inspection	inspect_code_for_table_inputs_outputs_and_conversion_logic	generated_from_inventory_task=inventory_task_753993910fcf426e; cluster_id=cluster_investigating_the_replicability_of_preclinical_cancer_biology_ca7b83bfae6f	2026-05-01
source_artifact_896a2d2ee4b7bafe	rpcb | doi:10.7554/eLife.71601	source_access_metadata	github	data/raw/replication_projects/lead_harvest/rpcb_e5nvr/osf_09_download.json	rpcb | doi:10.7554/eLife.71601	osf_09_download.json				data/raw/replication_projects/lead_harvest/rpcb_e5nvr	osf_09_download.json	json	application/json	1213	data/raw/replication_projects/lead_harvest/rpcb_e5nvr/osf_09_download.json	641fead14529aa65bea2cb4f33a24f67b1935cdf417177e8f3fa693a6287aaf7	inventoried_metadata_only	downloaded	json_metadata_inventory					needs_artifact_inspection	attach_as_access_metadata_to_matching_artifact	generated_from_inventory_task=inventory_task_753993910fcf426e; cluster_id=cluster_investigating_the_replicability_of_preclinical_cancer_biology_ca7b83bfae6f	2026-05-01
source_artifact_cf77bfcb83766b36	rpcb | doi:10.7554/eLife.71601	code_file	github	https://osf.io/download/dpfgy/	rpcb | doi:10.7554/eLife.71601	osf_10__RPCB_Final_Analysis_Study_15.R	https://osf.io/download/dpfgy/	https://storage.googleapis.com/cos-osf-prod-files-us-east1/403d40971f3db71b1b126c6f2215fc59693ca56308e0ed068e6e5d31da94000d?response-content-disposition=attachment%3B%20filename%3D%22RPCB_Final_Analysis_Study_15.R%22%3B%20filename%2A%3DUTF-8%27%27RPCB_Final_Analysis_Study_15.R&GoogleAccessId=files-us%40cos-osf-prod.iam.gserviceaccount.com&Expires=1776921289&Signature=eZbYKUyoR2pY%2BxPdRhDt7kpgvEQ37x%2FvrwRl%2FbMJ%2BZ8hshwLR4oaP6RGaNqaaLEoS2bnvWW4udvrNG4Vegz7f%2Fi8FmImX2GAd0BBwKE%2B6nNMlNlnOD9lnvlf6TZY8sM%2B4fjjQvBpvc79MmnV%2FyQhSij60bO4dkMfM08Z2xShWR6aeUqf4RtIREvruxK0jJg0860srseznHI8aKiq35qTuhUkjE6xYG4h0fOJ3Yyghvz21oc7VfN2VJOJTav6mBvr8vmheOdEJdiPw2oKqBqF9dEenuEv2l7p4K1gNIOAD6YzCCK4zW%2BvRo8YiKGSNPLGasK%2FmU1H7xDR4gCWFERMGQ%3D%3D		data/raw/replication_projects/lead_harvest/rpcb_e5nvr	osf_10__RPCB_Final_Analysis_Study_15.R	r	application/octet-stream	23169	data/raw/replication_projects/lead_harvest/rpcb_e5nvr/osf_10__RPCB_Final_Analysis_Study_15.R	403d40971f3db71b1b126c6f2215fc59693ca56308e0ed068e6e5d31da94000d	mirrored	downloaded	analysis_code_inventory					needs_artifact_inspection	inspect_code_for_table_inputs_outputs_and_conversion_logic	generated_from_inventory_task=inventory_task_753993910fcf426e; cluster_id=cluster_investigating_the_replicability_of_preclinical_cancer_biology_ca7b83bfae6f	2026-05-01
source_artifact_db72c21dd9d25347	rpcb | doi:10.7554/eLife.71601	source_access_metadata	github	data/raw/replication_projects/lead_harvest/rpcb_e5nvr/osf_10_download.json	rpcb | doi:10.7554/eLife.71601	osf_10_download.json				data/raw/replication_projects/lead_harvest/rpcb_e5nvr	osf_10_download.json	json	application/json	1223	data/raw/replication_projects/lead_harvest/rpcb_e5nvr/osf_10_download.json	f9847f301646a5ddae195dcbc67aef3209cec7dfcef449dd198313b4c8d864b7	inventoried_metadata_only	downloaded	json_metadata_inventory					needs_artifact_inspection	attach_as_access_metadata_to_matching_artifact	generated_from_inventory_task=inventory_task_753993910fcf426e; cluster_id=cluster_investigating_the_replicability_of_preclinical_cancer_biology_ca7b83bfae6f	2026-05-01
source_artifact_7a6362536b36d89a	rpcb | doi:10.7554/eLife.71601	code_file	github	https://osf.io/download/48zyt/	rpcb | doi:10.7554/eLife.71601	osf_11__RPCB_Final_Analysis_Study_28.R	https://osf.io/download/48zyt/	https://storage.googleapis.com/cos-osf-prod-files-us-east1/6af13d2f44f14d0b9a1df377bd1ed53863b93e200e6fb8f594f04b9d112864a9?response-content-disposition=attachment%3B%20filename%3D%22RPCB_Final_Analysis_Study_28.R%22%3B%20filename%2A%3DUTF-8%27%27RPCB_Final_Analysis_Study_28.R&GoogleAccessId=files-us%40cos-osf-prod.iam.gserviceaccount.com&Expires=1776921291&Signature=KOZ%2FNu104h0IRuXXQNfFjbONPl%2BejzGxpRPLkdD7rSQmqI5nzBB4zmc5XexpohEW7VM4Nz81WD2DzYnb6rPR%2FzYLhV9mFN%2BxQrdMd9Hndy4WbJIDJaBm0bQRtM%2B2hIHAmodS2DEVImp7W%2FN3SMuFx%2BeP9%2BRjc9qjdnjnLWABG%2FQo0i9xSXLzpomly77HELvFD4nz06H2v%2B2X0S6fILJDksN77Y8BiHZjQh2S001LTOb4%2FTxB1xCzuIB%2BAS4cYhbCc0yP%2BD88RW%2F07ZrmFugPfg9MSx%2BunHPZd6e9JPAyGlkl5O2KqZ8J5%2B0B9U%2BFjo06SYpCJdU0l5N6w1FrJ7p3%2Fw%3D%3D		data/raw/replication_projects/lead_harvest/rpcb_e5nvr	osf_11__RPCB_Final_Analysis_Study_28.R	r	application/octet-stream	29169	data/raw/replication_projects/lead_harvest/rpcb_e5nvr/osf_11__RPCB_Final_Analysis_Study_28.R	6af13d2f44f14d0b9a1df377bd1ed53863b93e200e6fb8f594f04b9d112864a9	mirrored	downloaded	analysis_code_inventory					needs_artifact_inspection	inspect_code_for_table_inputs_outputs_and_conversion_logic	generated_from_inventory_task=inventory_task_753993910fcf426e; cluster_id=cluster_investigating_the_replicability_of_preclinical_cancer_biology_ca7b83bfae6f	2026-05-01
source_artifact_116a1c2ad67334bd	rpcb | doi:10.7554/eLife.71601	source_access_metadata	github	data/raw/replication_projects/lead_harvest/rpcb_e5nvr/osf_11_download.json	rpcb | doi:10.7554/eLife.71601	osf_11_download.json				data/raw/replication_projects/lead_harvest/rpcb_e5nvr	osf_11_download.json	json	application/json	1239	data/raw/replication_projects/lead_harvest/rpcb_e5nvr/osf_11_download.json	daf05e6cd98f8d06d076f2471fb77199bee3d5ab6e3fca0eecae3da03b00d409	inventoried_metadata_only	downloaded	json_metadata_inventory					needs_artifact_inspection	attach_as_access_metadata_to_matching_artifact	generated_from_inventory_task=inventory_task_753993910fcf426e; cluster_id=cluster_investigating_the_replicability_of_preclinical_cancer_biology_ca7b83bfae6f	2026-05-01
source_artifact_a01a869830a95892	rpcb | doi:10.7554/eLife.71601	code_file	github	https://osf.io/download/dmx7r/	rpcb | doi:10.7554/eLife.71601	osf_12__RPCB_Final_Analysis_Study_08.R	https://osf.io/download/dmx7r/	https://storage.googleapis.com/cos-osf-prod-files-us-east1/d1265fbe72d5bd33938991400ada1e675e5527f673bdbde6966f749f611f6429?response-content-disposition=attachment%3B%20filename%3D%22RPCB_Final_Analysis_Study_08.R%22%3B%20filename%2A%3DUTF-8%27%27RPCB_Final_Analysis_Study_08.R&GoogleAccessId=files-us%40cos-osf-prod.iam.gserviceaccount.com&Expires=1776921293&Signature=qUqMFTtuPK6I3dkvoOZ6%2BTvVpUcTCJRThMZwl59NoRb2Usl1dZQBNRwOb6gbqLuYuJrg0gTJM63YZvPU2N2PfXJZDSlYgZ4AVh4t3gXRCNc0B%2FuLT7qr60jEfVysC71de%2Bk5KhvfqX2V2ShldGBy027qn0buKDVDzqYfCddA0a%2FEIbWl0hM2riXrFjMRfaqfhG7dItUzJ%2By%2FNmpYJ59MSEyNj47BCQ5y5pRYJEm4%2FSYDXYW4hfMEPnJ%2Bl4wrCLUFBKAexfKXaUAi02GQboC%2FqUDjLxs2QzwI5jWgkGN81Goz8QhB%2F75XX94ZxkmpE4bzzN4o4uylyaEI39BJSY%2BsEQ%3D%3D		data/raw/replication_projects/lead_harvest/rpcb_e5nvr	osf_12__RPCB_Final_Analysis_Study_08.R	r	application/octet-stream	41574	data/raw/replication_projects/lead_harvest/rpcb_e5nvr/osf_12__RPCB_Final_Analysis_Study_08.R	d1265fbe72d5bd33938991400ada1e675e5527f673bdbde6966f749f611f6429	mirrored	downloaded	analysis_code_inventory					needs_artifact_inspection	inspect_code_for_table_inputs_outputs_and_conversion_logic	generated_from_inventory_task=inventory_task_753993910fcf426e; cluster_id=cluster_investigating_the_replicability_of_preclinical_cancer_biology_ca7b83bfae6f	2026-05-01
source_artifact_4a83144664990c8d	rpcb | doi:10.7554/eLife.71601	source_access_metadata	github	data/raw/replication_projects/lead_harvest/rpcb_e5nvr/osf_12_download.json	rpcb | doi:10.7554/eLife.71601	osf_12_download.json				data/raw/replication_projects/lead_harvest/rpcb_e5nvr	osf_12_download.json	json	application/json	1225	data/raw/replication_projects/lead_harvest/rpcb_e5nvr/osf_12_download.json	f661a3795477104c9243fc430d43d3c581999261bb6686eb81ca5c611e3148e6	inventoried_metadata_only	downloaded	json_metadata_inventory					needs_artifact_inspection	attach_as_access_metadata_to_matching_artifact	generated_from_inventory_task=inventory_task_753993910fcf426e; cluster_id=cluster_investigating_the_replicability_of_preclinical_cancer_biology_ca7b83bfae6f	2026-05-01
source_artifact_0300f4d42d594b9e	rpcb | doi:10.7554/eLife.71601	file_inventory	github	data/raw/replication_projects/lead_harvest/rpcb_e5nvr/osf_file_list.csv	rpcb | doi:10.7554/eLife.71601	osf_file_list.csv				data/raw/replication_projects/lead_harvest/rpcb_e5nvr	osf_file_list.csv	csv	text/csv	5253	data/raw/replication_projects/lead_harvest/rpcb_e5nvr/osf_file_list.csv	cde5086abac70f6db92b86a1cbe23c7eb88498b5ae765beca16c9ef7398c1ba5	mirrored	downloaded	provider_file_inventory		header: 			needs_artifact_inspection	use_inventory_to_map_provider_files_and_local_mirrors	generated_from_inventory_task=inventory_task_753993910fcf426e; cluster_id=cluster_investigating_the_replicability_of_preclinical_cancer_biology_ca7b83bfae6f	2026-05-01
source_artifact_e2a8bf0f9c1f685f	rpcb | doi:10.7554/eLife.71601	file_inventory	github	data/raw/replication_projects/lead_harvest/rpcb_e5nvr/osf_manifest.json	rpcb | doi:10.7554/eLife.71601	osf_manifest.json				data/raw/replication_projects/lead_harvest/rpcb_e5nvr	osf_manifest.json	json	application/json	8932	data/raw/replication_projects/lead_harvest/rpcb_e5nvr/osf_manifest.json	88f2fcfbd132d6007cf71b2ea5ba75b571dbbb4807439db199a8394bac03f387	mirrored	downloaded	provider_file_inventory					needs_artifact_inspection	use_inventory_to_map_provider_files_and_local_mirrors	generated_from_inventory_task=inventory_task_753993910fcf426e; cluster_id=cluster_investigating_the_replicability_of_preclinical_cancer_biology_ca7b83bfae6f	2026-05-01
