batch003_seed_id	candidate_id	batch003_action	dedupe_action	final_row_status	original_doi	replication_doi	original_title	replication_title	current_root_pair_ids	dedupe_key_text	created_at
batch003_seed_fde63b2d792fc96c	api_candidate_e1d480fa16f7df49	exclude_exact_pair_result_unless_new_outcome_or_new_source_family	skip_exact_pair_already_represented	already_in_current_root_table		10.1027/1864-9335/a000178		Investigating Variation in Replicability	fig1_pair_22a4bfe5b457b4f6|fig1_pair_3c228006a3c4d3f6|fig1_pair_441b71be37e980c3|fig1_pair_5db7bea39f1909a0|fig1_pair_708e77c18ece2614|fig1_pair_7e929be3dc70bd91|fig1_pair_c937d9ffb68530f5|fig1_pair_e89e177a49170690|fig1_pair_ea811f90b8396f2d|fig1_pair_f717b40f12d4d366|fig1_pair_fa30b157dd6d5beb	10 1027 1864 9335 a000178 investigating variation in replicability unresolved original target investigating variation in replicability	2026-05-06T01:48:23+00:00
batch003_seed_d4f7a4e2bbddd0bc	api_candidate_9db26ff9b8058473	exclude_under_current_policy_unless_policy_changes	skip_under_current_figure1_policy	not_row_rejected_after_value_scan		10.1371/journal.pone.0042510	Effects on Social and Food Judgments	Priming of Social Distance? Failure to Replicate Effects on Social and Food Judgments		10 1371 journal pone 0042510 effects on social and food judgments priming of social distance failure to replicate effects on social and food judgments effects on social and food judgments priming of social distance failure to replicate effects on social and food judgments	2026-05-06T01:48:23+00:00
batch003_seed_c445d6b4c2906091	api_candidate_2510abd248029365	exclude_exact_pair_result_unless_new_outcome_or_new_source_family	skip_exact_pair_already_represented	already_in_current_root_table		10.1371/journal.pone.0072467		Two Failures to Replicate High-Performance-Goal Priming Effects	fig1_pair_d296a67b1df1c9c1	10 1371 journal pone 0072467 two failures to replicate high performance goal priming effects unresolved original target two failures to replicate high performance goal priming effects	2026-05-06T01:48:23+00:00
batch003_seed_4a41576d01ecc801	api_candidate_f3e7061d478e1e53	exclude_context_or_seed_hit	skip_seed_or_non_pair	not_row_rejected_seed_or_non_pair		10.1111/jne.12384		Is there a Publication Bias in Behavioural Intranasal Oxytocin Research on Humans? Opening the File Drawer of One Laboratory		10 1111 jne 12384 is there a publication bias in behavioural intranasal oxytocin research on humans opening the file drawer of one laboratory unresolved original target is there a publication bias in behavioural intranasal oxytocin research on humans opening the file drawer of one laboratory	2026-05-06T01:48:23+00:00
batch003_seed_7fa485861486f67c	api_candidate_eaa8a0f32f7aab10	exclude_context_or_seed_hit	manual_review_before_repull	not_row_rejected_or_duplicate		10.2139/ssrn.4437368		Direct Replication and Additional Sensitivity and Robustness Analyses for Frederiksen (2022): A Replication Report from the Nottingham Replication Games		10 2139 ssrn 4437368 direct replication and additional sensitivity and robustness analyses for frederiksen 2022 a replication report from the nottingham replication games unresolved original target direct replication and additional sensitivity and robustness analyses for frederiksen 2022 a replication report from the nottingham replication games	2026-05-06T01:48:23+00:00
batch003_seed_15ff6530bf542cae	api_candidate_5b170b3d5b414951	exclude_context_or_seed_hit	skip_seed_or_non_pair	not_row_rejected_seed_or_non_pair		10.1177/17456916211041116		Kinds of Replication: Examining the Meanings of “Conceptual Replication” and “Direct Replication”		10 1177 17456916211041116 kinds of replication examining the meanings of conceptual replication and direct replication unresolved original target kinds of replication examining the meanings of conceptual replication and direct replication	2026-05-06T01:48:23+00:00
batch003_seed_a7eeb06533f60d9e	api_candidate_30df9bd015197ff3	exclude_context_or_seed_hit	skip_seed_or_non_pair	not_row_rejected_seed_or_non_pair		10.1556/1661.2025.00102		Replication matters: Advances in Translational Research's commitment to Direct Replication Studies		10 1556 1661 2025 00102 replication matters advances in translational research s commitment to direct replication studies unresolved original target replication matters advances in translational research s commitment to direct replication studies	2026-05-06T01:48:23+00:00
batch003_seed_5cad0be330f1245d	api_candidate_00a1031c6c027f6a	exclude_exact_pair_result_unless_new_outcome_or_new_source_family	skip_exact_pair_already_represented	already_in_current_root_table		10.21428/cb6ab371.ea00ca58	Pickett and Baker (2014)	The Pragmatic American Revisited: A Direct Replication of Pickett and Baker (2014)	fig1_pair_61eaf2dbf15d5d0a	10 21428 cb6ab371 ea00ca58 pickett and baker 2014 the pragmatic american revisited a direct replication of pickett and baker 2014 pickett and baker 2014 the pragmatic american revisited a direct replication of pickett and baker 2014	2026-05-06T01:48:23+00:00
batch003_seed_9abe14cf35afa7cc	api_candidate_da16e390f5f2516a	exclude_exact_pair_result_unless_new_outcome_or_new_source_family	skip_exact_pair_already_represented	already_in_current_root_table		10.21428/cb6ab371.c346e3b9	Pickett and Baker (2014)	The Pragmatic American Revisited: A Direct Replication of Pickett and Baker (2014)	fig1_pair_61eaf2dbf15d5d0a	10 21428 cb6ab371 c346e3b9 pickett and baker 2014 the pragmatic american revisited a direct replication of pickett and baker 2014 pickett and baker 2014 the pragmatic american revisited a direct replication of pickett and baker 2014	2026-05-06T01:48:23+00:00
batch003_seed_87f9e7a123425054	api_candidate_c482b68e388efb4c	exclude_under_current_policy_unless_policy_changes	skip_under_current_figure1_policy	not_row_rejected_after_value_scan		10.1016/j.virol.2005.10.004	porcine circovirus type 1	Regeneration of the replication-associated proteins tandem direct repeat recognition nucleotide sequence at the origin of DNA replication of porcine circovirus type 1		10 1016 j virol 2005 10 004 porcine circovirus type 1 regeneration of the replication associated proteins tandem direct repeat recognition nucleotide sequence at the origin of dna replication of porcine circovirus type 1 porcine circovirus type 1 regeneration of the replication associated proteins tandem direct repeat recognition nucleotide sequence at the origin of dna replication of porcine circovirus type 1	2026-05-06T01:48:23+00:00
batch003_seed_fbbdd747be51a733	api_candidate_33fc74a340d30a53	exclude_until_query_resolves_specific_original_target	skip_until_original_target_resolved	not_row_unresolved_original_target		10.1117/1.3609797		Investigation of direct replication techniques on periodic multilayers		10 1117 1 3609797 investigation of direct replication techniques on periodic multilayers unresolved original target investigation of direct replication techniques on periodic multilayers	2026-05-06T01:48:23+00:00
batch003_seed_579a5dae4c7dbcd7	api_candidate_77398a2c8e043ed1	exclude_context_or_seed_hit	manual_review_before_repull	not_row_rejected_or_duplicate		10.1525/collabra.35271	Mortality Salience Effect With and Without Original Author Involvement	Many Labs 4: Failure to Replicate Mortality Salience Effect With and Without Original Author Involvement		10 1525 collabra 35271 mortality salience effect with and without original author involvement many labs 4 failure to replicate mortality salience effect with and without original author involvement mortality salience effect with and without original author involvement many labs 4 failure to replicate mortality salience effect with and without original author involvement	2026-05-06T01:48:23+00:00
batch003_seed_9c69b59ac89de7af	api_candidate_6a194b695bb9593a	exclude_exact_pair_result_unless_new_outcome_or_new_source_family	skip_exact_pair_already_represented	already_in_current_root_table		10.1371/journal.pone.0137000	Oxytocin Effects on Trust	Failed Replication of Oxytocin Effects on Trust: The Envelope Task Case	fig1_pair_48321f50417489a1	10 1371 journal pone 0137000 oxytocin effects on trust failed replication of oxytocin effects on trust the envelope task case oxytocin effects on trust failed replication of oxytocin effects on trust the envelope task case	2026-05-06T01:48:23+00:00
batch003_seed_01b322282b0ab972	api_candidate_08e65261327b34f0	exclude_context_or_seed_hit	skip_seed_or_non_pair	not_row_rejected_seed_or_non_pair		10.1037/pspa0000121.supp		Supplemental Material for When Both the Original Study and Its Failed Replication Are Correct: Feeling Observed Eliminates the Facial-Feedback Effect		10 1037 pspa0000121 supp supplemental material for when both the original study and its failed replication are correct feeling observed eliminates the facial feedback effect unresolved original target supplemental material for when both the original study and its failed replication are correct feeling observed eliminates the facial feedback effect	2026-05-06T01:48:23+00:00
batch003_seed_f00c78e1cdcf3d9c	api_candidate_103a002c9f30029a	exclude_context_or_seed_hit	manual_review_before_repull	not_row_rejected_or_duplicate		10.3389/fpubh.2020.579559		Early COVID-19 Interventions Failed to Replicate 1918 St. Louis vs. Philadelphia Outcomes in the United States		10 3389 fpubh 2020 579559 early covid 19 interventions failed to replicate 1918 st louis vs philadelphia outcomes in the united states unresolved original target early covid 19 interventions failed to replicate 1918 st louis vs philadelphia outcomes in the united states	2026-05-06T01:48:23+00:00
batch003_seed_69ec5393592a0280	api_candidate_b6164c6515777459	exclude_until_query_resolves_specific_original_target	skip_until_original_target_resolved	not_row_unresolved_original_target		10.1016/s0163-6383(96)90452-x		Infants' understanding of solidity: Replicating a failure to replicate		10 1016 s0163 6383 96 90452 x infants understanding of solidity replicating a failure to replicate unresolved original target infants understanding of solidity replicating a failure to replicate	2026-05-06T01:48:23+00:00
batch003_seed_28ff6342adeb6338	api_candidate_431e61f1075c1e4b	exclude_context_or_seed_hit	manual_review_before_repull	not_row_rejected_or_duplicate		10.1038/npp.2012.245		Candidate Gene Studies of a Promising Intermediate Phenotype: Failure to Replicate		10 1038 npp 2012 245 candidate gene studies of a promising intermediate phenotype failure to replicate unresolved original target candidate gene studies of a promising intermediate phenotype failure to replicate	2026-05-06T01:48:23+00:00
batch003_seed_13d297200d6a6f78	api_candidate_ac518393f5f3ba70	exclude_context_or_seed_hit	manual_review_before_repull	not_row_rejected_or_duplicate		10.1038/s41598-023-46527-9		The CASA theory no longer applies to desktop computers		10 1038 s41598 023 46527 9 the casa theory no longer applies to desktop computers unresolved original target the casa theory no longer applies to desktop computers	2026-05-06T01:48:23+00:00
batch003_seed_c23460a234e16617	api_candidate_d69512d607ea08f3	exclude_under_current_policy_unless_policy_changes	skip_under_current_figure1_policy	not_row_rejected_after_value_scan			authentic pedagogy	Quality of pedagogy and student achievement: multi-level replication of authentic pedagogy		authentic pedagogy quality of pedagogy and student achievement multi level replication of authentic pedagogy authentic pedagogy quality of pedagogy and student achievement multi level replication of authentic pedagogy	2026-05-06T01:48:23+00:00
batch003_seed_67987a7c5bae060c	api_candidate_7f3b70fe52767bc4	exclude_exact_pair_result_unless_new_outcome_or_new_source_family	skip_exact_pair_already_represented	already_in_current_root_table		10.15626/mp.2020.2538	the Effect of Product Size on Status Signaling	Super-Size Me: An Unsuccessful Preregistered Replication of the Effect of Product Size on Status Signaling	fig1_pair_1b8cd026a5c08362|fig1_pair_83a777c13b99494a|fig1_pair_c0ca281bbd3da1e5|fig1_pair_dbbbd144d697b4ce	10 15626 mp 2020 2538 the effect of product size on status signaling super size me an unsuccessful preregistered replication of the effect of product size on status signaling the effect of product size on status signaling super size me an unsuccessful preregistered replication of the effect of product size on status signaling	2026-05-06T01:48:23+00:00
batch003_seed_624b5937295bdf58	api_candidate_79aefba4508adf98	exclude_context_or_seed_hit	skip_seed_or_non_pair	not_row_rejected_seed_or_non_pair		10.1177/10731911241280763	Measurement Invariance for Registered Reports	Visualizemi: Visualization, Effect Size, and Replication of Measurement Invariance for Registered Reports		10 1177 10731911241280763 measurement invariance for registered reports visualizemi visualization effect size and replication of measurement invariance for registered reports measurement invariance for registered reports visualizemi visualization effect size and replication of measurement invariance for registered reports	2026-05-06T01:48:23+00:00
batch003_seed_c3676959bb76d99d	api_candidate_21b882b2a3dc29de	exclude_exact_pair_result_unless_new_outcome_or_new_source_family	skip_exact_pair_already_represented	already_in_current_root_table		10.1111/lcrp.12244	the linguistic frame effect on perceived blame and financial liability	Preregistered direct replication of the linguistic frame effect on perceived blame and financial liability	fig1_pair_030e22d3cc99371a|fig1_pair_0ef063a84e329f7b|fig1_pair_1c2370e84fe33ac2|fig1_pair_1ed3a5d797fe78b7|fig1_pair_5ac42add6cce8205|fig1_pair_b39698ee4a817624	10 1111 lcrp 12244 the linguistic frame effect on perceived blame and financial liability preregistered direct replication of the linguistic frame effect on perceived blame and financial liability the linguistic frame effect on perceived blame and financial liability preregistered direct replication of the linguistic frame effect on perceived blame and financial liability	2026-05-06T01:48:23+00:00
batch003_seed_83c8dbaa778c73c9	api_candidate_ffd55078d3e1ef53	exclude_exact_pair_result_unless_new_outcome_or_new_source_family	skip_exact_pair_already_represented	already_in_current_root_table		10.3389/fpsyg.2014.00259		Is spacing really the â€œfriend of inductionâ€?	fig1_pair_edad9df532d82302	10 3389 fpsyg 2014 00259 is spacing really the friend of induction unresolved original target is spacing really the friend of induction	2026-05-06T01:48:23+00:00
batch003_seed_6e64fc95762ee989	api_candidate_b9cdb8cc6a76d362	exclude_under_current_policy_unless_policy_changes	skip_under_current_figure1_policy	not_row_rejected_after_value_scan		10.1525/collabra.31055	Messenger Et al. (2012)	Is Passive Priming Really Impervious to Verb Semantics? A High-Powered Replication of Messenger Et al. (2012)		10 1525 collabra 31055 messenger et al 2012 is passive priming really impervious to verb semantics a high powered replication of messenger et al 2012 messenger et al 2012 is passive priming really impervious to verb semantics a high powered replication of messenger et al 2012	2026-05-06T01:48:23+00:00
batch003_seed_c7c9b8b3fe384018	api_candidate_8b4783f7bcaa81ab	exclude_context_or_seed_hit	manual_review_before_repull	not_row_rejected_or_duplicate		10.5178/lebs.2023.105		“Watching Eyes” Do Not Strengthen the Behavioral Intention of Donating Blood: A High-Powered Pre-registered Replication Study		10 5178 lebs 2023 105 watching eyes do not strengthen the behavioral intention of donating blood a high powered pre registered replication study unresolved original target watching eyes do not strengthen the behavioral intention of donating blood a high powered pre registered replication study	2026-05-06T01:48:23+00:00
batch003_seed_8b4834693d86fb32	api_candidate_d98ff50dae1e74e4	exclude_until_query_resolves_specific_original_target	skip_until_original_target_resolved	not_row_unresolved_original_target		10.1521/soco.2020.38.6.521		Letters to our Future Selves? High-Powered Replication Attempts Question Effects on Future Orientation, Delinquent Decisions, and Risky Investments		10 1521 soco 2020 38 6 521 letters to our future selves high powered replication attempts question effects on future orientation delinquent decisions and risky investments unresolved original target letters to our future selves high powered replication attempts question effects on future orientation delinquent decisions and risky investments	2026-05-06T01:48:23+00:00
batch003_seed_5a0224d1b7eb0290	api_candidate_65131b7d7b541cd5	exclude_context_or_seed_hit	manual_review_before_repull	not_row_rejected_or_duplicate		10.1016/j.ynirp.2022.100109		The effect of transcranial direct current stimulation on the interplay between executive control, behavioral variability and mind wandering: A registered report		10 1016 j ynirp 2022 100109 the effect of transcranial direct current stimulation on the interplay between executive control behavioral variability and mind wandering a registered report unresolved original target the effect of transcranial direct current stimulation on the interplay between executive control behavioral variability and mind wandering a registered report	2026-05-06T01:48:23+00:00
batch003_seed_5e257d217ead6e57	api_candidate_1558aa984b33c59b	exclude_context_or_seed_hit	manual_review_before_repull	not_row_rejected_or_duplicate		10.1038/s41562-020-0823-z		Conservatives and liberals have similar physiological responses to threats		10 1038 s41562 020 0823 z conservatives and liberals have similar physiological responses to threats unresolved original target conservatives and liberals have similar physiological responses to threats	2026-05-06T01:48:23+00:00
batch003_seed_cb6e31165d8ef749	api_candidate_26a8e5e1bcbf5dec	exclude_context_or_seed_hit	manual_review_before_repull	not_row_rejected_or_duplicate		10.1098/rsos.211152		The tainted altruism effect: a successful pre-registered replication		10 1098 rsos 211152 the tainted altruism effect a successful pre registered replication unresolved original target the tainted altruism effect a successful pre registered replication	2026-05-06T01:48:23+00:00
batch003_seed_589d094480b5debe	api_candidate_de98537749100357	exclude_context_or_seed_hit	manual_review_before_repull	not_row_rejected_or_duplicate		10.3389/fpsyg.2014.01035		Can race really be erased? A pre-registered replication study		10 3389 fpsyg 2014 01035 can race really be erased a pre registered replication study unresolved original target can race really be erased a pre registered replication study	2026-05-06T01:48:23+00:00
batch003_seed_0c766f94ba6a67c6	api_candidate_42be8d177b91d04f	exclude_context_or_seed_hit	manual_review_before_repull	not_row_rejected_or_duplicate		10.1016/j.cortex.2024.11.016		A minor role for hemispheric specialization in determining pseudoneglect: A pre-registered replication-extension study		10 1016 j cortex 2024 11 016 a minor role for hemispheric specialization in determining pseudoneglect a pre registered replication extension study unresolved original target a minor role for hemispheric specialization in determining pseudoneglect a pre registered replication extension study	2026-05-06T01:48:23+00:00
batch003_seed_e7c8e0a248935a9a	api_candidate_2eda47acdf45e76c	exclude_context_or_seed_hit	manual_review_before_repull	not_row_rejected_or_duplicate		10.3389/fpsyg.2014.00786		Measuring the crowd within again: a pre-registered replication study		10 3389 fpsyg 2014 00786 measuring the crowd within again a pre registered replication study unresolved original target measuring the crowd within again a pre registered replication study	2026-05-06T01:48:23+00:00
batch003_seed_ca1a207df9cfd75e	api_candidate_35c434b56bea3ba8	exclude_context_or_seed_hit	manual_review_before_repull	not_row_rejected_or_duplicate		10.1007/s40806-022-00323-2		Darwinian Grandparenting Redux: a Pre-registered Replication and Extension		10 1007 s40806 022 00323 2 darwinian grandparenting redux a pre registered replication and extension unresolved original target darwinian grandparenting redux a pre registered replication and extension	2026-05-06T01:48:23+00:00
batch003_seed_72a6de27f5a82246	api_candidate_fbc648c4fc928c00	exclude_under_current_policy_unless_policy_changes	skip_under_current_figure1_policy	not_row_rejected_after_value_scan		10.3389/fpsyg.2016.02081	Previous Studies	Convergence in the Bilingual Lexicon: A Pre-registered Replication of Previous Studies		10 3389 fpsyg 2016 02081 previous studies convergence in the bilingual lexicon a pre registered replication of previous studies previous studies convergence in the bilingual lexicon a pre registered replication of previous studies	2026-05-06T01:48:23+00:00
batch003_seed_9f86bcfb19d978ad	api_candidate_848d5160a722eead	exclude_until_query_resolves_specific_original_target	skip_until_original_target_resolved	not_row_unresolved_original_target		10.3389/fpsyg.2015.00238		Corrigendum: Measuring the crowd within again: a pre-registered replication study		10 3389 fpsyg 2015 00238 corrigendum measuring the crowd within again a pre registered replication study unresolved original target corrigendum measuring the crowd within again a pre registered replication study	2026-05-06T01:48:23+00:00
batch003_seed_1d089ed587abe0d6	api_candidate_238b0a0c1fcb9a1d	exclude_until_query_resolves_specific_original_target	skip_until_original_target_resolved	not_row_unresolved_original_target		10.1016/j.cogdev.2026.101690		Social memory in children from urban and rural Mozambique: A pre-registered replication study		10 1016 j cogdev 2026 101690 social memory in children from urban and rural mozambique a pre registered replication study unresolved original target social memory in children from urban and rural mozambique a pre registered replication study	2026-05-06T01:48:23+00:00
batch003_seed_f78c0e0079c705e1	api_candidate_9a6b74a967e69dba	exclude_under_current_policy_unless_policy_changes	skip_under_current_figure1_policy	not_row_rejected_after_value_scan		10.3758/s13414-020-02021-2	of Weissman, D. H., Jiang, J., &amp; Egner, T. (2014). Determinants of congruency sequence effects without learning and memory confounds	Registered Replication Report of Weissman, D. H., Jiang, J., &amp; Egner, T. (2014). Determinants of congruency sequence effects without learning and memory confounds		10 3758 s13414 020 02021 2 of weissman d h jiang j amp egner t 2014 determinants of congruency sequence effects without learning and memory confounds registered replication report of weissman d h jiang j amp egner t 2014 determinants of congruency sequence effects without learning and memory confounds of weissman d h jiang j amp egner t 2014 determinants of congruency sequence effects without learning and memory confounds registered replication report of weissman d h jiang j amp egner t 2014 determinants of congruency sequence effects without learning and memory confounds	2026-05-06T01:48:23+00:00
batch003_seed_4c59ff4e45a153a7	api_candidate_94fcbe230fe854a6	exclude_context_or_seed_hit	skip_seed_or_non_pair	not_row_rejected_seed_or_non_pair		10.1017/s0140525x17001972		Making replication mainstream		10 1017 s0140525x17001972 making replication mainstream unresolved original target making replication mainstream	2026-05-06T01:48:23+00:00
batch003_seed_c25a69694686321b	api_candidate_810171915e0f8ccd	exclude_under_current_policy_unless_policy_changes	skip_under_current_figure1_policy	not_row_rejected_after_value_scan		10.24072/pci.rr.100609	of Kahneman and Tversky (1973)	The Representativeness Heuristic Revisited: Registered Replication Report of Kahneman and Tversky (1973)		10 24072 pci rr 100609 of kahneman and tversky 1973 the representativeness heuristic revisited registered replication report of kahneman and tversky 1973 of kahneman and tversky 1973 the representativeness heuristic revisited registered replication report of kahneman and tversky 1973	2026-05-06T01:48:23+00:00
batch003_seed_34cbf46455598250	api_candidate_0918fe9a9ed68143	exclude_until_query_resolves_specific_original_target	skip_until_original_target_resolved	not_row_unresolved_original_target		10.1177/1745691616674460		Reflection on the Smiling Registered Replication Report		10 1177 1745691616674460 reflection on the smiling registered replication report unresolved original target reflection on the smiling registered replication report	2026-05-06T01:48:23+00:00
batch003_seed_9574ec71f7db7700	api_candidate_719b82dee55c4342	exclude_context_or_seed_hit	skip_seed_or_non_pair	not_row_rejected_seed_or_non_pair		10.1111/phc3.12633		Philosophy of science and the replicability crisis		10 1111 phc3 12633 philosophy of science and the replicability crisis unresolved original target philosophy of science and the replicability crisis	2026-05-06T01:48:23+00:00
batch003_seed_8c4811421c8d399c	api_candidate_531902e0a39b1d8c	exclude_context_or_seed_hit	manual_review_before_repull	not_row_rejected_or_duplicate		10.1037/0022-3514.93.4.491		Actor-observer asymmetries in explanations of behavior: New answers to an old question.		10 1037 0022 3514 93 4 491 actor observer asymmetries in explanations of behavior new answers to an old question unresolved original target actor observer asymmetries in explanations of behavior new answers to an old question	2026-05-06T01:48:23+00:00
batch003_seed_1198dbc1e52f5cd6	api_candidate_4744525157c37154	exclude_until_query_resolves_specific_original_target	skip_until_original_target_resolved	not_row_unresolved_original_target		10.1073/pnas.1910951116		Replicator degrees of freedom allow publication of misleading failures to replicate		10 1073 pnas 1910951116 replicator degrees of freedom allow publication of misleading failures to replicate unresolved original target replicator degrees of freedom allow publication of misleading failures to replicate	2026-05-06T01:48:23+00:00
batch003_seed_9c635909438e66c2	api_candidate_9284ea61ff36814f	exclude_exact_pair_result_unless_new_outcome_or_new_source_family	skip_exact_pair_already_represented	already_in_current_root_table		10.1027/1864-9335/a000361		No Evidence That Experiencing Physical Warmth Promotes Interpersonal Warmth	fig1_pair_84ae5b6f75f33291|fig1_pair_91a0019783508f95	10 1027 1864 9335 a000361 no evidence that experiencing physical warmth promotes interpersonal warmth unresolved original target no evidence that experiencing physical warmth promotes interpersonal warmth	2026-05-06T01:48:23+00:00
batch003_seed_dcf1467f4d402886	api_candidate_ddd51f6a6a2663b8	exclude_context_or_seed_hit	manual_review_before_repull	not_row_rejected_or_duplicate		10.3389/fnbeh.2017.00120		Lack of Associations between Female Hormone Levels and Visuospatial Working Memory, Divided Attention and Cognitive Bias across Two Consecutive Menstrual Cycles		10 3389 fnbeh 2017 00120 lack of associations between female hormone levels and visuospatial working memory divided attention and cognitive bias across two consecutive menstrual cycles unresolved original target lack of associations between female hormone levels and visuospatial working memory divided attention and cognitive bias across two consecutive menstrual cycles	2026-05-06T01:48:23+00:00
batch003_seed_bffe913b77f69b35	api_candidate_cb9a052960492641	exclude_exact_pair_result_unless_new_outcome_or_new_source_family	skip_exact_pair_already_represented	already_in_current_root_table		10.1371/journal.pone.0033423		Failing the Future: Three Unsuccessful Attempts to Replicate Bem's ‘Retroactive Facilitation of Recall’ Effect	fig1_pair_3212a5f9117f1e44	10 1371 journal pone 0033423 failing the future three unsuccessful attempts to replicate bem s retroactive facilitation of recall effect unresolved original target failing the future three unsuccessful attempts to replicate bem s retroactive facilitation of recall effect	2026-05-06T01:48:23+00:00
batch003_seed_3ff105a6cd405e2c	api_candidate_437584f7c9708c81	exclude_context_or_seed_hit	manual_review_before_repull	not_row_rejected_or_duplicate		10.1016/j.appet.2014.10.024		Unsuccessful attempts to replicate effects of self control operations and glucose on ego-depletion pose an interesting research question that demands explanation		10 1016 j appet 2014 10 024 unsuccessful attempts to replicate effects of self control operations and glucose on ego depletion pose an interesting research question that demands explanation unresolved original target unsuccessful attempts to replicate effects of self control operations and glucose on ego depletion pose an interesting research question that demands explanation	2026-05-06T01:48:23+00:00
batch003_seed_7efeb11de30618af	api_candidate_36fbd2b47e30afcd	exclude_context_or_seed_hit	manual_review_before_repull	not_row_rejected_or_duplicate		10.1111/j.1551-6709.2010.01136.x		Three Attempts to Replicate the Behavioral Sunk‐Cost Effect: A Note on Cunha and Caldieraro (2009)		10 1111 j 1551 6709 2010 01136 x three attempts to replicate the behavioral sunk cost effect a note on cunha and caldieraro 2009 unresolved original target three attempts to replicate the behavioral sunk cost effect a note on cunha and caldieraro 2009	2026-05-06T01:48:23+00:00
batch003_seed_e77b219b00de20d8	api_candidate_f5d329c70f4f290b	exclude_until_query_resolves_specific_original_target	skip_until_original_target_resolved	not_row_unresolved_original_target		10.1027/1864-9335/a000182		Breakthrough or One-Hit Wonder?		10 1027 1864 9335 a000182 breakthrough or one hit wonder unresolved original target breakthrough or one hit wonder	2026-05-06T01:48:23+00:00
batch003_seed_ae58ba2b2f1db91f	api_candidate_6287214392755e51	exclude_under_current_policy_unless_policy_changes	skip_under_current_figure1_policy	not_row_rejected_after_value_scan		10.1037/xge0000203	Xu and Tenenbaum (2007b).	Understanding the effect of social context on learning: A replication of Xu and Tenenbaum (2007b).		10 1037 xge0000203 xu and tenenbaum 2007b understanding the effect of social context on learning a replication of xu and tenenbaum 2007b xu and tenenbaum 2007b understanding the effect of social context on learning a replication of xu and tenenbaum 2007b	2026-05-06T01:48:23+00:00
batch003_seed_e09b8f85e624235e	api_candidate_54bfbb526f90ed02	exclude_exact_pair_result_unless_new_outcome_or_new_source_family	skip_exact_pair_already_represented	already_in_current_root_table		10.1037/arc0000007	Bargh and Shalev (2012).	Can physical warmth (or coldness) predict trait loneliness? A replication of Bargh and Shalev (2012).	fig1_pair_ef80ab0f1baee360	10 1037 arc0000007 bargh and shalev 2012 can physical warmth or coldness predict trait loneliness a replication of bargh and shalev 2012 bargh and shalev 2012 can physical warmth or coldness predict trait loneliness a replication of bargh and shalev 2012	2026-05-06T01:48:23+00:00
batch003_seed_dab1b0fae3aef2b2	api_candidate_cbbcd2d203411342	exclude_exact_pair_result_unless_new_outcome_or_new_source_family	skip_exact_pair_already_represented	already_in_current_root_table		10.1080/23743603.2021.1878340		Revisiting the decoy effect: replication and extension of Ariely and Wallsten (1995) and Connolly, Reb, and Kausel (2013)	fig1_pair_15c24aafa5b48250|fig1_pair_eeac2ccd7cc2a71c	10 1080 23743603 2021 1878340 revisiting the decoy effect replication and extension of ariely and wallsten 1995 and connolly reb and kausel 2013 unresolved original target revisiting the decoy effect replication and extension of ariely and wallsten 1995 and connolly reb and kausel 2013	2026-05-06T01:48:23+00:00
batch003_seed_1dedfd5090395ab0	api_candidate_6babb48338f16a8a	exclude_context_or_seed_hit	manual_review_before_repull	not_row_rejected_or_duplicate		10.51224/cik.2024.60		Effects of Preferred versus Nonpreferred Music on Bench Press Performance		10 51224 cik 2024 60 effects of preferred versus nonpreferred music on bench press performance unresolved original target effects of preferred versus nonpreferred music on bench press performance	2026-05-06T01:48:23+00:00
batch003_seed_4dc2bf7bb32da84c	api_candidate_a6531c0216f61f31	exclude_under_current_policy_unless_policy_changes	skip_under_current_figure1_policy	not_row_rejected_after_value_scan		10.1007/s00125-010-2002-7	genome-wide association studies (GWAS) loci for fasting plasma glucose in African-Americans	Replication of genome-wide association studies (GWAS) loci for fasting plasma glucose in African-Americans		10 1007 s00125 010 2002 7 genome wide association studies gwas loci for fasting plasma glucose in african americans replication of genome wide association studies gwas loci for fasting plasma glucose in african americans genome wide association studies gwas loci for fasting plasma glucose in african americans replication of genome wide association studies gwas loci for fasting plasma glucose in african americans	2026-05-06T01:48:23+00:00
batch003_seed_6431cfb0739b66b3	api_candidate_a848f855bce57e2b	exclude_under_current_policy_unless_policy_changes	skip_under_current_figure1_policy	not_row_rejected_after_value_scan		10.1371/journal.pone.0023473	over 180 Genetic Associations with Self-Reported Medical Data	Efficient Replication of over 180 Genetic Associations with Self-Reported Medical Data		10 1371 journal pone 0023473 over 180 genetic associations with self reported medical data efficient replication of over 180 genetic associations with self reported medical data over 180 genetic associations with self reported medical data efficient replication of over 180 genetic associations with self reported medical data	2026-05-06T01:48:23+00:00
batch003_seed_981bf2f8affa1cea	api_candidate_dd966219198c26d2	exclude_context_or_seed_hit	manual_review_before_repull	not_row_rejected_or_duplicate		10.1002/brb3.1393		Episodic memory improvements due to noninvasive stimulation targeting the cortical–hippocampal network: A replication and extension experiment		10 1002 brb3 1393 episodic memory improvements due to noninvasive stimulation targeting the cortical hippocampal network a replication and extension experiment unresolved original target episodic memory improvements due to noninvasive stimulation targeting the cortical hippocampal network a replication and extension experiment	2026-05-06T01:48:23+00:00
batch003_seed_23c1bb0e43fb0ee7	api_candidate_786cc2f5ecc3de84	exclude_under_current_policy_unless_policy_changes	skip_under_current_figure1_policy	not_row_rejected_after_value_scan		10.1016/j.jml.2022.104354	Bock, Loebell and Morey (1992)	The effect of animacy on structural Priming: A replication of Bock, Loebell and Morey (1992)		10 1016 j jml 2022 104354 bock loebell and morey 1992 the effect of animacy on structural priming a replication of bock loebell and morey 1992 bock loebell and morey 1992 the effect of animacy on structural priming a replication of bock loebell and morey 1992	2026-05-06T01:48:23+00:00
batch003_seed_f16003d151b2c7c2	api_candidate_0921978f51da17da	exclude_context_or_seed_hit	manual_review_before_repull	not_row_rejected_or_duplicate		10.3389/fpsyg.2021.626087		Does Social Exclusion Improve Detection of Real and Fake Smiles? A Replication Study		10 3389 fpsyg 2021 626087 does social exclusion improve detection of real and fake smiles a replication study unresolved original target does social exclusion improve detection of real and fake smiles a replication study	2026-05-06T01:48:23+00:00
batch003_seed_5260dcc7737941aa	api_candidate_c49eb133d5977b06	do_not_repull_via_search_send_to_manual_acquisition_queue	route_to_manual_acquisition_not_new_search	not_row_source_blocked_or_manual_acquisition		10.1080/25742442.2021.1896908	Rabbitt (1968) Experiment 2	Recall of Speech is Impaired by Subsequent Masking Noise: A Replication of Rabbitt (1968) Experiment 2		10 1080 25742442 2021 1896908 rabbitt 1968 experiment 2 recall of speech is impaired by subsequent masking noise a replication of rabbitt 1968 experiment 2 rabbitt 1968 experiment 2 recall of speech is impaired by subsequent masking noise a replication of rabbitt 1968 experiment 2	2026-05-06T01:48:23+00:00
batch003_seed_56274bffa89ac3ae	api_candidate_28c2fe1d602af67c	exclude_exact_pair_result_unless_new_outcome_or_new_source_family	skip_exact_pair_already_represented	already_in_current_root_table		10.1111/puar.13845	“citizens' blame of politicians for public service failure	A cross‐cultural replication of “citizens' blame of politicians for public service failure: Experimental evidence about blame reduction through delegation and contracting”	fig1_pair_304a6225a7511f02|fig1_pair_3418f2fa77f0ab81|fig1_pair_5b669e817c3bdbd9|fig1_pair_6354aa74af5614df|fig1_pair_d66726faa5655a34|fig1_pair_d7b61fe17b5d3f7e|fig1_pair_e449a6987f62689e|fig1_pair_e60370d4575fe9c3|fig1_pair_edd654024fc8eea9	10 1111 puar 13845 citizens blame of politicians for public service failure a cross cultural replication of citizens blame of politicians for public service failure experimental evidence about blame reduction through delegation and contracting citizens blame of politicians for public service failure a cross cultural replication of citizens blame of politicians for public service failure experimental evidence about blame reduction through delegation and contracting	2026-05-06T01:48:23+00:00
batch003_seed_065b248ba8c209bb	api_candidate_e224769ca5daf536	exclude_context_or_seed_hit	manual_review_before_repull	not_row_rejected_or_duplicate		10.5210/fm.v26i12.11774		Mixed findings in directly replicated experimental studies on fake news		10 5210 fm v26i12 11774 mixed findings in directly replicated experimental studies on fake news unresolved original target mixed findings in directly replicated experimental studies on fake news	2026-05-06T01:48:23+00:00
batch003_seed_11daea25651305e2	api_candidate_5820a95a7334907e	exclude_until_query_resolves_specific_original_target	skip_until_original_target_resolved	not_row_unresolved_original_target		10.1525/collabra.21963		“I Remember Having Chicken Pox at Age 3”: How Can Age Manipulations Affect One’s Earliest Childhood Memories?		10 1525 collabra 21963 i remember having chicken pox at age 3 how can age manipulations affect one s earliest childhood memories unresolved original target i remember having chicken pox at age 3 how can age manipulations affect one s earliest childhood memories	2026-05-06T01:48:23+00:00
batch003_seed_1bc4f38c3ef59139	api_candidate_4c81f1c12188acdd	exclude_context_or_seed_hit	manual_review_before_repull	not_row_rejected_or_duplicate		10.36948/ijfmr.2025.v07i06.61995		Role of Colour Priming on Memory and Sustained Attention: A Direct Replication Study		10 36948 ijfmr 2025 v07i06 61995 role of colour priming on memory and sustained attention a direct replication study unresolved original target role of colour priming on memory and sustained attention a direct replication study	2026-05-06T01:48:23+00:00
batch003_seed_56301ed4a4ef9b6b	api_candidate_00e27cab90640913	exclude_context_or_seed_hit	manual_review_before_repull	not_row_rejected_or_duplicate		10.1016/j.joep.2018.10.010		Understanding the (perverse) effects of disclosing conflicts of interest: A direct replication study		10 1016 j joep 2018 10 010 understanding the perverse effects of disclosing conflicts of interest a direct replication study unresolved original target understanding the perverse effects of disclosing conflicts of interest a direct replication study	2026-05-06T01:48:23+00:00
batch003_seed_9e7cb5f2e050664a	api_candidate_f6fe02e8fc6a4794	exclude_context_or_seed_hit	manual_review_before_repull	not_row_rejected_or_duplicate		10.1007/s00455-009-9226-z		Confirmation of No Causal Relationship Between Tracheotomy and Aspiration Status: A Direct Replication Study		10 1007 s00455 009 9226 z confirmation of no causal relationship between tracheotomy and aspiration status a direct replication study unresolved original target confirmation of no causal relationship between tracheotomy and aspiration status a direct replication study	2026-05-06T01:48:23+00:00
batch003_seed_d1807e7ab58fbb3e	api_candidate_b6908a974331b8bf	exclude_under_current_policy_unless_policy_changes	skip_under_current_figure1_policy	not_row_rejected_after_value_scan		10.1007/s00455-011-9362-0		Vocal Fold Immobility and Aspiration Status: A Direct Replication Study		10 1007 s00455 011 9362 0 vocal fold immobility and aspiration status a direct replication study unresolved original target vocal fold immobility and aspiration status a direct replication study	2026-05-06T01:48:23+00:00
batch003_seed_4d315a2e90ff0265	api_candidate_8b0f57e6dcf5f55d	exclude_until_query_resolves_specific_original_target	skip_until_original_target_resolved	not_row_unresolved_original_target		10.3389/forgp.2024.1468907		Acceptance and motivational effect of AI-driven feedback in the workplace: an experimental study with direct replication		10 3389 forgp 2024 1468907 acceptance and motivational effect of ai driven feedback in the workplace an experimental study with direct replication unresolved original target acceptance and motivational effect of ai driven feedback in the workplace an experimental study with direct replication	2026-05-06T01:48:23+00:00
batch003_seed_15ab00a6be406746	api_candidate_09fc517904a40142	exclude_until_query_resolves_specific_original_target	skip_until_original_target_resolved	not_row_unresolved_original_target		10.1177/2167702619859335		Lateral Eye Movements Do Not Increase False-Memory Rates: A Failed Direct-Replication Study		10 1177 2167702619859335 lateral eye movements do not increase false memory rates a failed direct replication study unresolved original target lateral eye movements do not increase false memory rates a failed direct replication study	2026-05-06T01:48:23+00:00
batch003_seed_72bf126287f350da	api_candidate_79a60b36adeac558	exclude_context_or_seed_hit	manual_review_before_repull	not_row_rejected_or_duplicate		10.21437/interspeech.2011-586		Pointing gestures do not influence the perception of lexical stress		10 21437 interspeech 2011 586 pointing gestures do not influence the perception of lexical stress unresolved original target pointing gestures do not influence the perception of lexical stress	2026-05-06T01:48:23+00:00
batch003_seed_2b08f56471a7df97	api_candidate_39fd826b8a364bf3	exclude_context_or_seed_hit	manual_review_before_repull	not_row_rejected_or_duplicate		10.1002/alz.078041		The Olfactory Stress Test does not replicate in a larger sample		10 1002 alz 078041 the olfactory stress test does not replicate in a larger sample unresolved original target the olfactory stress test does not replicate in a larger sample	2026-05-06T01:48:23+00:00
batch003_seed_300ca5d11c45cbfe	api_candidate_fbe05a26e9edabb8	exclude_exact_pair_result_unless_new_outcome_or_new_source_family	skip_exact_pair_already_represented	already_in_current_root_table		10.2139/ssrn.1699970	the Procedures from Bem (2010, Study 8) and a Failure to Replicate the Same Results	A Replication of the Procedures from Bem (2010, Study 8) and a Failure to Replicate the Same Results	fig1_pair_522390bddbfb99c0	10 2139 ssrn 1699970 the procedures from bem 2010 study 8 and a failure to replicate the same results a replication of the procedures from bem 2010 study 8 and a failure to replicate the same results the procedures from bem 2010 study 8 and a failure to replicate the same results a replication of the procedures from bem 2010 study 8 and a failure to replicate the same results	2026-05-06T01:48:23+00:00
batch003_seed_b21ac575e2d0c37e	api_candidate_5b9f95d4c0a9b686	exclude_under_current_policy_unless_policy_changes	skip_under_current_figure1_policy	not_row_rejected_after_value_scan		10.1037/pspa0000072	methods caused the failure to replicate results.	Panero et al. (2016): Failure to replicate methods caused the failure to replicate results.		10 1037 pspa0000072 methods caused the failure to replicate results panero et al 2016 failure to replicate methods caused the failure to replicate results methods caused the failure to replicate results panero et al 2016 failure to replicate methods caused the failure to replicate results	2026-05-06T01:48:23+00:00
batch003_seed_0197483eb49a5393	api_candidate_9b24b3097426c83d	exclude_context_or_seed_hit	manual_review_before_repull	not_row_rejected_or_duplicate		10.1002/jclp.70017		The Effects of Repeated Finger Flexion Movements on Self-Reported Affect and Reward System Activation Are Weak and Inconsistent.		10 1002 jclp 70017 the effects of repeated finger flexion movements on self reported affect and reward system activation are weak and inconsistent unresolved original target the effects of repeated finger flexion movements on self reported affect and reward system activation are weak and inconsistent	2026-05-06T01:48:23+00:00
batch003_seed_325e1760be9a9a98	api_candidate_dae655618ec4c3be	exclude_context_or_seed_hit	manual_review_before_repull	not_row_rejected_or_duplicate		10.1111/bjop.12767		New evidence finds young people in Mainland China are now bicultural.		10 1111 bjop 12767 new evidence finds young people in mainland china are now bicultural unresolved original target new evidence finds young people in mainland china are now bicultural	2026-05-06T01:48:23+00:00
batch003_seed_d303a45edd15e987	api_candidate_af2810096cc74997	exclude_context_or_seed_hit	manual_review_before_repull	not_row_rejected_or_duplicate		10.1098/rsos.211152		The tainted altruism effect: a successful pre-registered replication.		10 1098 rsos 211152 the tainted altruism effect a successful pre registered replication unresolved original target the tainted altruism effect a successful pre registered replication	2026-05-06T01:48:23+00:00
batch003_seed_f5c3e45326d3c90f	api_candidate_6609346be8040f27	exclude_context_or_seed_hit	manual_review_before_repull	not_row_rejected_or_duplicate		10.1002/acp.3439		The first direct replication on using verbal credibility assessment for the detection of deceptive intentions.		10 1002 acp 3439 the first direct replication on using verbal credibility assessment for the detection of deceptive intentions unresolved original target the first direct replication on using verbal credibility assessment for the detection of deceptive intentions	2026-05-06T01:48:23+00:00
batch003_seed_e77554e661e55cf0	api_candidate_38f85ce298c4da7a	exclude_under_current_policy_unless_policy_changes	skip_under_current_figure1_policy	not_row_rejected_after_value_scan		10.1111/sjop.12807		Expectation of irrelevant novel stimuli has no consistent effect on recognition memory.		10 1111 sjop 12807 expectation of irrelevant novel stimuli has no consistent effect on recognition memory unresolved original target expectation of irrelevant novel stimuli has no consistent effect on recognition memory	2026-05-06T01:48:23+00:00
batch003_seed_6aca29e1b335fe85	api_candidate_ded0ad9adac6bb6c	exclude_until_query_resolves_specific_original_target	skip_until_original_target_resolved	not_row_unresolved_original_target		10.1016/j.nicl.2023.103325		Replicability of proton MR spectroscopic imaging findings in mild traumatic brain injury: Implications for clinical applications.		10 1016 j nicl 2023 103325 replicability of proton mr spectroscopic imaging findings in mild traumatic brain injury implications for clinical applications unresolved original target replicability of proton mr spectroscopic imaging findings in mild traumatic brain injury implications for clinical applications	2026-05-06T01:48:23+00:00
batch003_seed_b7d1a43a96937ef8	api_candidate_49114652db6026d3	exclude_exact_pair_result_unless_new_outcome_or_new_source_family	skip_exact_pair_result_current_row	promoted_to_current_root_row	10.1177/0956797612465878	10.1098/rsos.160431	Encounters with Objective Coherence and the Experience of Meaning in Life	The effects of exposure to objective coherence on perceived meaning in life: a preregistered direct replication of Heintzelman, Trent & King (2013)	fig1_pair_38c3dbaec110de6a|fig1_pair_391216fda553efc4	10 1177 0956797612465878 10 1098 rsos 160431 encounters with objective coherence and the experience of meaning in life the effects of exposure to objective coherence on perceived meaning in life a preregistered direct replication of heintzelman trent king 2013 heintzelman trent king 2013 the effects of exposure to objective coherence on perceived meaning in life a preregistered direct replication of heintzelman trent king 2013	2026-05-06T01:48:23+00:00
batch003_seed_b031f4ffc954dc53	api_candidate_7529248cc277118d	exclude_until_query_resolves_specific_original_target	skip_until_original_target_resolved	not_row_unresolved_original_target		10.1371/journal.pone.0198616		Does social distance modulate adults’ egocentric biases when reasoning about false beliefs?		10 1371 journal pone 0198616 does social distance modulate adults egocentric biases when reasoning about false beliefs unresolved original target does social distance modulate adults egocentric biases when reasoning about false beliefs	2026-05-06T01:48:23+00:00
batch003_seed_bb26b36c471cd694	api_candidate_e4cc547f0371b1c2	exclude_exact_pair_result_unless_new_outcome_or_new_source_family	skip_exact_pair_already_represented	already_in_current_root_table		10.1371/journal.pone.0172636	Gervais & Norenzayan (2012)	Direct replication of Gervais & Norenzayan (2012): No evidence that analytic thinking decreases religious belief	fig1_pair_76cc5e41ca68fd7d	10 1371 journal pone 0172636 gervais norenzayan 2012 direct replication of gervais norenzayan 2012 no evidence that analytic thinking decreases religious belief gervais norenzayan 2012 direct replication of gervais norenzayan 2012 no evidence that analytic thinking decreases religious belief	2026-05-06T01:48:23+00:00
batch003_seed_b87365e9b386d16f	api_candidate_181ee9af07d31046	exclude_context_or_seed_hit	manual_review_before_repull	not_row_rejected_or_duplicate		10.1371/journal.pone.0326446		Possessing potential weapons (still) heightens anger perception: Replicating and extending a test of error management theory		10 1371 journal pone 0326446 possessing potential weapons still heightens anger perception replicating and extending a test of error management theory unresolved original target possessing potential weapons still heightens anger perception replicating and extending a test of error management theory	2026-05-06T01:48:23+00:00
batch003_seed_19cddb86aa5f1e25	api_candidate_6260c1eb06960347	exclude_under_current_policy_unless_policy_changes	skip_under_current_figure1_policy	not_row_rejected_after_value_scan		10.1371/journal.pone.0229161		Measuring objectification through the Body Inversion Paradigm: Methodological issues		10 1371 journal pone 0229161 measuring objectification through the body inversion paradigm methodological issues unresolved original target measuring objectification through the body inversion paradigm methodological issues	2026-05-06T01:48:23+00:00
batch003_seed_e9426f8692faedd5	api_candidate_f43c0a346030c8c1	exclude_until_query_resolves_specific_original_target	skip_until_original_target_resolved	not_row_unresolved_original_target		10.1371/journal.pbio.3000188		Exact replication: Foundation of science or game of chance?		10 1371 journal pbio 3000188 exact replication foundation of science or game of chance unresolved original target exact replication foundation of science or game of chance	2026-05-06T01:48:23+00:00
batch003_seed_2500c4a3e8ab7441	api_candidate_e4c1bdfad6bc2704	exclude_context_or_seed_hit	manual_review_before_repull	not_row_rejected_or_duplicate		10.1371/journal.pone.0326446		Possessing potential weapons (still) heightens anger perception: Replicating and extending a test of error management theory.		10 1371 journal pone 0326446 possessing potential weapons still heightens anger perception replicating and extending a test of error management theory unresolved original target possessing potential weapons still heightens anger perception replicating and extending a test of error management theory	2026-05-06T01:48:23+00:00
batch003_seed_ec99921709759955	api_candidate_359168184573cff4	exclude_context_or_seed_hit	manual_review_before_repull	not_row_rejected_or_duplicate		10.1038/s41467-025-62155-5		Large-scale multi-site study shows no association between musical training and early auditory neural sound encoding.		10 1038 s41467 025 62155 5 large scale multi site study shows no association between musical training and early auditory neural sound encoding unresolved original target large scale multi site study shows no association between musical training and early auditory neural sound encoding	2026-05-06T01:48:23+00:00
batch003_seed_a17fb155eab0d5e1	api_candidate_7a25e1fb88a57d3c	exclude_under_current_policy_unless_policy_changes	skip_under_current_figure1_policy	not_row_rejected_after_value_scan		10.1371/journal.pone.0251451	Przybylski and Weinstein (2013) and an extension to creativity	How bad is the mere presence of a phone? A replication of Przybylski and Weinstein (2013) and an extension to creativity		10 1371 journal pone 0251451 przybylski and weinstein 2013 and an extension to creativity how bad is the mere presence of a phone a replication of przybylski and weinstein 2013 and an extension to creativity przybylski and weinstein 2013 and an extension to creativity how bad is the mere presence of a phone a replication of przybylski and weinstein 2013 and an extension to creativity	2026-05-06T01:48:23+00:00
batch003_seed_18840e2292a353b4	api_candidate_3e8c9568db2bcd63	exclude_under_current_policy_unless_policy_changes	skip_under_current_figure1_policy	not_row_rejected_after_value_scan		10.1371/journal.pone.0114614		"Replication attempt: ""Effect of BMAP-28 antimicrobial peptides on Leishmania major promastigote and amastigote growth: role of leishmanolysin in parasite survival""."		10 1371 journal pone 0114614 replication attempt effect of bmap 28 antimicrobial peptides on leishmania major promastigote and amastigote growth role of leishmanolysin in parasite survival unresolved original target replication attempt effect of bmap 28 antimicrobial peptides on leishmania major promastigote and amastigote growth role of leishmanolysin in parasite survival	2026-05-06T01:48:23+00:00
batch003_seed_238ed0a2126f8e46	api_candidate_f029ebcc2cb48741	exclude_until_query_resolves_specific_original_target	skip_until_original_target_resolved	not_row_unresolved_original_target		10.1371/journal.pone.0114614		Replication Attempt: “Effect of BMAP-28 Antimicrobial Peptides on Leishmania Major Promastigote and Amastigote Growth: Role of Leishmanolysin in Parasite Survival”		10 1371 journal pone 0114614 replication attempt effect of bmap 28 antimicrobial peptides on leishmania major promastigote and amastigote growth role of leishmanolysin in parasite survival unresolved original target replication attempt effect of bmap 28 antimicrobial peptides on leishmania major promastigote and amastigote growth role of leishmanolysin in parasite survival	2026-05-06T01:48:23+00:00
batch003_seed_44e32282d2edf3ef	api_candidate_b57d1582d17c5de3	exclude_exact_pair_result_unless_new_outcome_or_new_source_family	skip_exact_pair_already_represented	already_in_current_root_table		10.70252/nkky8370		The Effects of Augmented Feedback, Focus of Attention, and Monetary Reward on Vertical Jump Height: A Replication Study.	fig1_pair_534251d6a3df2cde	10 70252 nkky8370 the effects of augmented feedback focus of attention and monetary reward on vertical jump height a replication study unresolved original target the effects of augmented feedback focus of attention and monetary reward on vertical jump height a replication study	2026-05-06T01:48:23+00:00
batch003_seed_fd255a65b65d2b2b	api_candidate_44b307a3786dee1a	exclude_until_query_resolves_specific_original_target	skip_until_original_target_resolved	not_row_unresolved_original_target		10.1098/rsos.231240		Eleven years of student replication projects provide evidence on the correlates of replicability in psychology.		10 1098 rsos 231240 eleven years of student replication projects provide evidence on the correlates of replicability in psychology unresolved original target eleven years of student replication projects provide evidence on the correlates of replicability in psychology	2026-05-06T01:48:23+00:00
batch003_seed_24e6cc728faa2bae	api_candidate_4b3dfa6a8bcf03d8	exclude_context_or_seed_hit	manual_review_before_repull	not_row_rejected_or_duplicate		10.1016/j.ijpsycho.2026.113330		Predictable changes within fast-paced sound sequences do not elicit the mismatch negativity: A conceptual in-class replication study.		10 1016 j ijpsycho 2026 113330 predictable changes within fast paced sound sequences do not elicit the mismatch negativity a conceptual in class replication study unresolved original target predictable changes within fast paced sound sequences do not elicit the mismatch negativity a conceptual in class replication study	2026-05-06T01:48:23+00:00
batch003_seed_7d37d5fc5a8baf7b	api_candidate_42033881acc11e29	exclude_context_or_seed_hit	manual_review_before_repull	not_row_rejected_or_duplicate		10.31234/osf.io/9j2v7_v1		Epigenetic signatures of different types of childhood maltreatment in a high-risk sample: a preregistered replication study		10 31234 osf io 9j2v7 v1 epigenetic signatures of different types of childhood maltreatment in a high risk sample a preregistered replication study unresolved original target epigenetic signatures of different types of childhood maltreatment in a high risk sample a preregistered replication study	2026-05-06T01:48:23+00:00
batch003_seed_611c99abcf4953ca	api_candidate_dc6c6a569f92ba75	exclude_context_or_seed_hit	manual_review_before_repull	not_row_rejected_or_duplicate		10.1186/s40345-026-00420-2		Examining the associations between manic symptoms and cognitive performance in bipolar disorders: evidence from a cross-sectional replication study in the FACE-BD cohort.		10 1186 s40345 026 00420 2 examining the associations between manic symptoms and cognitive performance in bipolar disorders evidence from a cross sectional replication study in the face bd cohort unresolved original target examining the associations between manic symptoms and cognitive performance in bipolar disorders evidence from a cross sectional replication study in the face bd cohort	2026-05-06T01:48:23+00:00
batch003_seed_86e17e7462bc6cef	api_candidate_6567045e2123a4f9	exclude_exact_pair_result_unless_new_outcome_or_new_source_family	skip_exact_pair_result_current_row	promoted_to_current_root_row	10.1126/science.abh1054	10.1098/rsos.240229	Early concepts of intimacy: young humans use saliva sharing to infer close relationships	Do infants use cues of saliva-sharing to infer close relationships? A replication of Thomas &lt;i&gt;et al&lt;/i&gt;. (2022).	fig1_pair_6f4eb8922f2083e6	10 1126 science abh1054 10 1098 rsos 240229 early concepts of intimacy young humans use saliva sharing to infer close relationships do infants use cues of saliva sharing to infer close relationships a replication of thomas lt i gt et al lt i gt 2022 thomas lt i gt et al lt i gt 2022 do infants use cues of saliva sharing to infer close relationships a replication of thomas lt i gt et al lt i gt 2022	2026-05-06T01:48:23+00:00
batch003_seed_c61bb414a4a1a49e	api_candidate_099c6eb209be07e5	exclude_under_current_policy_unless_policy_changes	skip_under_current_figure1_policy	not_row_rejected_after_value_scan		10.1371/journal.pone.0240159	influential studies on biomedical, social, behavioural and structural interventions for HIV prevention and treatment	Replication of influential studies on biomedical, social, behavioural and structural interventions for HIV prevention and treatment		10 1371 journal pone 0240159 influential studies on biomedical social behavioural and structural interventions for hiv prevention and treatment replication of influential studies on biomedical social behavioural and structural interventions for hiv prevention and treatment influential studies on biomedical social behavioural and structural interventions for hiv prevention and treatment replication of influential studies on biomedical social behavioural and structural interventions for hiv prevention and treatment	2026-05-06T01:48:23+00:00
batch003_seed_4eec4747ed86912d	api_candidate_359f17e44288e891	exclude_until_query_resolves_specific_original_target	skip_until_original_target_resolved	not_row_unresolved_original_target		10.1371/journal.pone.0326335		The challenges of replication: A worked example of methods reproducibility using electronic health record data		10 1371 journal pone 0326335 the challenges of replication a worked example of methods reproducibility using electronic health record data unresolved original target the challenges of replication a worked example of methods reproducibility using electronic health record data	2026-05-06T01:48:23+00:00
batch003_seed_7e204fc3b29f34c1	api_candidate_81a2563a7e8390b2	exclude_context_or_seed_hit	manual_review_before_repull	not_row_rejected_or_duplicate		10.3389/fpsyg.2026.1725609		Moving beyond attraction, compassion, and competence: evidence for compatibility as a distinct component of mate preferences.		10 3389 fpsyg 2026 1725609 moving beyond attraction compassion and competence evidence for compatibility as a distinct component of mate preferences unresolved original target moving beyond attraction compassion and competence evidence for compatibility as a distinct component of mate preferences	2026-05-06T01:48:23+00:00
batch003_seed_39c74362c4d17195	api_candidate_bbdb50e5e3cf27e4	exclude_until_query_resolves_specific_original_target	skip_until_original_target_resolved	not_row_unresolved_original_target		10.1523/eneuro.0265-24.2024		Transcranial Direct Current Stimulation over the Posterior Parietal Cortex Increases Nontarget Retrieval during Visual Working Memory.		10 1523 eneuro 0265 24 2024 transcranial direct current stimulation over the posterior parietal cortex increases nontarget retrieval during visual working memory unresolved original target transcranial direct current stimulation over the posterior parietal cortex increases nontarget retrieval during visual working memory	2026-05-06T01:48:23+00:00
batch003_seed_d818804f50592ca8	api_candidate_aad4330a7b0a33fc	exclude_until_query_resolves_specific_original_target	skip_until_original_target_resolved	not_row_unresolved_original_target		10.3389/fpsyg.2021.618712		Working Memory Load Effects on the Tilt Aftereffect.		10 3389 fpsyg 2021 618712 working memory load effects on the tilt aftereffect unresolved original target working memory load effects on the tilt aftereffect	2026-05-06T01:48:23+00:00
batch003_seed_16471a6bbc0f8d6b	api_candidate_3d80e7706cd46536	exclude_under_current_policy_unless_policy_changes	skip_under_current_figure1_policy	not_row_rejected_after_value_scan		10.1371/journal.pone.0255531		No effect of ‘watching eyes’: An attempted replication and extension investigating individual differences		10 1371 journal pone 0255531 no effect of watching eyes an attempted replication and extension investigating individual differences unresolved original target no effect of watching eyes an attempted replication and extension investigating individual differences	2026-05-06T01:48:23+00:00
batch003_seed_720211067360407e	api_candidate_e7f865a62a83912a	exclude_until_query_resolves_specific_original_target	skip_until_original_target_resolved	not_row_unresolved_original_target		10.1371/journal.pone.0032611		No Evidence for Pre-Copulatory Sexual Selection on Sperm Length in a Passerine Bird		10 1371 journal pone 0032611 no evidence for pre copulatory sexual selection on sperm length in a passerine bird unresolved original target no evidence for pre copulatory sexual selection on sperm length in a passerine bird	2026-05-06T01:48:23+00:00
batch003_seed_bf90bb4a6cc7700f	api_candidate_cedc4413ed8443b5	exclude_until_query_resolves_specific_original_target	skip_until_original_target_resolved	not_row_unresolved_original_target		10.1371/journal.pone.0220883		Does incidental pride increase competency evaluation of others who appear careless? Discrete positive emotions and impression formation		10 1371 journal pone 0220883 does incidental pride increase competency evaluation of others who appear careless discrete positive emotions and impression formation unresolved original target does incidental pride increase competency evaluation of others who appear careless discrete positive emotions and impression formation	2026-05-06T01:48:23+00:00
batch003_seed_578cda64dcfc0437	api_candidate_9cba2128838f75a1	exclude_until_query_resolves_specific_original_target	skip_until_original_target_resolved	not_row_unresolved_original_target		10.3390/jcm15062180		A LASSO-Based Nomogram for Predicting Focal Complications in Brucellosis: A Multicenter Retrospective Cohort Study.		10 3390 jcm15062180 a lasso based nomogram for predicting focal complications in brucellosis a multicenter retrospective cohort study unresolved original target a lasso based nomogram for predicting focal complications in brucellosis a multicenter retrospective cohort study	2026-05-06T01:48:23+00:00
batch003_seed_97a25d8955228838	api_candidate_5f2fab6f2fd7d599	exclude_context_or_seed_hit	manual_review_before_repull	not_row_rejected_or_duplicate		10.1002/ana.78099		Anatomical Associations Between Focal Mitochondrial Metabolism and Patterns of Neurodegeneration in Amyotrophic Lateral Sclerosis.		10 1002 ana 78099 anatomical associations between focal mitochondrial metabolism and patterns of neurodegeneration in amyotrophic lateral sclerosis unresolved original target anatomical associations between focal mitochondrial metabolism and patterns of neurodegeneration in amyotrophic lateral sclerosis	2026-05-06T01:48:23+00:00
batch003_seed_c0dd55beb65027a0	api_candidate_0af1c7cfbe0300bc	exclude_context_or_seed_hit	manual_review_before_repull	not_row_rejected_or_duplicate		10.3390/cimb48010094		Ensemble Machine Learning on Bulk RNA-Seq Identifies 17-Gene Signature Predicting Neoadjuvant Chemotherapy Response in Breast Cancer.		10 3390 cimb48010094 ensemble machine learning on bulk rna seq identifies 17 gene signature predicting neoadjuvant chemotherapy response in breast cancer unresolved original target ensemble machine learning on bulk rna seq identifies 17 gene signature predicting neoadjuvant chemotherapy response in breast cancer	2026-05-06T01:48:23+00:00
batch003_seed_fea7b4039f0e84eb	api_candidate_c3c8c248e174d524	exclude_context_or_seed_hit	manual_review_before_repull	not_row_rejected_or_duplicate		10.3389/fimmu.2026.1783026		Plasma miR-134-5p: a candidate biomarker for predicting non-response to anti-TNF therapy in rheumatoid arthritis.		10 3389 fimmu 2026 1783026 plasma mir 134 5p a candidate biomarker for predicting non response to anti tnf therapy in rheumatoid arthritis unresolved original target plasma mir 134 5p a candidate biomarker for predicting non response to anti tnf therapy in rheumatoid arthritis	2026-05-06T01:48:23+00:00
batch003_seed_ec4630bfeb3d7041	api_candidate_d474103de3a81710	exclude_context_or_seed_hit	manual_review_before_repull	not_row_rejected_or_duplicate		10.1093/ehjdh/ztag040		An artificial intelligence prediction model for optimizing patient selection for cardiac imaging for the investigation of suspected coronary artery disease.		10 1093 ehjdh ztag040 an artificial intelligence prediction model for optimizing patient selection for cardiac imaging for the investigation of suspected coronary artery disease unresolved original target an artificial intelligence prediction model for optimizing patient selection for cardiac imaging for the investigation of suspected coronary artery disease	2026-05-06T01:48:23+00:00
batch003_seed_6524684bc0919a6f	api_candidate_6edf87af50cb894b	exclude_until_query_resolves_specific_original_target	skip_until_original_target_resolved	not_row_unresolved_original_target		10.1371/journal.pgen.1009564		From musk to body odor: Decoding olfaction through genetic variation		10 1371 journal pgen 1009564 from musk to body odor decoding olfaction through genetic variation unresolved original target from musk to body odor decoding olfaction through genetic variation	2026-05-06T01:48:23+00:00
batch003_seed_b9a61c632b87bc8d	api_candidate_cb509fc862309e66	exclude_until_query_resolves_specific_original_target	skip_until_original_target_resolved	not_row_unresolved_original_target		10.1371/journal.pone.0221143		The effect of H1N1 vaccination on serum miRNA expression in children: A tale of caution for microRNA microarray studies		10 1371 journal pone 0221143 the effect of h1n1 vaccination on serum mirna expression in children a tale of caution for microrna microarray studies unresolved original target the effect of h1n1 vaccination on serum mirna expression in children a tale of caution for microrna microarray studies	2026-05-06T01:48:23+00:00
batch003_seed_a9c9f49a5a513878	api_candidate_feaf374564b1ede3	exclude_until_query_resolves_specific_original_target	skip_until_original_target_resolved	not_row_unresolved_original_target		10.1371/journal.pone.0091076		Putative Transcriptomic Biomarkers in the Inflammatory Cytokine Pathway Differentiate Major Depressive Disorder Patients from Control Subjects and Bipolar Disorder Patients		10 1371 journal pone 0091076 putative transcriptomic biomarkers in the inflammatory cytokine pathway differentiate major depressive disorder patients from control subjects and bipolar disorder patients unresolved original target putative transcriptomic biomarkers in the inflammatory cytokine pathway differentiate major depressive disorder patients from control subjects and bipolar disorder patients	2026-05-06T01:48:23+00:00
batch003_seed_2d09d650dec56db4	api_candidate_046c312614027876	exclude_until_query_resolves_specific_original_target	skip_until_original_target_resolved	not_row_unresolved_original_target		10.1371/journal.pone.0061469		MTHFR Glu429Ala and ERCC5 His46His Polymorphisms Are Associated with Prognosis in Colorectal Cancer Patients: Analysis of Two Independent Cohorts from Newfoundland		10 1371 journal pone 0061469 mthfr glu429ala and ercc5 his46his polymorphisms are associated with prognosis in colorectal cancer patients analysis of two independent cohorts from newfoundland unresolved original target mthfr glu429ala and ercc5 his46his polymorphisms are associated with prognosis in colorectal cancer patients analysis of two independent cohorts from newfoundland	2026-05-06T01:48:23+00:00
batch003_seed_96d3215f7ce6ac55	api_candidate_8a60e29a6602ab66	exclude_until_query_resolves_specific_original_target	skip_until_original_target_resolved	not_row_unresolved_original_target		10.1371/journal.pone.0210067		Decreased total iron binding capacity upon intensive care unit admission predicts red blood cell transfusion in critically ill patients		10 1371 journal pone 0210067 decreased total iron binding capacity upon intensive care unit admission predicts red blood cell transfusion in critically ill patients unresolved original target decreased total iron binding capacity upon intensive care unit admission predicts red blood cell transfusion in critically ill patients	2026-05-06T01:48:23+00:00
batch003_seed_0549a77960574e83	api_candidate_149878a191cd6b28	exclude_until_query_resolves_specific_original_target	skip_until_original_target_resolved	not_row_unresolved_original_target		10.1245/s10434-025-17660-8		Somatostatin Analogs for Preventing Postoperative Pancreatic Fistula: Past Evidence Reveals New Opportunities.		10 1245 s10434 025 17660 8 somatostatin analogs for preventing postoperative pancreatic fistula past evidence reveals new opportunities unresolved original target somatostatin analogs for preventing postoperative pancreatic fistula past evidence reveals new opportunities	2026-05-06T01:48:23+00:00
batch003_seed_578ec62ac6c1eb77	api_candidate_d8c7109960cd06ce	exclude_until_query_resolves_specific_original_target	skip_until_original_target_resolved	not_row_unresolved_original_target		10.1161/strokeaha.125.052935		Glenzocimab Efficacy and Safety Added to Intravenous Thrombolysis With or Without Mechanical Thrombectomy in Patients With Acute Ischemic Stroke-ACTISAVE: A Prospective, Randomized, Double-Blind Study.		10 1161 strokeaha 125 052935 glenzocimab efficacy and safety added to intravenous thrombolysis with or without mechanical thrombectomy in patients with acute ischemic stroke actisave a prospective randomized double blind study unresolved original target glenzocimab efficacy and safety added to intravenous thrombolysis with or without mechanical thrombectomy in patients with acute ischemic stroke actisave a prospective randomized double blind study	2026-05-06T01:48:23+00:00
batch003_seed_fc12abf48a92b886	api_candidate_2dd91e62ffd37ce8	exclude_until_query_resolves_specific_original_target	skip_until_original_target_resolved	not_row_unresolved_original_target		10.3389/fneur.2025.1602956		Safety and feasibility of cerebrolysin in treatment of primary intracerebral hemorrhage (CLINCH)-a prospective, randomized, open-label, blinded endpoint pilot trial.		10 3389 fneur 2025 1602956 safety and feasibility of cerebrolysin in treatment of primary intracerebral hemorrhage clinch a prospective randomized open label blinded endpoint pilot trial unresolved original target safety and feasibility of cerebrolysin in treatment of primary intracerebral hemorrhage clinch a prospective randomized open label blinded endpoint pilot trial	2026-05-06T01:48:23+00:00
batch003_seed_935225c1fc33db56	api_candidate_710fd7eb55fc9d77	do_not_repull_via_search_send_to_manual_acquisition_queue	route_to_manual_acquisition_not_new_search	not_row_source_blocked_or_manual_acquisition		10.1016/j.biopsych.2009.11.021	Scopolamine's Antidepressant Efficacy in Major Depressive Disorder	Replication of Scopolamine's Antidepressant Efficacy in Major Depressive Disorder: A Randomized, Placebo-Controlled Clinical Trial		10 1016 j biopsych 2009 11 021 scopolamine s antidepressant efficacy in major depressive disorder replication of scopolamine s antidepressant efficacy in major depressive disorder a randomized placebo controlled clinical trial scopolamine s antidepressant efficacy in major depressive disorder replication of scopolamine s antidepressant efficacy in major depressive disorder a randomized placebo controlled clinical trial	2026-05-06T01:48:23+00:00
batch003_seed_1951681b5806e57c	api_candidate_6000aff0af587ba7	exclude_until_query_resolves_specific_original_target	skip_until_original_target_resolved	not_row_unresolved_original_target		10.1111/dom.70384		Association between glucagon-like peptide-1 receptor agonists and risk of dementia in older adults with type 2 diabetes: A target trial emulation.		10 1111 dom 70384 association between glucagon like peptide 1 receptor agonists and risk of dementia in older adults with type 2 diabetes a target trial emulation unresolved original target association between glucagon like peptide 1 receptor agonists and risk of dementia in older adults with type 2 diabetes a target trial emulation	2026-05-06T01:48:23+00:00
batch003_seed_f1f1ba9acd7233ce	api_candidate_38a533cdcb5c6bd0	exclude_until_query_resolves_specific_original_target	skip_until_original_target_resolved	not_row_unresolved_original_target		10.1089/neu.2019.6705		Unsupervised Machine Learning Reveals Novel Traumatic Brain Injury Patient Phenotypes with Distinct Acute Injury Profiles and Long-Term Outcomes.		10 1089 neu 2019 6705 unsupervised machine learning reveals novel traumatic brain injury patient phenotypes with distinct acute injury profiles and long term outcomes unresolved original target unsupervised machine learning reveals novel traumatic brain injury patient phenotypes with distinct acute injury profiles and long term outcomes	2026-05-06T01:48:23+00:00
batch003_seed_6fe5283f1f37a44b	api_candidate_804fc8b002ac898b	exclude_until_query_resolves_specific_original_target	skip_until_original_target_resolved	not_row_unresolved_original_target		10.1002/14651858.cd001399.pub4		Vaccines for preventing infection with Pseudomonas aeruginosa in cystic fibrosis.		10 1002 14651858 cd001399 pub4 vaccines for preventing infection with pseudomonas aeruginosa in cystic fibrosis unresolved original target vaccines for preventing infection with pseudomonas aeruginosa in cystic fibrosis	2026-05-06T01:48:23+00:00
batch003_seed_6a16a7029884d6cb	api_candidate_62872a0730bff4c1	exclude_until_query_resolves_specific_original_target	skip_until_original_target_resolved	not_row_unresolved_original_target		10.1186/s13054-023-04502-w		Thoracic epidural analgesia in intensive care unit patients with acute pancreatitis: the EPIPAN multicenter randomized controlled trial.		10 1186 s13054 023 04502 w thoracic epidural analgesia in intensive care unit patients with acute pancreatitis the epipan multicenter randomized controlled trial unresolved original target thoracic epidural analgesia in intensive care unit patients with acute pancreatitis the epipan multicenter randomized controlled trial	2026-05-06T01:48:23+00:00
batch003_seed_8abd74ba2fa6e04c	api_candidate_856c767fbc3f6dfe	exclude_until_query_resolves_specific_original_target	skip_until_original_target_resolved	not_row_unresolved_original_target		10.1111/pcn.13504		Endogenous antioxidants predicted outcome and increased after treatment: A benzoate dose-finding, randomized, double-blind, placebo-controlled trial for Alzheimer's disease.		10 1111 pcn 13504 endogenous antioxidants predicted outcome and increased after treatment a benzoate dose finding randomized double blind placebo controlled trial for alzheimer s disease unresolved original target endogenous antioxidants predicted outcome and increased after treatment a benzoate dose finding randomized double blind placebo controlled trial for alzheimer s disease	2026-05-06T01:48:23+00:00
