point_id,plot_name,source_layer,source_family,source_label,citation_key,row_unit,row_label,D,N,supported,journal,source_file,source_row_number,log10_N,log10_D,two_sample_p05_boundary_D,above_two_sample_p05_curve
scheel2021_registered_report_001,Plot 3,preregistered_confirmatory_result,Scheel et al. 2021 preregistered-hypotheses corpus,Registered Reports preregistered-hypotheses corpus,scheel2021,registered_report_first_preregistered_hypothesis,Kuppuraj 2018 — Online statistical learning reliability,1.8,42.0,yes,Royal Society Open Science,data/derived/paper_tables/table_40_preregistered_hypotheses_scheel_2021_psa_cr001_corpus.csv,1,1.6232492903979006,0.25527250510330607,0.6048580172391601,True
scheel2021_registered_report_002,Plot 3,preregistered_confirmatory_result,Scheel et al. 2021 preregistered-hypotheses corpus,Registered Reports preregistered-hypotheses corpus,scheel2021,registered_report_first_preregistered_hypothesis,Grubb 2018 — Former targets capture,1.1,80.0,yes,Attention Perception Psychophysics,data/derived/paper_tables/table_40_preregistered_hypotheses_scheel_2021_psa_cr001_corpus.csv,2,1.9030899869919435,0.04139268515822507,0.43826127028829076,True
scheel2021_registered_report_003,Plot 3,preregistered_confirmatory_result,Scheel et al. 2021 preregistered-hypotheses corpus,Registered Reports preregistered-hypotheses corpus,scheel2021,registered_report_first_preregistered_hypothesis,Zanolie 2014 — Magnitude×side Exp3,1.09,20.0,yes,Frontiers in Psychology,data/derived/paper_tables/table_40_preregistered_hypotheses_scheel_2021_psa_cr001_corpus.csv,3,1.3010299956639813,0.03742649794062367,0.8765225405765815,True
scheel2021_registered_report_004,Plot 3,preregistered_confirmatory_result,Scheel et al. 2021 preregistered-hypotheses corpus,Registered Reports preregistered-hypotheses corpus,scheel2021,registered_report_first_preregistered_hypothesis,Voorspoels 2014 — Coalition encoding + cue,0.85,463.0,yes,Frontiers in Psychology,data/derived/paper_tables/table_40_preregistered_hypotheses_scheel_2021_psa_cr001_corpus.csv,4,2.6655809910179533,-0.07058107428570727,0.18217450207660976,True
scheel2021_registered_report_005,Plot 3,preregistered_confirmatory_result,Scheel et al. 2021 preregistered-hypotheses corpus,Registered Reports preregistered-hypotheses corpus,scheel2021,registered_report_first_preregistered_hypothesis,van ’t Veer 2015 — Liars liked less,0.6,155.0,yes,Frontiers in Psychology,data/derived/paper_tables/table_40_preregistered_hypotheses_scheel_2021_psa_cr001_corpus.csv,5,2.1903316981702914,-0.22184874961635637,0.314856191267066,True
scheel2021_registered_report_006,Plot 3,preregistered_confirmatory_result,Scheel et al. 2021 preregistered-hypotheses corpus,Registered Reports preregistered-hypotheses corpus,scheel2021,registered_report_first_preregistered_hypothesis,Dutilh 2017 — WM drift rate hard,0.58,916.0,yes,Attention Perception Psychophysics,data/derived/paper_tables/table_40_preregistered_hypotheses_scheel_2021_psa_cr001_corpus.csv,6,2.9618954736678504,-0.23657200643706278,0.12951806572061397,True
scheel2021_registered_report_007,Plot 3,preregistered_confirmatory_result,Scheel et al. 2021 preregistered-hypotheses corpus,Registered Reports preregistered-hypotheses corpus,scheel2021,registered_report_first_preregistered_hypothesis,van ’t Veer 2015 — Liars trusted less,0.56,155.0,yes,Frontiers in Psychology,data/derived/paper_tables/table_40_preregistered_hypotheses_scheel_2021_psa_cr001_corpus.csv,7,2.1903316981702914,-0.25181197299379954,0.314856191267066,True
scheel2021_registered_report_008,Plot 3,preregistered_confirmatory_result,Scheel et al. 2021 preregistered-hypotheses corpus,Registered Reports preregistered-hypotheses corpus,scheel2021,registered_report_first_preregistered_hypothesis,Dutilh 2017 — WM drift rate easy,0.49,916.0,yes,Attention Perception Psychophysics,data/derived/paper_tables/table_40_preregistered_hypotheses_scheel_2021_psa_cr001_corpus.csv,8,2.9618954736678504,-0.3098039199714863,0.12951806572061397,True
scheel2021_registered_report_009,Plot 3,preregistered_confirmatory_result,Scheel et al. 2021 preregistered-hypotheses corpus,Registered Reports preregistered-hypotheses corpus,scheel2021,registered_report_first_preregistered_hypothesis,Rotteveel 2015 — Lever congruency Exp2,0.49,50.0,no,Frontiers in Psychology,data/derived/paper_tables/table_40_preregistered_hypotheses_scheel_2021_psa_cr001_corpus.csv,9,1.6989700043360187,-0.3098039199714863,0.5543615297398711,False
scheel2021_registered_report_010,Plot 3,preregistered_confirmatory_result,Scheel et al. 2021 preregistered-hypotheses corpus,Registered Reports preregistered-hypotheses corpus,scheel2021,registered_report_first_preregistered_hypothesis,Steegen 2014 — Guess averaging immediate,0.4,471.0,yes,Frontiers in Psychology,data/derived/paper_tables/table_40_preregistered_hypotheses_scheel_2021_psa_cr001_corpus.csv,10,2.673020907128896,-0.3979400086720376,0.1806207466033718,True
scheel2021_registered_report_011,Plot 3,preregistered_confirmatory_result,Scheel et al. 2021 preregistered-hypotheses corpus,Registered Reports preregistered-hypotheses corpus,scheel2021,registered_report_first_preregistered_hypothesis,Rowland 2014 — RIF Exp2,0.38,140.0,yes,Frontiers in Psychology,data/derived/paper_tables/table_40_preregistered_hypotheses_scheel_2021_psa_cr001_corpus.csv,11,2.146128035678238,-0.42021640338318983,0.3312943801297366,True
scheel2021_registered_report_012,Plot 3,preregistered_confirmatory_result,Scheel et al. 2021 preregistered-hypotheses corpus,Registered Reports preregistered-hypotheses corpus,scheel2021,registered_report_first_preregistered_hypothesis,Ong 2015 — Comfort food MTurk,0.38,366.0,no,Frontiers in Psychology,data/derived/paper_tables/table_40_preregistered_hypotheses_scheel_2021_psa_cr001_corpus.csv,12,2.5634810853944106,-0.42021640338318983,0.20489791729131437,True
scheel2021_registered_report_013,Plot 3,preregistered_confirmatory_result,Scheel et al. 2021 preregistered-hypotheses corpus,Registered Reports preregistered-hypotheses corpus,scheel2021,registered_report_first_preregistered_hypothesis,Verkoeijen 2014 — Spacing inductive learning,0.37,123.0,yes,Frontiers in Psychology,data/derived/paper_tables/table_40_preregistered_hypotheses_scheel_2021_psa_cr001_corpus.csv,13,2.089905111439398,-0.431798275933005,0.35344800198031107,True
scheel2021_registered_report_014,Plot 3,preregistered_confirmatory_result,Scheel et al. 2021 preregistered-hypotheses corpus,Registered Reports preregistered-hypotheses corpus,scheel2021,registered_report_first_preregistered_hypothesis,Evers 2014 — Diagnosticity Study 1b,0.36,199.0,yes,Frontiers in Psychology,data/derived/paper_tables/table_40_preregistered_hypotheses_scheel_2021_psa_cr001_corpus.csv,14,2.298853076409707,-0.44369749923271273,0.2778763262267386,True
scheel2021_registered_report_015,Plot 3,preregistered_confirmatory_result,Scheel et al. 2021 preregistered-hypotheses corpus,Registered Reports preregistered-hypotheses corpus,scheel2021,registered_report_first_preregistered_hypothesis,Rotteveel 2015 — Lever congruency Exp1,0.35,99.0,no,Frontiers in Psychology,data/derived/paper_tables/table_40_preregistered_hypotheses_scheel_2021_psa_cr001_corpus.csv,15,1.99563519459755,-0.4559319556497244,0.3939675842017752,False
scheel2021_registered_report_016,Plot 3,preregistered_confirmatory_result,Scheel et al. 2021 preregistered-hypotheses corpus,Registered Reports preregistered-hypotheses corpus,scheel2021,registered_report_first_preregistered_hypothesis,Steegen 2014 — Guess averaging delayed,0.34,140.0,yes,Frontiers in Psychology,data/derived/paper_tables/table_40_preregistered_hypotheses_scheel_2021_psa_cr001_corpus.csv,16,2.146128035678238,-0.46852108295774486,0.3312943801297366,True
scheel2021_registered_report_017,Plot 3,preregistered_confirmatory_result,Scheel et al. 2021 preregistered-hypotheses corpus,Registered Reports preregistered-hypotheses corpus,scheel2021,registered_report_first_preregistered_hypothesis,Ong 2015 — Comfort food SG,0.32,198.0,no,Frontiers in Psychology,data/derived/paper_tables/table_40_preregistered_hypotheses_scheel_2021_psa_cr001_corpus.csv,17,2.296665190261531,-0.494850021680094,0.2785771503567574,True
scheel2021_registered_report_018,Plot 3,preregistered_confirmatory_result,Scheel et al. 2021 preregistered-hypotheses corpus,Registered Reports preregistered-hypotheses corpus,scheel2021,registered_report_first_preregistered_hypothesis,Rowland 2014 — RIF Exp1,0.31,72.0,yes,Frontiers in Psychology,data/derived/paper_tables/table_40_preregistered_hypotheses_scheel_2021_psa_cr001_corpus.csv,18,1.8573324964312685,-0.5086383061657274,0.46196794144989267,False
scheel2021_registered_report_019,Plot 3,preregistered_confirmatory_result,Scheel et al. 2021 preregistered-hypotheses corpus,Registered Reports preregistered-hypotheses corpus,scheel2021,registered_report_first_preregistered_hypothesis,van ’t Veer 2015 — Skin temp observing liar,0.31,155.0,yes,Frontiers in Psychology,data/derived/paper_tables/table_40_preregistered_hypotheses_scheel_2021_psa_cr001_corpus.csv,19,2.1903316981702914,-0.5086383061657274,0.314856191267066,False
scheel2021_registered_report_020,Plot 3,preregistered_confirmatory_result,Scheel et al. 2021 preregistered-hypotheses corpus,Registered Reports preregistered-hypotheses corpus,scheel2021,registered_report_first_preregistered_hypothesis,Kvetnaya 2018 — Irrelevant speech spatial,0.29,40.0,no,J European Psych Students,data/derived/paper_tables/table_40_preregistered_hypotheses_scheel_2021_psa_cr001_corpus.csv,20,1.6020599913279625,-0.5376020021010439,0.6197950323045616,False
scheel2021_registered_report_021,Plot 3,preregistered_confirmatory_result,Scheel et al. 2021 preregistered-hypotheses corpus,Registered Reports preregistered-hypotheses corpus,scheel2021,registered_report_first_preregistered_hypothesis,Bombari 2017 — Body posture felt power,0.28,200.0,yes,Comprehensive Results in Social Psychology,data/derived/paper_tables/table_40_preregistered_hypotheses_scheel_2021_psa_cr001_corpus.csv,21,2.3010299956639813,-0.5528419686577808,0.27718076486993554,True
scheel2021_registered_report_022,Plot 3,preregistered_confirmatory_result,Scheel et al. 2021 preregistered-hypotheses corpus,Registered Reports preregistered-hypotheses corpus,scheel2021,registered_report_first_preregistered_hypothesis,Grubb 2018 — Feedback capture diff,0.2,80.0,no,Attention Perception Psychophysics,data/derived/paper_tables/table_40_preregistered_hypotheses_scheel_2021_psa_cr001_corpus.csv,22,1.9030899869919435,-0.6989700043360187,0.43826127028829076,False
scheel2021_registered_report_023,Plot 3,preregistered_confirmatory_result,Scheel et al. 2021 preregistered-hypotheses corpus,Registered Reports preregistered-hypotheses corpus,scheel2021,registered_report_first_preregistered_hypothesis,Voorspoels 2014 — Race encoding + coalition cue,0.18,463.0,yes,Frontiers in Psychology,data/derived/paper_tables/table_40_preregistered_hypotheses_scheel_2021_psa_cr001_corpus.csv,23,2.6655809910179533,-0.744727494896694,0.18217450207660976,False
scheel2021_registered_report_024,Plot 3,preregistered_confirmatory_result,Scheel et al. 2021 preregistered-hypotheses corpus,Registered Reports preregistered-hypotheses corpus,scheel2021,registered_report_first_preregistered_hypothesis,Zanolie 2014 — Magnitude×side Exp2,0.17,24.0,no,Frontiers in Psychology,data/derived/paper_tables/table_40_preregistered_hypotheses_scheel_2021_psa_cr001_corpus.csv,24,1.380211241711606,-0.7695510786217261,0.8001519460592184,False
scheel2021_registered_report_025,Plot 3,preregistered_confirmatory_result,Scheel et al. 2021 preregistered-hypotheses corpus,Registered Reports preregistered-hypotheses corpus,scheel2021,registered_report_first_preregistered_hypothesis,Jackson 2017 — Posture self-concept size,0.15,128.0,no,Comprehensive Results in Social Psychology,data/derived/paper_tables/table_40_preregistered_hypotheses_scheel_2021_psa_cr001_corpus.csv,25,2.1072099696478683,-0.8239087409443188,0.34647595608741943,False
scheel2021_registered_report_026,Plot 3,preregistered_confirmatory_result,Scheel et al. 2021 preregistered-hypotheses corpus,Registered Reports preregistered-hypotheses corpus,scheel2021,registered_report_first_preregistered_hypothesis,Bombari 2017 — Body posture gambling,0.08,200.0,no,Comprehensive Results in Social Psychology,data/derived/paper_tables/table_40_preregistered_hypotheses_scheel_2021_psa_cr001_corpus.csv,26,2.3010299956639813,-1.0969100130080565,0.27718076486993554,False
scheel2021_registered_report_027,Plot 3,preregistered_confirmatory_result,Scheel et al. 2021 preregistered-hypotheses corpus,Registered Reports preregistered-hypotheses corpus,scheel2021,registered_report_first_preregistered_hypothesis,Zanolie 2014 — Magnitude×side Exp1,0.08,20.0,no,Frontiers in Psychology,data/derived/paper_tables/table_40_preregistered_hypotheses_scheel_2021_psa_cr001_corpus.csv,27,1.3010299956639813,-1.0969100130080565,0.8765225405765815,False
scheel2021_registered_report_028,Plot 3,preregistered_confirmatory_result,Scheel et al. 2021 preregistered-hypotheses corpus,Registered Reports preregistered-hypotheses corpus,scheel2021,registered_report_first_preregistered_hypothesis,Evers 2014 — Diagnosticity Study 1a,0.06,253.0,no,Frontiers in Psychology,data/derived/paper_tables/table_40_preregistered_hypotheses_scheel_2021_psa_cr001_corpus.csv,28,2.403120521175818,-1.2218487496163564,0.24644375993194326,False
scheel2021_registered_report_029,Plot 3,preregistered_confirmatory_result,Scheel et al. 2021 preregistered-hypotheses corpus,Registered Reports preregistered-hypotheses corpus,scheel2021,registered_report_first_preregistered_hypothesis,Rowland 2014 — Cue-independent RIF Exp3,0.05,67.0,no,Frontiers in Psychology,data/derived/paper_tables/table_40_preregistered_hypotheses_scheel_2021_psa_cr001_corpus.csv,29,1.8260748027008264,-1.3010299956639813,0.47889542189925677,False
scheel2021_registered_report_030,Plot 3,preregistered_confirmatory_result,Scheel et al. 2021 preregistered-hypotheses corpus,Registered Reports preregistered-hypotheses corpus,scheel2021,registered_report_first_preregistered_hypothesis,Johnson 2014 — Cleanliness moral judgment Exp1,0.01,208.0,no,Social Psychology,data/derived/paper_tables/table_40_preregistered_hypotheses_scheel_2021_psa_cr001_corpus.csv,30,2.3180633349627615,-2.0,0.2717981017046875,False
scheel2021_registered_report_031,Plot 3,preregistered_confirmatory_result,Scheel et al. 2021 preregistered-hypotheses corpus,Registered Reports preregistered-hypotheses corpus,scheel2021,registered_report_first_preregistered_hypothesis,Johnson 2014 — Cleanliness moral judgment Exp2,0.01,126.0,no,Social Psychology,data/derived/paper_tables/table_40_preregistered_hypotheses_scheel_2021_psa_cr001_corpus.csv,31,2.100370545117563,-2.0,0.3492149390745324,False
scheel2021_registered_report_032,Plot 3,preregistered_confirmatory_result,Scheel et al. 2021 preregistered-hypotheses corpus,Registered Reports preregistered-hypotheses corpus,scheel2021,registered_report_first_preregistered_hypothesis,Ong 2015 — Comfort food NL,0.01,176.0,no,Frontiers in Psychology,data/derived/paper_tables/table_40_preregistered_hypotheses_scheel_2021_psa_cr001_corpus.csv,32,2.24551266781415,-2.0,0.2954756881513314,False
dorison2022_psacr001_033,Plot 3,preregistered_confirmatory_result,Dorison et al. 2022 PSA-CR001 pooled preregistered rows,PSA-CR001 pooled preregistered rows,dorison2022,pooled_primary_preregistered_hypothesis,Behavioral intentions (loss vs gain framing),0.1,15772.0,no,Affective Science,data/derived/paper_tables/table_41_added_preregistered_rows_from_psa_cr001_dorison_et_al_2022.csv,33,4.197886768401186,-1.0,0.03121294179347766,True
dorison2022_psacr001_034,Plot 3,preregistered_confirmatory_result,Dorison et al. 2022 PSA-CR001 pooled preregistered rows,PSA-CR001 pooled preregistered rows,dorison2022,pooled_primary_preregistered_hypothesis,Policy support: individual autonomy subscale,0.07,15772.0,no,Affective Science,data/derived/paper_tables/table_41_added_preregistered_rows_from_psa_cr001_dorison_et_al_2022.csv,34,4.197886768401186,-1.154901959985743,0.03121294179347766,True
dorison2022_psacr001_035,Plot 3,preregistered_confirmatory_result,Dorison et al. 2022 PSA-CR001 pooled preregistered rows,PSA-CR001 pooled preregistered rows,dorison2022,pooled_primary_preregistered_hypothesis,Policy support: government power subscale,0.08,15772.0,no,Affective Science,data/derived/paper_tables/table_41_added_preregistered_rows_from_psa_cr001_dorison_et_al_2022.csv,35,4.197886768401186,-1.0969100130080565,0.03121294179347766,True
dorison2022_psacr001_036,Plot 3,preregistered_confirmatory_result,Dorison et al. 2022 PSA-CR001 pooled preregistered rows,PSA-CR001 pooled preregistered rows,dorison2022,pooled_primary_preregistered_hypothesis,Information seeking (loss vs gain framing),0.02,15772.0,no,Affective Science,data/derived/paper_tables/table_41_added_preregistered_rows_from_psa_cr001_dorison_et_al_2022.csv,36,4.197886768401186,-1.6989700043360187,0.03121294179347766,False
psacr002_h1a_negative_photo,Plot 3,preregistered_confirmatory_result,PSA-CR002 cognitive reappraisal preregistered hypotheses,PSA-CR002 cognitive reappraisal hypotheses,wang2021psacr002,preregistered_hypothesis_table_row,H1a: reappraisal versus control reduces negative emotions in response to photos,0.392,21644.0,yes,Nature Human Behaviour,Table 2/3 in Wang et al. 2021; DOI 10.1038/s41562-021-01173-x,2,4.335337525260544,-0.4067139329795427,0.02664460731557039,True
psacr002_h1b_negative_state,Plot 3,preregistered_confirmatory_result,PSA-CR002 cognitive reappraisal preregistered hypotheses,PSA-CR002 cognitive reappraisal hypotheses,wang2021psacr002,preregistered_hypothesis_table_row,H1b: reappraisal versus control reduces negative state emotions,0.313,21644.0,yes,Nature Human Behaviour,Table 2/3 in Wang et al. 2021; DOI 10.1038/s41562-021-01173-x,3,4.335337525260544,-0.5044556624535516,0.02664460731557039,True
psacr002_h1c_negative_covid,Plot 3,preregistered_confirmatory_result,PSA-CR002 cognitive reappraisal preregistered hypotheses,PSA-CR002 cognitive reappraisal hypotheses,wang2021psacr002,preregistered_hypothesis_table_row,H1c: reappraisal versus control reduces negative emotions about COVID-19,0.239,21644.0,yes,Nature Human Behaviour,Table 2/3 in Wang et al. 2021; DOI 10.1038/s41562-021-01173-x,4,4.335337525260544,-0.6216020990518624,0.02664460731557039,True
psacr002_h2a_positive_photo,Plot 3,preregistered_confirmatory_result,PSA-CR002 cognitive reappraisal preregistered hypotheses,PSA-CR002 cognitive reappraisal hypotheses,wang2021psacr002,preregistered_hypothesis_table_row,H2a: reappraisal versus control increases positive emotions in response to photos,0.59,21644.0,yes,Nature Human Behaviour,Table 2/3 in Wang et al. 2021; DOI 10.1038/s41562-021-01173-x,5,4.335337525260544,-0.22914798835785583,0.02664460731557039,True
psacr002_h2b_positive_state,Plot 3,preregistered_confirmatory_result,PSA-CR002 cognitive reappraisal preregistered hypotheses,PSA-CR002 cognitive reappraisal hypotheses,wang2021psacr002,preregistered_hypothesis_table_row,H2b: reappraisal versus control increases positive state emotions,0.326,21644.0,yes,Nature Human Behaviour,Table 2/3 in Wang et al. 2021; DOI 10.1038/s41562-021-01173-x,6,4.335337525260544,-0.48678239993206096,0.02664460731557039,True
psacr002_h2c_positive_covid,Plot 3,preregistered_confirmatory_result,PSA-CR002 cognitive reappraisal preregistered hypotheses,PSA-CR002 cognitive reappraisal hypotheses,wang2021psacr002,preregistered_hypothesis_table_row,H2c: reappraisal versus control increases positive emotions about COVID-19,0.266,21644.0,yes,Nature Human Behaviour,Table 2/3 in Wang et al. 2021; DOI 10.1038/s41562-021-01173-x,7,4.335337525260544,-0.575118363368933,0.02664460731557039,True
psacr002_h3a_reconstrual_photo_negative,Plot 3,preregistered_confirmatory_result,PSA-CR002 cognitive reappraisal preregistered hypotheses,PSA-CR002 cognitive reappraisal hypotheses,wang2021psacr002,preregistered_hypothesis_table_row,"H3a: reconstrual versus repurposing, negative photo emotions",0.043,10499.0,no,Nature Human Behaviour,Table 2/3 in Wang et al. 2021; DOI 10.1038/s41562-021-01173-x,8,4.021147935720995,-1.3665315444204136,0.038256401686573044,True
psacr002_h3b_reconstrual_state_negative,Plot 3,preregistered_confirmatory_result,PSA-CR002 cognitive reappraisal preregistered hypotheses,PSA-CR002 cognitive reappraisal hypotheses,wang2021psacr002,preregistered_hypothesis_table_row,"H3b: reconstrual versus repurposing, negative state emotions",0.008,10499.0,no,Nature Human Behaviour,Table 2/3 in Wang et al. 2021; DOI 10.1038/s41562-021-01173-x,9,4.021147935720995,-2.0969100130080562,0.038256401686573044,False
psacr002_h3c_reconstrual_covid_negative,Plot 3,preregistered_confirmatory_result,PSA-CR002 cognitive reappraisal preregistered hypotheses,PSA-CR002 cognitive reappraisal hypotheses,wang2021psacr002,preregistered_hypothesis_table_row,"H3c: reconstrual versus repurposing, negative COVID-19 emotions",0.067,10499.0,yes,Nature Human Behaviour,Table 2/3 in Wang et al. 2021; DOI 10.1038/s41562-021-01173-x,10,4.021147935720995,-1.1739251972991736,0.038256401686573044,True
psacr002_h4a_repurposing_photo_positive,Plot 3,preregistered_confirmatory_result,PSA-CR002 cognitive reappraisal preregistered hypotheses,PSA-CR002 cognitive reappraisal hypotheses,wang2021psacr002,preregistered_hypothesis_table_row,"H4a: repurposing versus reconstrual, positive photo emotions",0.114,10499.0,yes,Nature Human Behaviour,Table 2/3 in Wang et al. 2021; DOI 10.1038/s41562-021-01173-x,11,4.021147935720995,-0.9430951486635274,0.038256401686573044,True
psacr002_h4b_repurposing_state_positive,Plot 3,preregistered_confirmatory_result,PSA-CR002 cognitive reappraisal preregistered hypotheses,PSA-CR002 cognitive reappraisal hypotheses,wang2021psacr002,preregistered_hypothesis_table_row,"H4b: repurposing versus reconstrual, positive state emotions",0.011,10499.0,no,Nature Human Behaviour,Table 2/3 in Wang et al. 2021; DOI 10.1038/s41562-021-01173-x,12,4.021147935720995,-1.958607314841775,0.038256401686573044,False
psacr002_h4c_repurposing_covid_positive,Plot 3,preregistered_confirmatory_result,PSA-CR002 cognitive reappraisal preregistered hypotheses,PSA-CR002 cognitive reappraisal hypotheses,wang2021psacr002,preregistered_hypothesis_table_row,"H4c: repurposing versus reconstrual, positive COVID-19 emotions",0.047,10499.0,no,Nature Human Behaviour,Table 2/3 in Wang et al. 2021; DOI 10.1038/s41562-021-01173-x,13,4.021147935720995,-1.3279021420642825,0.038256401686573044,True
psa004_jtb_gettier_pooled,Plot 3,preregistered_confirmatory_result,PSA004 true-belief/Gettier pooled preregistered row,PSA004 true-belief/Gettier pooled row,hall2024psa004Turri,pooled_preregistered_project_effect,Pooled standard justified-true-belief versus Gettier knowledge attribution,0.3421417495022201,4724.0,yes,Advances in Methods and Practices in Psychological Science,PSA004 project page and Hall et al. 2024; OR=1.86 converted with Chinn log-OR-to-d,1,3.6743098889414774,-0.4657939282348509,0.05703259626737649,True
manybabies1_ids_preference_pooled,Plot 3,preregistered_confirmatory_result,ManyBabies 1 infant-directed speech pooled preregistered row,ManyBabies 1 IDS pooled row,manyBabies2020Ids,pooled_primary_preregistered_project_effect,Infant-directed speech versus adult-directed speech pooled preference effect,0.35,2329.0,yes,Advances in Methods and Practices in Psychological Science,ManyBabies 1 project page and ManyBabies Consortium 2020; DOI 10.1177/2515245919900809,1,3.367169488534681,-0.4559319556497244,0.08122567749110239,True
manybabies1_bilingual_ids_preference_pooled,Plot 3,preregistered_confirmatory_result,ManyBabies 1 Bilingual infant-directed speech pooled preregistered row,ManyBabies 1 bilingual IDS pooled row,byersHeinlein2021manybabiesBilingual,pooled_primary_preregistered_project_effect,Bilingual infants' infant-directed speech versus adult-directed speech pooled preference effect,0.26,324.0,yes,Advances in Methods and Practices in Psychological Science,Byers-Heinlein et al. 2021; DOI 10.1177/2515245920974622; full-dataset bilingual dz=0.26 and local processed usable N=324,1,2.510545010206612,-0.585026652029182,0.217773776060006,True
manyclasses1_feedback_timing_pooled,Plot 3,preregistered_confirmatory_result,ManyClasses 1 feedback pooled preregistered row,ManyClasses 1 feedback pooled row,fyfe2021manyclasses1,pooled_primary_preregistered_project_effect,Immediate versus delayed feedback timing pooled classroom-learning effect,0.002,2081.0,no,Advances in Methods and Practices in Psychological Science,"Fyfe et al. 2021; DOI 10.1177/25152459211027575; Δz=0.002, N=2,081",1,3.318272080211627,-2.6989700043360187,0.08592945287332139,False
schaefer2019_preregistered_001,Plot 3,preregistered_confirmatory_result,Schäfer/Schwarz 2019 preregistered psychology articles,Schäfer/Schwarz preregistered psychology articles,schaefer2019meaningfulness,preregistered_key_question_effect,2017 preregistered key-question effect (schaefer_2019_preg_0),0.4082482904638631,250.0,not coded,not coded,data/derived/corpus_candidates/candidate_d_n_papers.csv,1,2.3979400086720375,-0.38907562519182176,0.24791801292182464,True
schaefer2019_preregistered_002,Plot 3,preregistered_confirmatory_result,Schäfer/Schwarz 2019 preregistered psychology articles,Schäfer/Schwarz preregistered psychology articles,schaefer2019meaningfulness,preregistered_key_question_effect,2016 preregistered key-question effect (schaefer_2019_preg_1),0.0800640769025435,197.0,not coded,not coded,data/derived/corpus_candidates/candidate_d_n_papers.csv,2,2.294466226161593,-1.0965622991772312,0.2792833039620556,False
schaefer2019_preregistered_003,Plot 3,preregistered_confirmatory_result,Schäfer/Schwarz 2019 preregistered psychology articles,Schäfer/Schwarz preregistered psychology articles,schaefer2019meaningfulness,preregistered_key_question_effect,2017 preregistered key-question effect (schaefer_2019_preg_10),0.4082482904638631,811.0,not coded,not coded,data/derived/corpus_candidates/candidate_d_n_papers.csv,3,2.909020854211156,-0.38907562519182176,0.13764728814754396,True
schaefer2019_preregistered_004,Plot 3,preregistered_confirmatory_result,Schäfer/Schwarz 2019 preregistered psychology articles,Schäfer/Schwarz preregistered psychology articles,schaefer2019meaningfulness,preregistered_key_question_effect,2017 preregistered key-question effect (schaefer_2019_preg_11),0.1699999999999999,216.0,not coded,not coded,data/derived/corpus_candidates/candidate_d_n_papers.csv,4,2.3344537511509307,-0.7695510786217263,0.26671731535307275,False
schaefer2019_preregistered_005,Plot 3,preregistered_confirmatory_result,Schäfer/Schwarz 2019 preregistered psychology articles,Schäfer/Schwarz preregistered psychology articles,schaefer2019meaningfulness,preregistered_key_question_effect,2016 preregistered key-question effect (schaefer_2019_preg_12),0.4944513860581975,570.0,not coded,not coded,data/derived/corpus_candidates/candidate_d_n_papers.csv,5,2.7558748556724915,-0.305876401345926,0.16418771500711318,True
schaefer2019_preregistered_006,Plot 3,preregistered_confirmatory_result,Schäfer/Schwarz 2019 preregistered psychology articles,Schäfer/Schwarz preregistered psychology articles,schaefer2019meaningfulness,preregistered_key_question_effect,2014 preregistered key-question effect (schaefer_2019_preg_13),0.05,736.0,not coded,not coded,data/derived/corpus_candidates/candidate_d_n_papers.csv,6,2.866877814337499,-1.3010299956639813,0.14449046193686607,False
schaefer2019_preregistered_007,Plot 3,preregistered_confirmatory_result,Schäfer/Schwarz 2019 preregistered psychology articles,Schäfer/Schwarz preregistered psychology articles,schaefer2019meaningfulness,preregistered_key_question_effect,2017 preregistered key-question effect (schaefer_2019_preg_14),0.4799999999999995,176.0,not coded,not coded,data/derived/corpus_candidates/candidate_d_n_papers.csv,7,2.24551266781415,-0.31875876262441327,0.2954756881513314,True
schaefer2019_preregistered_008,Plot 3,preregistered_confirmatory_result,Schäfer/Schwarz 2019 preregistered psychology articles,Schäfer/Schwarz preregistered psychology articles,schaefer2019meaningfulness,preregistered_key_question_effect,2017 preregistered key-question effect (schaefer_2019_preg_15),0.2010075630518424,220.0,not coded,not coded,data/derived/corpus_candidates/candidate_d_n_papers.csv,8,2.342422680822206,-0.6967876016347938,0.2642814897619625,False
schaefer2019_preregistered_009,Plot 3,preregistered_confirmatory_result,Schäfer/Schwarz 2019 preregistered psychology articles,Schäfer/Schwarz preregistered psychology articles,schaefer2019meaningfulness,preregistered_key_question_effect,2017 preregistered key-question effect (schaefer_2019_preg_16),0.2213432019235216,541.0,not coded,not coded,data/derived/corpus_candidates/candidate_d_n_papers.csv,9,2.7331972651065692,-0.6549338118935789,0.1685308666626715,True
schaefer2019_preregistered_010,Plot 3,preregistered_confirmatory_result,Schäfer/Schwarz 2019 preregistered psychology articles,Schäfer/Schwarz preregistered psychology articles,schaefer2019meaningfulness,preregistered_key_question_effect,2017 preregistered key-question effect (schaefer_2019_preg_18),0.9051392757105036,68.0,not coded,not coded,data/derived/corpus_candidates/candidate_d_n_papers.csv,10,1.8325089127062364,-0.04328458983491878,0.47536109003912363,True
schaefer2019_preregistered_011,Plot 3,preregistered_confirmatory_result,Schäfer/Schwarz 2019 preregistered psychology articles,Schäfer/Schwarz preregistered psychology articles,schaefer2019meaningfulness,preregistered_key_question_effect,2016 preregistered key-question effect (schaefer_2019_preg_19),1.2906286761123031,38.0,not coded,not coded,data/derived/corpus_candidates/candidate_d_n_papers.csv,11,1.5797835966168101,0.11080131034415755,0.635896285874399,True
schaefer2019_preregistered_012,Plot 3,preregistered_confirmatory_result,Schäfer/Schwarz 2019 preregistered psychology articles,Schäfer/Schwarz preregistered psychology articles,schaefer2019meaningfulness,preregistered_key_question_effect,2015 preregistered key-question effect (schaefer_2019_preg_2),0.0589999999999999,650.0,not coded,not coded,data/derived/corpus_candidates/candidate_d_n_papers.csv,12,2.8129133566428557,-1.2291479883578567,0.15375222466321234,False
schaefer2019_preregistered_013,Plot 3,preregistered_confirmatory_result,Schäfer/Schwarz 2019 preregistered psychology articles,Schäfer/Schwarz preregistered psychology articles,schaefer2019meaningfulness,preregistered_key_question_effect,2018 preregistered key-question effect (schaefer_2019_preg_20),1.6400000000000012,195.0,not coded,not coded,data/derived/corpus_candidates/candidate_d_n_papers.csv,13,2.290034611362518,0.2148438480476982,0.2807118723821452,True
schaefer2019_preregistered_014,Plot 3,preregistered_confirmatory_result,Schäfer/Schwarz 2019 preregistered psychology articles,Schäfer/Schwarz preregistered psychology articles,schaefer2019meaningfulness,preregistered_key_question_effect,2018 preregistered key-question effect (schaefer_2019_preg_21),2.7255405754769884,381.0,not coded,not coded,data/derived/corpus_candidates/candidate_d_n_papers.csv,14,2.5809249756756194,0.43545265181027126,0.20082399341898047,True
schaefer2019_preregistered_015,Plot 3,preregistered_confirmatory_result,Schäfer/Schwarz 2019 preregistered psychology articles,Schäfer/Schwarz preregistered psychology articles,schaefer2019meaningfulness,preregistered_key_question_effect,2017 preregistered key-question effect (schaefer_2019_preg_22),0.2468070209369183,71.0,not coded,not coded,data/derived/corpus_candidates/candidate_d_n_papers.csv,15,1.8512583487190752,-0.6076424900569838,0.4652098615145354,False
schaefer2019_preregistered_016,Plot 3,preregistered_confirmatory_result,Schäfer/Schwarz 2019 preregistered psychology articles,Schäfer/Schwarz preregistered psychology articles,schaefer2019meaningfulness,preregistered_key_question_effect,2018 preregistered key-question effect (schaefer_2019_preg_23),0.3699999999999996,122.0,not coded,not coded,data/derived/corpus_candidates/candidate_d_n_papers.csv,16,2.0863598306747484,-0.43179827593300546,0.3548936031136021,True
schaefer2019_preregistered_017,Plot 3,preregistered_confirmatory_result,Schäfer/Schwarz 2019 preregistered psychology articles,Schäfer/Schwarz preregistered psychology articles,schaefer2019meaningfulness,preregistered_key_question_effect,2017 preregistered key-question effect (schaefer_2019_preg_24),1.5400000000000011,363.0,not coded,not coded,data/derived/corpus_candidates/candidate_d_n_papers.csv,17,2.5599066250361124,0.1875207208364634,0.20574286074112214,True
schaefer2019_preregistered_018,Plot 3,preregistered_confirmatory_result,Schäfer/Schwarz 2019 preregistered psychology articles,Schäfer/Schwarz preregistered psychology articles,schaefer2019meaningfulness,preregistered_key_question_effect,2018 preregistered key-question effect (schaefer_2019_preg_25),0.262225245042163,732.0,not coded,not coded,data/derived/corpus_candidates/candidate_d_n_papers.csv,18,2.864511081058392,-0.5813255000802011,0.14488470676768875,True
schaefer2019_preregistered_019,Plot 3,preregistered_confirmatory_result,Schäfer/Schwarz 2019 preregistered psychology articles,Schäfer/Schwarz preregistered psychology articles,schaefer2019meaningfulness,preregistered_key_question_effect,2018 preregistered key-question effect (schaefer_2019_preg_26),0.09,400.0,not coded,not coded,data/derived/corpus_candidates/candidate_d_n_papers.csv,19,2.6020599913279625,-1.0457574905606752,0.1959963984540054,False
schaefer2019_preregistered_020,Plot 3,preregistered_confirmatory_result,Schäfer/Schwarz 2019 preregistered psychology articles,Schäfer/Schwarz preregistered psychology articles,schaefer2019meaningfulness,preregistered_key_question_effect,2017 preregistered key-question effect (schaefer_2019_preg_27),0.1199999999999999,794.0,not coded,not coded,data/derived/corpus_candidates/candidate_d_n_papers.csv,20,2.8998205024270964,-0.9208187539523756,0.13911303815189105,False
schaefer2019_preregistered_021,Plot 3,preregistered_confirmatory_result,Schäfer/Schwarz 2019 preregistered psychology articles,Schäfer/Schwarz preregistered psychology articles,schaefer2019meaningfulness,preregistered_key_question_effect,2017 preregistered key-question effect (schaefer_2019_preg_28),0.08,95.0,not coded,not coded,data/derived/corpus_candidates/candidate_d_n_papers.csv,21,1.9777236052888478,-1.0969100130080565,0.40217612380093143,False
schaefer2019_preregistered_022,Plot 3,preregistered_confirmatory_result,Schäfer/Schwarz 2019 preregistered psychology articles,Schäfer/Schwarz preregistered psychology articles,schaefer2019meaningfulness,preregistered_key_question_effect,2017 preregistered key-question effect (schaefer_2019_preg_29),0.7731113434850686,127.0,not coded,not coded,data/derived/corpus_candidates/candidate_d_n_papers.csv,22,2.103803720955957,-0.11175795449190955,0.3478373599805521,True
schaefer2019_preregistered_023,Plot 3,preregistered_confirmatory_result,Schäfer/Schwarz 2019 preregistered psychology articles,Schäfer/Schwarz preregistered psychology articles,schaefer2019meaningfulness,preregistered_key_question_effect,2018 preregistered key-question effect (schaefer_2019_preg_3),0.925595249714646,627.0,not coded,not coded,data/derived/corpus_candidates/candidate_d_n_papers.csv,23,2.7972675408307164,-0.03357888291111515,0.15654684387299952,True
schaefer2019_preregistered_024,Plot 3,preregistered_confirmatory_result,Schäfer/Schwarz 2019 preregistered psychology articles,Schäfer/Schwarz preregistered psychology articles,schaefer2019meaningfulness,preregistered_key_question_effect,2017 preregistered key-question effect (schaefer_2019_preg_30),0.4799999999999995,202.0,not coded,not coded,data/derived/corpus_candidates/candidate_d_n_papers.csv,24,2.305351369446624,-0.31875876262441327,0.27580516945643635,True
schaefer2019_preregistered_025,Plot 3,preregistered_confirmatory_result,Schäfer/Schwarz 2019 preregistered psychology articles,Schäfer/Schwarz preregistered psychology articles,schaefer2019meaningfulness,preregistered_key_question_effect,2018 preregistered key-question effect (schaefer_2019_preg_31),0.1905962813969388,468.0,not coded,not coded,data/derived/corpus_candidates/candidate_d_n_papers.csv,25,2.670245853074124,-0.719885576858994,0.18119873446979165,True
schaefer2019_preregistered_026,Plot 3,preregistered_confirmatory_result,Schäfer/Schwarz 2019 preregistered psychology articles,Schäfer/Schwarz preregistered psychology articles,schaefer2019meaningfulness,preregistered_key_question_effect,2018 preregistered key-question effect (schaefer_2019_preg_32),0.6666666666666669,50.0,not coded,not coded,data/derived/corpus_candidates/candidate_d_n_papers.csv,26,1.6989700043360187,-0.17609125905568113,0.5543615297398711,True
schaefer2019_preregistered_027,Plot 3,preregistered_confirmatory_result,Schäfer/Schwarz 2019 preregistered psychology articles,Schäfer/Schwarz preregistered psychology articles,schaefer2019meaningfulness,preregistered_key_question_effect,2014 preregistered key-question effect (schaefer_2019_preg_33),0.06,302.0,not coded,not coded,data/derived/corpus_candidates/candidate_d_n_papers.csv,27,2.4800069429571505,-1.2218487496163564,0.225566507444516,False
schaefer2019_preregistered_028,Plot 3,preregistered_confirmatory_result,Schäfer/Schwarz 2019 preregistered psychology articles,Schäfer/Schwarz preregistered psychology articles,schaefer2019meaningfulness,preregistered_key_question_effect,2016 preregistered key-question effect (schaefer_2019_preg_34),0.0399999999999999,2141.0,not coded,not coded,data/derived/corpus_candidates/candidate_d_n_papers.csv,28,3.3306166672944384,-1.3979400086720388,0.08471684100200194,False
schaefer2019_preregistered_029,Plot 3,preregistered_confirmatory_result,Schäfer/Schwarz 2019 preregistered psychology articles,Schäfer/Schwarz preregistered psychology articles,schaefer2019meaningfulness,preregistered_key_question_effect,2016 preregistered key-question effect (schaefer_2019_preg_35),0.02,2284.0,not coded,not coded,data/derived/corpus_candidates/candidate_d_n_papers.csv,29,3.3586960995738107,-1.6989700043360187,0.08202193996237295,False
schaefer2019_preregistered_030,Plot 3,preregistered_confirmatory_result,Schäfer/Schwarz 2019 preregistered psychology articles,Schäfer/Schwarz preregistered psychology articles,schaefer2019meaningfulness,preregistered_key_question_effect,2016 preregistered key-question effect (schaefer_2019_preg_36),0.06,377.0,not coded,not coded,data/derived/corpus_candidates/candidate_d_n_papers.csv,30,2.576341350205793,-1.2218487496163564,0.2018865616477307,False
schaefer2019_preregistered_031,Plot 3,preregistered_confirmatory_result,Schäfer/Schwarz 2019 preregistered psychology articles,Schäfer/Schwarz preregistered psychology articles,schaefer2019meaningfulness,preregistered_key_question_effect,2017 preregistered key-question effect (schaefer_2019_preg_38),0.1807334587819829,1250.0,not coded,not coded,data/derived/corpus_candidates/candidate_d_n_papers.csv,31,3.0969100130080562,-0.7429614400275526,0.11087230594797422,True
schaefer2019_preregistered_032,Plot 3,preregistered_confirmatory_result,Schäfer/Schwarz 2019 preregistered psychology articles,Schäfer/Schwarz preregistered psychology articles,schaefer2019meaningfulness,preregistered_key_question_effect,2018 preregistered key-question effect (schaefer_2019_preg_39),0.02,98.0,not coded,not coded,data/derived/corpus_candidates/candidate_d_n_papers.csv,32,1.9912260756924949,-1.6989700043360187,0.3959725212427651,False
schaefer2019_preregistered_033,Plot 3,preregistered_confirmatory_result,Schäfer/Schwarz 2019 preregistered psychology articles,Schäfer/Schwarz preregistered psychology articles,schaefer2019meaningfulness,preregistered_key_question_effect,2018 preregistered key-question effect (schaefer_2019_preg_4),0.7472647177570733,45.0,not coded,not coded,data/derived/corpus_candidates/candidate_d_n_papers.csv,33,1.6532125137753437,-0.12652552255467403,0.5843483603843876,True
schaefer2019_preregistered_034,Plot 3,preregistered_confirmatory_result,Schäfer/Schwarz 2019 preregistered psychology articles,Schäfer/Schwarz preregistered psychology articles,schaefer2019meaningfulness,preregistered_key_question_effect,2015 preregistered key-question effect (schaefer_2019_preg_40),0.1001252348643517,360.0,not coded,not coded,data/derived/corpus_candidates/candidate_d_n_papers.csv,34,2.5563025007672873,-0.9994564521793933,0.20659834410152053,False
schaefer2019_preregistered_035,Plot 3,preregistered_confirmatory_result,Schäfer/Schwarz 2019 preregistered psychology articles,Schäfer/Schwarz preregistered psychology articles,schaefer2019meaningfulness,preregistered_key_question_effect,2016 preregistered key-question effect (schaefer_2019_preg_41),0.0632771997168332,223.0,not coded,not coded,data/derived/corpus_candidates/candidate_d_n_papers.csv,35,2.3483048630481607,-1.1987527484490104,0.2624977922843442,False
schaefer2019_preregistered_036,Plot 3,preregistered_confirmatory_result,Schäfer/Schwarz 2019 preregistered psychology articles,Schäfer/Schwarz preregistered psychology articles,schaefer2019meaningfulness,preregistered_key_question_effect,2017 preregistered key-question effect (schaefer_2019_preg_42),0.9299999999999988,58.0,not coded,not coded,data/derived/corpus_candidates/candidate_d_n_papers.csv,36,1.7634279935629373,-0.03151705144606543,0.5147117586869658,True
schaefer2019_preregistered_037,Plot 3,preregistered_confirmatory_result,Schäfer/Schwarz 2019 preregistered psychology articles,Schäfer/Schwarz preregistered psychology articles,schaefer2019meaningfulness,preregistered_key_question_effect,2017 preregistered key-question effect (schaefer_2019_preg_43),0.6499999999999997,300.0,not coded,not coded,data/derived/corpus_candidates/candidate_d_n_papers.csv,37,2.4771212547196626,-0.18708664335714462,0.22631714681523432,True
schaefer2019_preregistered_038,Plot 3,preregistered_confirmatory_result,Schäfer/Schwarz 2019 preregistered psychology articles,Schäfer/Schwarz preregistered psychology articles,schaefer2019meaningfulness,preregistered_key_question_effect,2014 preregistered key-question effect (schaefer_2019_preg_44),0.1267448501048955,139.0,not coded,not coded,data/derived/corpus_candidates/candidate_d_n_papers.csv,38,2.143014800254095,-0.8970696778838873,0.33248395085166393,False
schaefer2019_preregistered_039,Plot 3,preregistered_confirmatory_result,Schäfer/Schwarz 2019 preregistered psychology articles,Schäfer/Schwarz preregistered psychology articles,schaefer2019meaningfulness,preregistered_key_question_effect,2018 preregistered key-question effect (schaefer_2019_preg_45),0.4295790167172091,440.0,not coded,not coded,data/derived/corpus_candidates/candidate_d_n_papers.csv,39,2.6434526764861874,-0.36695694040554533,0.1868752335527668,True
schaefer2019_preregistered_040,Plot 3,preregistered_confirmatory_result,Schäfer/Schwarz 2019 preregistered psychology articles,Schäfer/Schwarz preregistered psychology articles,schaefer2019meaningfulness,preregistered_key_question_effect,2018 preregistered key-question effect (schaefer_2019_preg_46),0.4441528715963955,297.0,not coded,not coded,data/derived/corpus_candidates/candidate_d_n_papers.csv,40,2.4727564493172123,-0.3524675256873233,0.22745729079088148,True
schaefer2019_preregistered_041,Plot 3,preregistered_confirmatory_result,Schäfer/Schwarz 2019 preregistered psychology articles,Schäfer/Schwarz preregistered psychology articles,schaefer2019meaningfulness,preregistered_key_question_effect,2018 preregistered key-question effect (schaefer_2019_preg_47),0.2010075630518424,35.0,not coded,not coded,data/derived/corpus_candidates/candidate_d_n_papers.csv,41,1.5440680443502757,-0.6967876016347938,0.6625887602594732,False
schaefer2019_preregistered_042,Plot 3,preregistered_confirmatory_result,Schäfer/Schwarz 2019 preregistered psychology articles,Schäfer/Schwarz preregistered psychology articles,schaefer2019meaningfulness,preregistered_key_question_effect,2017 preregistered key-question effect (schaefer_2019_preg_48),0.3400000000000001,92.0,not coded,not coded,data/derived/corpus_candidates/candidate_d_n_papers.csv,42,1.9637878273455553,-0.46852108295774475,0.40868074180933894,False
schaefer2019_preregistered_043,Plot 3,preregistered_confirmatory_result,Schäfer/Schwarz 2019 preregistered psychology articles,Schäfer/Schwarz preregistered psychology articles,schaefer2019meaningfulness,preregistered_key_question_effect,2018 preregistered key-question effect (schaefer_2019_preg_49),0.2010075630518424,356.0,not coded,not coded,data/derived/corpus_candidates/candidate_d_n_papers.csv,43,2.5514499979728753,-0.6967876016347938,0.20775576685012756,False
schaefer2019_preregistered_044,Plot 3,preregistered_confirmatory_result,Schäfer/Schwarz 2019 preregistered psychology articles,Schäfer/Schwarz preregistered psychology articles,schaefer2019meaningfulness,preregistered_key_question_effect,2018 preregistered key-question effect (schaefer_2019_preg_5),0.2010075630518424,4754.0,not coded,not coded,data/derived/corpus_candidates/candidate_d_n_papers.csv,44,3.6770591773921613,-0.6967876016347938,0.056852360075794015,True
schaefer2019_preregistered_045,Plot 3,preregistered_confirmatory_result,Schäfer/Schwarz 2019 preregistered psychology articles,Schäfer/Schwarz preregistered psychology articles,schaefer2019meaningfulness,preregistered_key_question_effect,2016 preregistered key-question effect (schaefer_2019_preg_50),0.3267662477951968,266.0,not coded,not coded,data/derived/corpus_candidates/candidate_d_n_papers.csv,45,2.424881636631067,-0.4857628087899175,0.2403462045790421,True
schaefer2019_preregistered_046,Plot 3,preregistered_confirmatory_result,Schäfer/Schwarz 2019 preregistered psychology articles,Schäfer/Schwarz preregistered psychology articles,schaefer2019meaningfulness,preregistered_key_question_effect,2014 preregistered key-question effect (schaefer_2019_preg_51),0.1202165849551291,240.0,not coded,not coded,data/derived/corpus_candidates/candidate_d_n_papers.csv,46,2.380211241711606,-0.9200356133846098,0.253030262376332,False
schaefer2019_preregistered_047,Plot 3,preregistered_confirmatory_result,Schäfer/Schwarz 2019 preregistered psychology articles,Schäfer/Schwarz preregistered psychology articles,schaefer2019meaningfulness,preregistered_key_question_effect,2018 preregistered key-question effect (schaefer_2019_preg_52),0.2899999999999993,356.0,not coded,not coded,data/derived/corpus_candidates/candidate_d_n_papers.csv,47,2.5514499979728753,-0.5376020021010449,0.20775576685012756,True
schaefer2019_preregistered_048,Plot 3,preregistered_confirmatory_result,Schäfer/Schwarz 2019 preregistered psychology articles,Schäfer/Schwarz preregistered psychology articles,schaefer2019meaningfulness,preregistered_key_question_effect,2016 preregistered key-question effect (schaefer_2019_preg_53),0.9370425713316376,148.0,not coded,not coded,data/derived/corpus_candidates/candidate_d_n_papers.csv,48,2.1702617153949575,-0.028240677976223556,0.32221609421335784,True
schaefer2019_preregistered_049,Plot 3,preregistered_confirmatory_result,Schäfer/Schwarz 2019 preregistered psychology articles,Schäfer/Schwarz preregistered psychology articles,schaefer2019meaningfulness,preregistered_key_question_effect,2015 preregistered key-question effect (schaefer_2019_preg_54),0.2213432019235216,2053.0,not coded,not coded,data/derived/corpus_candidates/candidate_d_n_papers.csv,49,3.312388949370592,-0.6549338118935789,0.08651344616674128,True
schaefer2019_preregistered_050,Plot 3,preregistered_confirmatory_result,Schäfer/Schwarz 2019 preregistered psychology articles,Schäfer/Schwarz preregistered psychology articles,schaefer2019meaningfulness,preregistered_key_question_effect,2018 preregistered key-question effect (schaefer_2019_preg_55),0.1267448501048955,1618.0,not coded,not coded,data/derived/corpus_candidates/candidate_d_n_papers.csv,50,3.2089785172762535,-0.8970696778838873,0.09745156726374904,True
schaefer2019_preregistered_051,Plot 3,preregistered_confirmatory_result,Schäfer/Schwarz 2019 preregistered psychology articles,Schäfer/Schwarz preregistered psychology articles,schaefer2019meaningfulness,preregistered_key_question_effect,2017 preregistered key-question effect (schaefer_2019_preg_56),0.2010075630518424,264.0,not coded,not coded,data/derived/corpus_candidates/candidate_d_n_papers.csv,51,2.4216039268698313,-0.6967876016347938,0.24125488912282908,False
schaefer2019_preregistered_052,Plot 3,preregistered_confirmatory_result,Schäfer/Schwarz 2019 preregistered psychology articles,Schäfer/Schwarz preregistered psychology articles,schaefer2019meaningfulness,preregistered_key_question_effect,2017 preregistered key-question effect (schaefer_2019_preg_57),0.4699999999999998,81.0,not coded,not coded,data/derived/corpus_candidates/candidate_d_n_papers.csv,52,1.9084850188786497,-0.3279021420642827,0.435547552120012,True
schaefer2019_preregistered_053,Plot 3,preregistered_confirmatory_result,Schäfer/Schwarz 2019 preregistered psychology articles,Schäfer/Schwarz preregistered psychology articles,schaefer2019meaningfulness,preregistered_key_question_effect,2015 preregistered key-question effect (schaefer_2019_preg_58),0.3517262290563301,374.0,not coded,not coded,data/derived/corpus_candidates/candidate_d_n_papers.csv,53,2.5728716022004803,-0.45379524410930927,0.20269464984785,True
schaefer2019_preregistered_054,Plot 3,preregistered_confirmatory_result,Schäfer/Schwarz 2019 preregistered psychology articles,Schäfer/Schwarz preregistered psychology articles,schaefer2019meaningfulness,preregistered_key_question_effect,2018 preregistered key-question effect (schaefer_2019_preg_6),0.08,55.0,not coded,not coded,data/derived/corpus_candidates/candidate_d_n_papers.csv,54,1.7403626894942439,-1.0969100130080565,0.528562979523925,False
schaefer2019_preregistered_055,Plot 3,preregistered_confirmatory_result,Schäfer/Schwarz 2019 preregistered psychology articles,Schäfer/Schwarz preregistered psychology articles,schaefer2019meaningfulness,preregistered_key_question_effect,2016 preregistered key-question effect (schaefer_2019_preg_60),0.4135353313582087,272.0,not coded,not coded,data/derived/corpus_candidates/candidate_d_n_papers.csv,55,2.4345689040341987,-0.3834873795614826,0.23768054501956182,True
schaefer2019_preregistered_056,Plot 3,preregistered_confirmatory_result,Schäfer/Schwarz 2019 preregistered psychology articles,Schäfer/Schwarz preregistered psychology articles,schaefer2019meaningfulness,preregistered_key_question_effect,2016 preregistered key-question effect (schaefer_2019_preg_61),0.2789999999999992,205.0,not coded,not coded,data/derived/corpus_candidates/candidate_d_n_papers.csv,56,2.311753861055754,-0.5543957967264037,0.2737796450840062,True
schaefer2019_preregistered_057,Plot 3,preregistered_confirmatory_result,Schäfer/Schwarz 2019 preregistered psychology articles,Schäfer/Schwarz preregistered psychology articles,schaefer2019meaningfulness,preregistered_key_question_effect,2016 preregistered key-question effect (schaefer_2019_preg_62),0.2699999999999994,268.0,not coded,not coded,data/derived/corpus_candidates/candidate_d_n_papers.csv,57,2.428134794028789,-0.5686362358410136,0.23944771094962838,True
schaefer2019_preregistered_058,Plot 3,preregistered_confirmatory_result,Schäfer/Schwarz 2019 preregistered psychology articles,Schäfer/Schwarz preregistered psychology articles,schaefer2019meaningfulness,preregistered_key_question_effect,2016 preregistered key-question effect (schaefer_2019_preg_63),1.0311600938944965,545.0,not coded,not coded,data/derived/corpus_candidates/candidate_d_n_papers.csv,58,2.7363965022766426,0.01332609738572021,0.1679112657906146,True
schaefer2019_preregistered_059,Plot 3,preregistered_confirmatory_result,Schäfer/Schwarz 2019 preregistered psychology articles,Schäfer/Schwarz preregistered psychology articles,schaefer2019meaningfulness,preregistered_key_question_effect,2017 preregistered key-question effect (schaefer_2019_preg_64),0.3400000000000001,87.0,not coded,not coded,data/derived/corpus_candidates/candidate_d_n_papers.csv,59,1.9395192526186185,-0.46852108295774475,0.42026039113120434,False
schaefer2019_preregistered_060,Plot 3,preregistered_confirmatory_result,Schäfer/Schwarz 2019 preregistered psychology articles,Schäfer/Schwarz preregistered psychology articles,schaefer2019meaningfulness,preregistered_key_question_effect,2017 preregistered key-question effect (schaefer_2019_preg_65),0.3599999999999996,252.0,not coded,not coded,data/derived/corpus_candidates/candidate_d_n_papers.csv,60,2.401400540781544,-0.4436974992327132,0.2469322515112489,True
schaefer2019_preregistered_061,Plot 3,preregistered_confirmatory_result,Schäfer/Schwarz 2019 preregistered psychology articles,Schäfer/Schwarz preregistered psychology articles,schaefer2019meaningfulness,preregistered_key_question_effect,2017 preregistered key-question effect (schaefer_2019_preg_66),0.7031230493106525,177.0,not coded,not coded,data/derived/corpus_candidates/candidate_d_n_papers.csv,61,2.2479732663618064,-0.1529686650793626,0.2946398288016259,True
schaefer2019_preregistered_062,Plot 3,preregistered_confirmatory_result,Schäfer/Schwarz 2019 preregistered psychology articles,Schäfer/Schwarz preregistered psychology articles,schaefer2019meaningfulness,preregistered_key_question_effect,2017 preregistered key-question effect (schaefer_2019_preg_67),0.796528209922106,101.0,not coded,not coded,data/derived/corpus_candidates/candidate_d_n_papers.csv,62,2.0043213737826426,-0.09879883857401808,0.390047411217902,True
schaefer2019_preregistered_063,Plot 3,preregistered_confirmatory_result,Schäfer/Schwarz 2019 preregistered psychology articles,Schäfer/Schwarz preregistered psychology articles,schaefer2019meaningfulness,preregistered_key_question_effect,2015 preregistered key-question effect (schaefer_2019_preg_68),0.8000000000000007,379.0,not coded,not coded,data/derived/corpus_candidates/candidate_d_n_papers.csv,63,2.578639209968072,-0.09691001300805603,0.20135317481967943,True
schaefer2019_preregistered_064,Plot 3,preregistered_confirmatory_result,Schäfer/Schwarz 2019 preregistered psychology articles,Schäfer/Schwarz preregistered psychology articles,schaefer2019meaningfulness,preregistered_key_question_effect,2017 preregistered key-question effect (schaefer_2019_preg_69),0.5897678246195885,297.0,not coded,not coded,data/derived/corpus_candidates/candidate_d_n_papers.csv,64,2.4727564493172123,-0.22931892451282462,0.22745729079088148,True
schaefer2019_preregistered_065,Plot 3,preregistered_confirmatory_result,Schäfer/Schwarz 2019 preregistered psychology articles,Schäfer/Schwarz preregistered psychology articles,schaefer2019meaningfulness,preregistered_key_question_effect,2018 preregistered key-question effect (schaefer_2019_preg_7),0.4082482904638631,905.0,not coded,not coded,data/derived/corpus_candidates/candidate_d_n_papers.csv,65,2.9566485792052033,-0.38907562519182176,0.13030281469285349,True
schaefer2019_preregistered_066,Plot 3,preregistered_confirmatory_result,Schäfer/Schwarz 2019 preregistered psychology articles,Schäfer/Schwarz preregistered psychology articles,schaefer2019meaningfulness,preregistered_key_question_effect,2017 preregistered key-question effect (schaefer_2019_preg_70),0.14,1673.0,not coded,not coded,data/derived/corpus_candidates/candidate_d_n_papers.csv,66,3.2234959409623944,-0.8538719643217619,0.09583631718112245,True
schaefer2019_preregistered_067,Plot 3,preregistered_confirmatory_result,Schäfer/Schwarz 2019 preregistered psychology articles,Schäfer/Schwarz preregistered psychology articles,schaefer2019meaningfulness,preregistered_key_question_effect,2018 preregistered key-question effect (schaefer_2019_preg_72),0.8368706748593144,51.0,not coded,not coded,data/derived/corpus_candidates/candidate_d_n_papers.csv,67,1.7075701760979363,-0.07734165017217529,0.5488997065927239,True
schaefer2019_preregistered_068,Plot 3,preregistered_confirmatory_result,Schäfer/Schwarz 2019 preregistered psychology articles,Schäfer/Schwarz preregistered psychology articles,schaefer2019meaningfulness,preregistered_key_question_effect,2017 preregistered key-question effect (schaefer_2019_preg_73),1.3405601251996722,37.0,not coded,not coded,data/derived/corpus_candidates/candidate_d_n_papers.csv,68,1.568201724066995,0.12728629721248969,0.6444321884267157,True
schaefer2019_preregistered_069,Plot 3,preregistered_confirmatory_result,Schäfer/Schwarz 2019 preregistered psychology articles,Schäfer/Schwarz preregistered psychology articles,schaefer2019meaningfulness,preregistered_key_question_effect,2018 preregistered key-question effect (schaefer_2019_preg_74),0.2295319231582694,80.0,not coded,not coded,data/derived/corpus_candidates/candidate_d_n_papers.csv,69,1.9030899869919435,-0.6391569045174181,0.43826127028829076,False
schaefer2019_preregistered_070,Plot 3,preregistered_confirmatory_result,Schäfer/Schwarz 2019 preregistered psychology articles,Schäfer/Schwarz preregistered psychology articles,schaefer2019meaningfulness,preregistered_key_question_effect,2018 preregistered key-question effect (schaefer_2019_preg_75),0.2857142857142867,400.0,not coded,not coded,data/derived/corpus_candidates/candidate_d_n_papers.csv,70,2.6020599913279625,-0.5440680443502741,0.1959963984540054,True
schaefer2019_preregistered_071,Plot 3,preregistered_confirmatory_result,Schäfer/Schwarz 2019 preregistered psychology articles,Schäfer/Schwarz preregistered psychology articles,schaefer2019meaningfulness,preregistered_key_question_effect,2017 preregistered key-question effect (schaefer_2019_preg_76),0.18,120115.0,not coded,not coded,data/derived/corpus_candidates/candidate_d_n_papers.csv,71,5.079597245624807,-0.744727494896694,0.01131043905320259,True
schaefer2019_preregistered_072,Plot 3,preregistered_confirmatory_result,Schäfer/Schwarz 2019 preregistered psychology articles,Schäfer/Schwarz preregistered psychology articles,schaefer2019meaningfulness,preregistered_key_question_effect,2018 preregistered key-question effect (schaefer_2019_preg_77),0.4944513860581975,621.0,not coded,not coded,data/derived/corpus_candidates/candidate_d_n_papers.csv,72,2.79309160017658,-0.305876401345926,0.15730129086415853,True
schaefer2019_preregistered_073,Plot 3,preregistered_confirmatory_result,Schäfer/Schwarz 2019 preregistered psychology articles,Schäfer/Schwarz preregistered psychology articles,schaefer2019meaningfulness,preregistered_key_question_effect,2017 preregistered key-question effect (schaefer_2019_preg_78),1.3405601251996722,37.0,not coded,not coded,data/derived/corpus_candidates/candidate_d_n_papers.csv,73,1.568201724066995,0.12728629721248969,0.6444321884267157,True
schaefer2019_preregistered_074,Plot 3,preregistered_confirmatory_result,Schäfer/Schwarz 2019 preregistered psychology articles,Schäfer/Schwarz preregistered psychology articles,schaefer2019meaningfulness,preregistered_key_question_effect,2018 preregistered key-question effect (schaefer_2019_preg_79),0.540000000000001,332.0,not coded,not coded,data/derived/corpus_candidates/candidate_d_n_papers.csv,74,2.5211380837040362,-0.26760624017703066,0.2151339963694839,True
schaefer2019_preregistered_075,Plot 3,preregistered_confirmatory_result,Schäfer/Schwarz 2019 preregistered psychology articles,Schäfer/Schwarz preregistered psychology articles,schaefer2019meaningfulness,preregistered_key_question_effect,2017 preregistered key-question effect (schaefer_2019_preg_8),0.16,680.0,not coded,not coded,data/derived/corpus_candidates/candidate_d_n_papers.csv,75,2.832508912706236,-0.7958800173440752,0.150322375554401,True
schaefer2019_preregistered_076,Plot 3,preregistered_confirmatory_result,Schäfer/Schwarz 2019 preregistered psychology articles,Schäfer/Schwarz preregistered psychology articles,schaefer2019meaningfulness,preregistered_key_question_effect,2015 preregistered key-question effect (schaefer_2019_preg_80),0.0299999999999999,386.0,not coded,not coded,data/derived/corpus_candidates/candidate_d_n_papers.csv,76,2.586587304671755,-1.522878745280339,0.19951908035795005,False
schaefer2019_preregistered_077,Plot 3,preregistered_confirmatory_result,Schäfer/Schwarz 2019 preregistered psychology articles,Schäfer/Schwarz preregistered psychology articles,schaefer2019meaningfulness,preregistered_key_question_effect,2016 preregistered key-question effect (schaefer_2019_preg_81),0.2400000000000007,53.0,not coded,not coded,data/derived/corpus_candidates/candidate_d_n_papers.csv,77,1.7242758696007892,-0.6197887582883926,0.5384435164710829,False
schaefer2019_preregistered_078,Plot 3,preregistered_confirmatory_result,Schäfer/Schwarz 2019 preregistered psychology articles,Schäfer/Schwarz preregistered psychology articles,schaefer2019meaningfulness,preregistered_key_question_effect,2015 preregistered key-question effect (schaefer_2019_preg_82),2.630000000000005,1462.0,not coded,not coded,data/derived/corpus_candidates/candidate_d_n_papers.csv,78,3.1649473726218416,0.41995574848975864,0.10251900922385618,True
schaefer2019_preregistered_079,Plot 3,preregistered_confirmatory_result,Schäfer/Schwarz 2019 preregistered psychology articles,Schäfer/Schwarz preregistered psychology articles,schaefer2019meaningfulness,preregistered_key_question_effect,2017 preregistered key-question effect (schaefer_2019_preg_83),0.09,242.0,not coded,not coded,data/derived/corpus_candidates/candidate_d_n_papers.csv,79,2.383815365980431,-1.0457574905606752,0.25198251351812323,False
schaefer2019_preregistered_080,Plot 3,preregistered_confirmatory_result,Schäfer/Schwarz 2019 preregistered psychology articles,Schäfer/Schwarz preregistered psychology articles,schaefer2019meaningfulness,preregistered_key_question_effect,2015 preregistered key-question effect (schaefer_2019_preg_84),0.2200000000000008,199.0,not coded,not coded,data/derived/corpus_candidates/candidate_d_n_papers.csv,80,2.298853076409707,-0.6575773191777922,0.2778763262267386,False
schaefer2019_preregistered_081,Plot 3,preregistered_confirmatory_result,Schäfer/Schwarz 2019 preregistered psychology articles,Schäfer/Schwarz preregistered psychology articles,schaefer2019meaningfulness,preregistered_key_question_effect,2014 preregistered key-question effect (schaefer_2019_preg_85),0.4699999999999998,471.0,not coded,not coded,data/derived/corpus_candidates/candidate_d_n_papers.csv,81,2.673020907128896,-0.3279021420642827,0.1806207466033718,True
schaefer2019_preregistered_082,Plot 3,preregistered_confirmatory_result,Schäfer/Schwarz 2019 preregistered psychology articles,Schäfer/Schwarz preregistered psychology articles,schaefer2019meaningfulness,preregistered_key_question_effect,2014 preregistered key-question effect (schaefer_2019_preg_86),0.1807334587819829,463.0,not coded,not coded,data/derived/corpus_candidates/candidate_d_n_papers.csv,82,2.6655809910179533,-0.7429614400275526,0.18217450207660976,False
schaefer2019_preregistered_083,Plot 3,preregistered_confirmatory_result,Schäfer/Schwarz 2019 preregistered psychology articles,Schäfer/Schwarz preregistered psychology articles,schaefer2019meaningfulness,preregistered_key_question_effect,2015 preregistered key-question effect (schaefer_2019_preg_87),1.4999999999999998,90.0,not coded,not coded,data/derived/corpus_candidates/candidate_d_n_papers.csv,83,1.9542425094393248,0.17609125905568115,0.41319668820304106,True
schaefer2019_preregistered_084,Plot 3,preregistered_confirmatory_result,Schäfer/Schwarz 2019 preregistered psychology articles,Schäfer/Schwarz preregistered psychology articles,schaefer2019meaningfulness,preregistered_key_question_effect,2017 preregistered key-question effect (schaefer_2019_preg_88),0.628970902033151,36.0,not coded,not coded,data/derived/corpus_candidates/candidate_d_n_papers.csv,84,1.5563025007672873,-0.20136944577690316,0.653321328180018,False
schaefer2019_preregistered_085,Plot 3,preregistered_confirmatory_result,Schäfer/Schwarz 2019 preregistered psychology articles,Schäfer/Schwarz preregistered psychology articles,schaefer2019meaningfulness,preregistered_key_question_effect,2017 preregistered key-question effect (schaefer_2019_preg_89),0.19,631.0,not coded,not coded,data/derived/corpus_candidates/candidate_d_n_papers.csv,85,2.8000293592441343,-0.721246399047171,0.15604986851132982,True
schaefer2019_preregistered_086,Plot 3,preregistered_confirmatory_result,Schäfer/Schwarz 2019 preregistered psychology articles,Schäfer/Schwarz preregistered psychology articles,schaefer2019meaningfulness,preregistered_key_question_effect,2017 preregistered key-question effect (schaefer_2019_preg_9),0.6060437322090948,257.0,not coded,not coded,data/derived/corpus_candidates/candidate_d_n_papers.csv,86,2.4099331233312946,-0.21749603594622485,0.24451838856297464,True
schaefer2019_preregistered_087,Plot 3,preregistered_confirmatory_result,Schäfer/Schwarz 2019 preregistered psychology articles,Schäfer/Schwarz preregistered psychology articles,schaefer2019meaningfulness,preregistered_key_question_effect,2016 preregistered key-question effect (schaefer_2019_preg_90),1.3719886811400708,20.0,not coded,not coded,data/derived/corpus_candidates/candidate_d_n_papers.csv,87,1.3010299956639813,0.13735052847081605,0.8765225405765815,True
schaefer2019_preregistered_088,Plot 3,preregistered_confirmatory_result,Schäfer/Schwarz 2019 preregistered psychology articles,Schäfer/Schwarz preregistered psychology articles,schaefer2019meaningfulness,preregistered_key_question_effect,2016 preregistered key-question effect (schaefer_2019_preg_91),0.0299999999999999,1894.0,not coded,not coded,data/derived/corpus_candidates/candidate_d_n_papers.csv,88,3.2773799746672547,-1.522878745280339,0.09007164601838176,False
schaefer2019_preregistered_089,Plot 3,preregistered_confirmatory_result,Schäfer/Schwarz 2019 preregistered psychology articles,Schäfer/Schwarz preregistered psychology articles,schaefer2019meaningfulness,preregistered_key_question_effect,2015 preregistered key-question effect (schaefer_2019_preg_92),1.1547005383792517,79.0,not coded,not coded,data/derived/corpus_candidates/candidate_d_n_papers.csv,89,1.8976270912904414,0.06246936830415003,0.44102635305135507,True
score_cos_prereg_indicated_001,Plot 3,preregistered_confirmatory_result,SCORE/COS preregistration-indicated original papers,SCORE/COS preregistration-indicated original papers,tyner2026,paper_level_preregistration_indicated_claim_effect,2018 - Remotely Close Associations: Openness To Experience And Semantic Memory Structure,1.29,516.0,not coded,European Journal of Personality,data/derived/corpus_candidates/candidate_d_n_papers.csv; data/raw/corpus_candidates/score/orig_prereg-indicated.csv,1,2.7126497016272113,0.11058971029924897,0.17256520665538716,True
score_cos_prereg_indicated_002,Plot 3,preregistered_confirmatory_result,SCORE/COS preregistration-indicated original papers,SCORE/COS preregistration-indicated original papers,tyner2026,paper_level_preregistration_indicated_claim_effect,2018 - Delaying Access To A Problem-Skipping Option Increases Effortful Practice: Application Of An A/B Test In Large-Scale Online Learning,0.0739606995230642,50433.0,not coded,Computers & Education,data/derived/corpus_candidates/candidate_d_n_papers.csv; data/raw/corpus_candidates/score/orig_prereg-indicated.csv,2,4.702714802874462,-1.1309989899199757,0.017455033443348287,True
score_cos_prereg_indicated_003,Plot 3,preregistered_confirmatory_result,SCORE/COS preregistration-indicated original papers,SCORE/COS preregistration-indicated original papers,tyner2026,paper_level_preregistration_indicated_claim_effect,2016 - The Morality Of Action: The Asymmetry Between Judgments Of Praise And Blame In The Action–Omission Effect,0.5244245788662495,59.0,not coded,Journal of Experimental Social Psychology,data/derived/corpus_candidates/candidate_d_n_papers.csv; data/raw/corpus_candidates/score/orig_prereg-indicated.csv,3,1.7708520116421442,-0.28031696187929717,0.5103311534178119,True
score_cos_prereg_indicated_004,Plot 3,preregistered_confirmatory_result,SCORE/COS preregistration-indicated original papers,SCORE/COS preregistration-indicated original papers,tyner2026,paper_level_preregistration_indicated_claim_effect,2018 - (Pre)Occupations: A Data-Driven Model Of Jobs And Its Consequences For Categorization And Evaluation,0.5385204638677067,183.0,not coded,Journal of Experimental Social Psychology,data/derived/corpus_candidates/candidate_d_n_papers.csv; data/raw/corpus_candidates/score/orig_prereg-indicated.csv,4,2.2624510897304293,-0.2687977887894704,0.2897694135353775,True
score_cos_prereg_indicated_005,Plot 3,preregistered_confirmatory_result,SCORE/COS preregistration-indicated original papers,SCORE/COS preregistration-indicated original papers,tyner2026,paper_level_preregistration_indicated_claim_effect,"2018 - Ceos Imbue Organizations With Feelings, Increasing Punishment Satisfaction And Apology Effectiveness",0.29,302.0,not coded,Journal of Experimental Social Psychology,data/derived/corpus_candidates/candidate_d_n_papers.csv; data/raw/corpus_candidates/score/orig_prereg-indicated.csv,5,2.4800069429571505,-0.5376020021010439,0.225566507444516,True
score_cos_prereg_indicated_006,Plot 3,preregistered_confirmatory_result,SCORE/COS preregistration-indicated original papers,SCORE/COS preregistration-indicated original papers,tyner2026,paper_level_preregistration_indicated_claim_effect,2018 - How Internal Constraints Shape Interest Group Activities: Evidence From Access-Seeking Pacs,0.0040449343319497,2647085.0,not coded,American Political Science Review,data/derived/corpus_candidates/candidate_d_n_papers.csv; data/raw/corpus_candidates/score/orig_prereg-indicated.csv,6,6.422767887065712,-2.393088524608787,0.002409318099311285,True
score_cos_prereg_indicated_007,Plot 3,preregistered_confirmatory_result,SCORE/COS preregistration-indicated original papers,SCORE/COS preregistration-indicated original papers,tyner2026,paper_level_preregistration_indicated_claim_effect,2018 - Treating Depression With Physical Activity In Adolescents And Young Adults: A Systematic Review And Meta-Analysis Of Randomised Controlled Trials,0.82,771.0,not coded,Psychological Medicine,data/derived/corpus_candidates/candidate_d_n_papers.csv; data/raw/corpus_candidates/score/orig_prereg-indicated.csv,7,2.8870543780509568,-0.08618614761628333,0.14117275745864694,True
score_cos_prereg_indicated_008,Plot 3,preregistered_confirmatory_result,SCORE/COS preregistration-indicated original papers,SCORE/COS preregistration-indicated original papers,tyner2026,paper_level_preregistration_indicated_claim_effect,2016 - Classified Or Coverup? The Effect Of Redactions On Conspiracy Theory Beliefs,0.1025421454927305,2524.0,not coded,Journal of Experimental Political Science,data/derived/corpus_candidates/candidate_d_n_papers.csv; data/raw/corpus_candidates/score/orig_prereg-indicated.csv,8,3.402089350572097,-0.9890976000426259,0.07802493425566491,True
score_cos_prereg_indicated_009,Plot 3,preregistered_confirmatory_result,SCORE/COS preregistration-indicated original papers,SCORE/COS preregistration-indicated original papers,tyner2026,paper_level_preregistration_indicated_claim_effect,2018 - The Effect Of Segregation On Intergroup Relations,0.2001624333046291,1081.0,not coded,Journal of Experimental Political Science,data/derived/corpus_candidates/candidate_d_n_papers.csv; data/raw/corpus_candidates/score/orig_prereg-indicated.csv,9,3.03382569395331,-0.6986174280525848,0.11922442585874493,True
score_cos_prereg_indicated_010,Plot 3,preregistered_confirmatory_result,SCORE/COS preregistration-indicated original papers,SCORE/COS preregistration-indicated original papers,tyner2026,paper_level_preregistration_indicated_claim_effect,2018 - Preferences For Domestic Action Over International Transfers In Global Climate Policy,0.1525789597256175,1140.0,not coded,Journal of Experimental Political Science,data/derived/corpus_candidates/candidate_d_n_papers.csv; data/raw/corpus_candidates/score/orig_prereg-indicated.csv,10,3.0569048513364727,-0.8165053504248139,0.116098246669054,True
score_cos_prereg_indicated_011,Plot 3,preregistered_confirmatory_result,SCORE/COS preregistration-indicated original papers,SCORE/COS preregistration-indicated original papers,tyner2026,paper_level_preregistration_indicated_claim_effect,2018 - Do Gender Quotas Really Reduce Bias? Evidence From A Policy Experiment In Southern Africa,0.6077468672544968,51.0,not coded,Journal of Experimental Political Science,data/derived/corpus_candidates/candidate_d_n_papers.csv; data/raw/corpus_candidates/score/orig_prereg-indicated.csv,11,1.7075701760979363,-0.2162772711314252,0.5488997065927239,True
score_cos_prereg_indicated_012,Plot 3,preregistered_confirmatory_result,SCORE/COS preregistration-indicated original papers,SCORE/COS preregistration-indicated original papers,tyner2026,paper_level_preregistration_indicated_claim_effect,2014 - Paying More When Paying For Others.,0.3567188278569705,151.0,not coded,Journal of Personality and Social Psychology,data/derived/corpus_candidates/candidate_d_n_papers.csv; data/raw/corpus_candidates/score/orig_prereg-indicated.csv,12,2.1789769472931693,-0.44767396770511336,0.31899921404516624,True
score_cos_prereg_indicated_013,Plot 3,preregistered_confirmatory_result,SCORE/COS preregistration-indicated original papers,SCORE/COS preregistration-indicated original papers,tyner2026,paper_level_preregistration_indicated_claim_effect,"2017 - A Functional Analysis Of Two Transdiagnostic, Emotion-Focused Interventions On Nonsuicidal Self-Injury.",0.2661108701505318,855.0,not coded,Journal of Consulting and Clinical Psychology,data/derived/corpus_candidates/candidate_d_n_papers.csv; data/raw/corpus_candidates/score/orig_prereg-indicated.csv,13,2.931966114728173,-0.5749373849376263,0.1340587079336438,True
score_cos_prereg_indicated_014,Plot 3,preregistered_confirmatory_result,SCORE/COS preregistration-indicated original papers,SCORE/COS preregistration-indicated original papers,tyner2026,paper_level_preregistration_indicated_claim_effect,2015 - The Question–Behavior Effect: Genuine Effect Or Spurious Phenomenon? A Systematic Review Of Randomized Controlled Trials With Meta-Analyses.,0.09,37452.0,not coded,Health Psychology,data/derived/corpus_candidates/candidate_d_n_papers.csv; data/raw/corpus_candidates/score/orig_prereg-indicated.csv,14,4.573475014712957,-1.0457574905606752,0.020255388589764636,True
score_cos_prereg_indicated_015,Plot 3,preregistered_confirmatory_result,SCORE/COS preregistration-indicated original papers,SCORE/COS preregistration-indicated original papers,tyner2026,paper_level_preregistration_indicated_claim_effect,2018 - Imagine That! The Effect Of Counterstereotypic Imagined Intergroup Contact On Weight Bias.,0.53,107.0,not coded,Health Psychology,data/derived/corpus_candidates/candidate_d_n_papers.csv; data/raw/corpus_candidates/score/orig_prereg-indicated.csv,15,2.0293837776852097,-0.27572413039921095,0.3789537402140402,True
score_cos_prereg_indicated_016,Plot 3,preregistered_confirmatory_result,SCORE/COS preregistration-indicated original papers,SCORE/COS preregistration-indicated original papers,tyner2026,paper_level_preregistration_indicated_claim_effect,2016 - Being Observed Magnifies Action.,0.4579393610728616,100.5,not coded,Journal of Personality and Social Psychology,data/derived/corpus_candidates/candidate_d_n_papers.csv; data/raw/corpus_candidates/score/orig_prereg-indicated.csv,16,2.002166061756508,-0.33919202613363697,0.391016474602684,True
score_cos_prereg_indicated_017,Plot 3,preregistered_confirmatory_result,SCORE/COS preregistration-indicated original papers,SCORE/COS preregistration-indicated original papers,tyner2026,paper_level_preregistration_indicated_claim_effect,"2017 - Hypocritical Flip-Flop, Or Courageous Evolution? When Leaders Change Their Moral Minds.",0.22,5552.0,not coded,Journal of Personality and Social Psychology,data/derived/corpus_candidates/candidate_d_n_papers.csv; data/raw/corpus_candidates/score/orig_prereg-indicated.csv,17,3.7444494574467986,-0.6575773191777937,0.0526081897497164,True
score_cos_prereg_indicated_018,Plot 3,preregistered_confirmatory_result,SCORE/COS preregistration-indicated original papers,SCORE/COS preregistration-indicated original papers,tyner2026,paper_level_preregistration_indicated_claim_effect,"2016 - Selection Bias, Vote Counting, And Money-Priming Effects: A Comment On Rohrer, Pashler, And Harris (2015) And Vohs (2015).",3.129238459007772,12.0,not coded,Journal of Experimental Psychology: General,data/derived/corpus_candidates/candidate_d_n_papers.csv; data/raw/corpus_candidates/score/orig_prereg-indicated.csv,18,1.0791812460476249,0.4954386591785558,1.1315857340761717,True
score_cos_prereg_indicated_019,Plot 3,preregistered_confirmatory_result,SCORE/COS preregistration-indicated original papers,SCORE/COS preregistration-indicated original papers,tyner2026,paper_level_preregistration_indicated_claim_effect,2018 - Atheist Horns And Religious Halos: Mental Representations Of Atheists And Theists.,0.3983034749763157,273.0,not coded,Journal of Experimental Psychology: General,data/derived/corpus_candidates/candidate_d_n_papers.csv; data/raw/corpus_candidates/score/orig_prereg-indicated.csv,19,2.436162647040756,-0.39978590459630764,0.23724483329657836,True
score_cos_prereg_indicated_020,Plot 3,preregistered_confirmatory_result,SCORE/COS preregistration-indicated original papers,SCORE/COS preregistration-indicated original papers,tyner2026,paper_level_preregistration_indicated_claim_effect,"2018 - Experimental Evidence Of Discrimination In The Labour Market: Intersections Between Ethnicity, Gender, And Socio-Economic Status",0.2408915545815461,400.0,not coded,European Sociological Review,data/derived/corpus_candidates/candidate_d_n_papers.csv; data/raw/corpus_candidates/score/orig_prereg-indicated.csv,20,2.6020599913279625,-0.6181784256676003,0.1959963984540054,True
score_cos_prereg_indicated_021,Plot 3,preregistered_confirmatory_result,SCORE/COS preregistration-indicated original papers,SCORE/COS preregistration-indicated original papers,tyner2026,paper_level_preregistration_indicated_claim_effect,2016 - Worms At Work: Long-Run Impacts Of A Child Health Investment,0.1517428803502235,470.0,not coded,The Quarterly Journal of Economics,data/derived/corpus_candidates/candidate_d_n_papers.csv; data/raw/corpus_candidates/score/orig_prereg-indicated.csv,21,2.6720978579357175,-0.8188916765106784,0.1808127942350843,False
score_cos_prereg_indicated_022,Plot 3,preregistered_confirmatory_result,SCORE/COS preregistration-indicated original papers,SCORE/COS preregistration-indicated original papers,tyner2026,paper_level_preregistration_indicated_claim_effect,2013 - Temperament Moderates Associations Between Exposure To Stress And Children's Externalizing Problems,0.166241975425832,556.0,not coded,Child Development,data/derived/corpus_candidates/candidate_d_n_papers.csv; data/raw/corpus_candidates/score/orig_prereg-indicated.csv,22,2.7450747915820575,-0.7792593091069111,0.16624197542583197,True
score_cos_prereg_indicated_023,Plot 3,preregistered_confirmatory_result,SCORE/COS preregistration-indicated original papers,SCORE/COS preregistration-indicated original papers,tyner2026,paper_level_preregistration_indicated_claim_effect,2018 - Inferring Beliefs And Desires From Emotional Reactions To Anticipated And Observed Events,1.1727272727272726,16.0,not coded,Child Development,data/derived/corpus_candidates/candidate_d_n_papers.csv; data/raw/corpus_candidates/score/orig_prereg-indicated.csv,23,1.2041199826559248,0.06919702514102388,0.979981992270027,True
score_cos_prereg_indicated_024,Plot 3,preregistered_confirmatory_result,SCORE/COS preregistration-indicated original papers,SCORE/COS preregistration-indicated original papers,tyner2026,paper_level_preregistration_indicated_claim_effect,2018 - When Wanting To Be Fair Is Not Enough: The Effects Of Depletion And Self-Appraisal Gaps On Fair Behavior,1.3577240640669006,83.0,not coded,Journal of Management,data/derived/corpus_candidates/candidate_d_n_papers.csv; data/raw/corpus_candidates/score/orig_prereg-indicated.csv,24,1.919078092376074,0.13281151543063008,0.4302679927389678,True
score_cos_prereg_indicated_025,Plot 3,preregistered_confirmatory_result,SCORE/COS preregistration-indicated original papers,SCORE/COS preregistration-indicated original papers,tyner2026,paper_level_preregistration_indicated_claim_effect,2015 - Leveling The Playing Field,0.3963297876939064,167.0,not coded,Psychological Science,data/derived/corpus_candidates/candidate_d_n_papers.csv; data/raw/corpus_candidates/score/orig_prereg-indicated.csv,25,2.2227164711475833,-0.40194328536217977,0.30333313323345434,True
score_cos_prereg_indicated_026,Plot 3,preregistered_confirmatory_result,SCORE/COS preregistration-indicated original papers,SCORE/COS preregistration-indicated original papers,tyner2026,paper_level_preregistration_indicated_claim_effect,2017 - A Large-Scale Test Of The Goldilocks Hypothesis,0.1904343608861134,120115.0,not coded,Psychological Science,data/derived/corpus_candidates/candidate_d_n_papers.csv; data/raw/corpus_candidates/score/orig_prereg-indicated.csv,26,5.079597245624807,-0.7202546872705351,0.01131043905320259,True
score_cos_prereg_indicated_027,Plot 3,preregistered_confirmatory_result,SCORE/COS preregistration-indicated original papers,SCORE/COS preregistration-indicated original papers,tyner2026,paper_level_preregistration_indicated_claim_effect,2018 - Is Implicit Theory Of Mind A Real And Robust Phenomenon? Results From A Systematic Replication Study,0.58,19.0,not coded,Psychological Science,data/derived/corpus_candidates/candidate_d_n_papers.csv; data/raw/corpus_candidates/score/orig_prereg-indicated.csv,27,1.2787536009528289,-0.23657200643706278,0.8992931517462537,False
score_cos_prereg_indicated_028,Plot 3,preregistered_confirmatory_result,SCORE/COS preregistration-indicated original papers,SCORE/COS preregistration-indicated original papers,tyner2026,paper_level_preregistration_indicated_claim_effect,2018 - A Cognitive-Ecological Explanation Of Intergroup Biases,0.3843559994851369,209.0,not coded,Psychological Science,data/derived/corpus_candidates/candidate_d_n_papers.csv; data/raw/corpus_candidates/score/orig_prereg-indicated.csv,28,2.320146286111054,-0.415266335557498,0.2711470873525878,True
score_cos_prereg_indicated_029,Plot 3,preregistered_confirmatory_result,SCORE/COS preregistration-indicated original papers,SCORE/COS preregistration-indicated original papers,tyner2026,paper_level_preregistration_indicated_claim_effect,2018 - Culture-Independent Prerequisites For Early Arithmetic,0.6778223558112928,41.0,not coded,Psychological Science,data/derived/corpus_candidates/candidate_d_n_papers.csv; data/raw/corpus_candidates/score/orig_prereg-indicated.csv,29,1.6127838567197355,-0.16888411144232474,0.612189897263604,True
score_cos_prereg_indicated_030,Plot 3,preregistered_confirmatory_result,SCORE/COS preregistration-indicated original papers,SCORE/COS preregistration-indicated original papers,tyner2026,paper_level_preregistration_indicated_claim_effect,2018 - Native Language Promotes Access To Visual Consciousness,0.8152693682809031,28.0,not coded,Psychological Science,data/derived/corpus_candidates/candidate_d_n_papers.csv; data/raw/corpus_candidates/score/orig_prereg-indicated.csv,30,1.4471580313422192,-0.08869887490458336,0.7407967545337467,True
score_cos_prereg_indicated_031,Plot 3,preregistered_confirmatory_result,SCORE/COS preregistration-indicated original papers,SCORE/COS preregistration-indicated original papers,tyner2026,paper_level_preregistration_indicated_claim_effect,2017 - ‘Acting Wife’: Marriage Market Incentives And Labor Market Investments,0.582579961131432,60.0,not coded,American Economic Review,data/derived/corpus_candidates/candidate_d_n_papers.csv; data/raw/corpus_candidates/score/orig_prereg-indicated.csv,31,1.7781512503836436,-0.23464445777857904,0.506060524752664,True
score_cos_prereg_text_rescue_001,Plot 3,preregistered_confirmatory_result,SCORE/COS preregistration-indicated original papers,SCORE/COS preregistration-indicated original papers,tyner2026,paper_level_preregistration_indicated_claim_effect,2016 - How Does Not Responding To Appetitive Stimuli Cause Devaluation: Evaluative Conditioning Or Response Inhibition?,0.573,41.0,not coded,Journal of Experimental Psychology: General,data/derived/effect_inflation_dataset/plot3_score_text_claim_rescue_candidates.csv; data/raw/corpus_candidates/score/extracted_claims.csv.gz,1,1.6127838567197355,-0.24184537803261005,0.612189897263604,False
score_cos_prereg_text_rescue_002,Plot 3,preregistered_confirmatory_result,SCORE/COS preregistration-indicated original papers,SCORE/COS preregistration-indicated original papers,tyner2026,paper_level_preregistration_indicated_claim_effect,2017 - The Norm-Dependent Effect Of Watching Eyes On Donation,0.7062158421269884,139.0,not coded,Evolution and Human Behavior,data/derived/effect_inflation_dataset/plot3_score_text_claim_rescue_candidates.csv; data/raw/corpus_candidates/score/extracted_claims.csv.gz,2,2.143014800254095,-0.15106254438951341,0.33248395085166393,True
score_cos_prereg_text_rescue_003,Plot 3,preregistered_confirmatory_result,SCORE/COS preregistration-indicated original papers,SCORE/COS preregistration-indicated original papers,tyner2026,paper_level_preregistration_indicated_claim_effect,2018 - When Generating A Prediction Boosts Learning: The Element Of Surprise,0.497,36.0,not coded,Learning and Instruction,data/derived/effect_inflation_dataset/plot3_score_text_claim_rescue_candidates.csv; data/raw/corpus_candidates/score/extracted_claims.csv.gz,3,1.5563025007672873,-0.3036436112666679,0.653321328180018,False
