plot_name,plot_inclusion_status,source_label,source_corpus,papers_contributed,tests_or_rows_contributed,why,why_detail,status_label,fields,source_kind,published_scope,median_D,median_N,display_label,source_key,citation_key,corpus_what_it_is,plot_rows_made_in,known_paper_units,known_test_rows,rows_with_direct_journal_provenance,rows_with_paper_grouping,rows_with_paper_level_dn,rows_with_explicit_main_selector,rows_with_implemented_paper_collapse,rows_currently_plotted,what_it_is_why_possible_candidate,confirmed_fields,why_in_out,n_obs_in
Plot 2,included,DARPA SCORE / COS claims,score_cos_claims,3193,3684,current published-paper figure includes this source corpus,"Parser yields 2,893 free-text claim rows and 791 structured focal-test rows with D/N; representative/focal claims from journal papers, but not guaranteed declared headline treatment result.",parsed with caveats,business; economics and finance; education; political science; +2 more,score_extracted_claims_free_text; score_structured_orig_outcomes,sampled_social_behavioral_journal_claims,0.3169073933594158,349.0,DARPA SCORE / COS claims,score_cos_claims,tyner2026,score extracted claims free text; score structured orig outcomes; scope: sampled social behavioral journal claims; field(s): business; economics and finance; education; political science; +2 more.,3193,3193,3684,3193,3193,3193,0,3193,3193,"Social and behavioral claims sampled for DARPA SCORE/COS. Possible Plot 2 candidate because the sampled journal claims expose enough N/effect/p text to reconstruct paper-level D/N, though many rows are claim-level rather than declared headline results.","Known: 3,193 paper units, 3,684 test/effect rows. Confirmed: journal provenance: yes (3,193); paper grouping: yes (3,193); paper D/N: yes (3,193); main selector: no.","Included: parsed with caveats. Parser yields 2,893 free-text claim rows and 791 structured focal-test rows with D/N; representative/focal claims from journal papers, but not guaranteed declared headline treatment result.",3193
Plot 2,included,metaBUS open Bosco subset,metabus_open_bosco,1999,169135,current published-paper figure includes this source corpus,Peer-reviewed JAP/Personnel Psychology correlation rows; useful D/N article corpus but not treatment/main-claim effects.,not treatment effects,io_psychology_management,published_original_journal_correlation_matrix,published_jap_personnel_psychology,0.3765140661180163,181.0,metaBUS open Bosco subset,metabus_open_bosco,bosco2020metabus,published original journal correlation matrix; scope: published jap personnel psychology; field(s): io psychology management.,1999,1999,169135,1999,1999,1999,0,1999,1999,Open metaBUS subset for Journal of Applied Psychology and Personnel Psychology correlations. Possible candidate because the rows are peer-reviewed article effects with r and N; the caveat is that they are correlational personnel-psychology effects rather than treatment or headline-result rows.,"Known: 1,999 paper units, 169,135 test/effect rows. Confirmed: journal provenance: yes (1,999); paper grouping: yes (1,999); paper D/N: yes (1,999); main selector: no.",Included: not treatment effects. Peer-reviewed JAP/Personnel Psychology correlation rows; useful D/N article corpus but not treatment/main-claim effects.,1999
Plot 2,included,FORRT FReD,forrt_fred,796,1969,current published-paper figure includes this source corpus,"Parser yields 1,969 original-claim rows across 762 DOI units; rows are replication targets, usually focal claims, but not broad journal sampling and not always treatments.",parsed with caveats,Animal Psychology; Clinical Psychology; Cognitive Psychology; Cognitive psychology; +36 more,replication_target_original_claim,published_original_claims_selected_for_replication,0.5869069755789904,99.25,FORRT FReD,forrt_fred,tosh2024,replication target original claim; scope: published original claims selected for replication; field(s): Animal Psychology; Clinical Psychology; Cognitive Psychology; Cognitive psychology; +36 more.,796,796,1969,796,796,796,796,796,796,"FORRT/FReD original findings selected for documented replications. Possible candidate because original-side titles, DOIs, N, and effects are available for many replication targets; the caveat is replication-target selection rather than broad journal sampling.","Known: 796 paper units, 1,969 test/effect rows. Confirmed: journal provenance: yes (796); paper grouping: yes (796); paper D/N: yes (796); main selector: yes (796).","Included: parsed with caveats. Parser yields 1,969 original-claim rows across 762 DOI units; rows are replication targets, usually focal claims, but not broad journal sampling and not always treatments.",796
Plot 2,included,Schäfer/Schwarz psychology articles (without preregistration),schaefer_schwarz_2019_without_prereg,682,682,current published-paper figure includes this source corpus,Random psychology-paper sample with coded key-question effects from non-preregistered articles; public rows include D/N but not DOI/title metadata.,key-effect psychology sample,psychology,published_original_psychology_article_key_effect,random_sample_psychology_articles,0.7717436331412897,68.5,Schäfer/Schwarz psychology articles (without preregistration),schaefer_schwarz_2019_without_prereg,schaefer2019meaningfulness,published original psychology article key effect; scope: random sample psychology articles; field(s): psychology.,682,682,682,682,682,682,682,682,682,Schäfer/Schwarz non-preregistered psychology-article sample. Possible candidate because each sampled paper has a coded key-question effect with recoverable D/N.,"Known: 682 paper units, 682 test/effect rows. Confirmed: journal provenance: yes (682); paper grouping: yes (682); paper D/N: yes (682); main selector: yes (682).",Included: key-effect psychology sample. Random psychology-paper sample with coded key-question effects from non-preregistered articles; public rows include D/N but not DOI/title metadata.,682
Plot 2,included,Button/Nord neuroscience,button_nord_neuroscience,649,688,current published-paper figure includes this source corpus,Published-study rows from meta-analyses; no direct journal-paper main-result flag.,meta-analysis-mediated,neuroscience,published_meta_analysis_primary_studies,published_primary_studies,0.2126268695516995,107.0,Button/Nord neuroscience,button_nord_neuroscience,button2013,published meta analysis primary studies; scope: published primary studies; field(s): neuroscience.,649,649,688,0,649,649,0,649,649,Primary studies appearing in neuroscience meta-analyses. Possible candidate because D/N is recoverable at the published-study level; the caveat is meta-analysis mediation rather than direct paper-main-result extraction.,"Known: 649 paper units, 688 test/effect rows. Confirmed: journal provenance: no; paper grouping: yes (649); paper D/N: yes (649); main selector: no.",Included: meta-analysis-mediated. Published-study rows from meta-analyses; no direct journal-paper main-result flag.,649
Plot 2,included,Motyl social/personality critical tests,motyl_2017_critical_tests,540,1305,current published-paper figure includes this source corpus,Sampled social/personality journal articles with coded critical hypothesized tests; useful focal-result corpus but some papers contribute multiple study-level tests.,critical hypothesized-test sample,psychology_social_personality,published_original_article_critical_hypothesized_test,sampled_social_personality_journal_articles,0.614241532257046,93.75,Motyl social/personality critical tests,motyl_2017_critical_tests,motyl2017state,published original article critical hypothesized test; scope: sampled social personality journal articles; field(s): psychology social personality.,540,540,1305,540,540,540,540,540,540,"Motyl social/personality article sample with coded critical hypothesized tests. Possible candidate because the tests are close to focal claims, though some papers contribute multiple study-level tests.","Known: 540 paper units, 1,305 test/effect rows. Confirmed: journal provenance: yes (540); paper grouping: yes (540); paper D/N: yes (540); main selector: yes (540).",Included: critical hypothesized-test sample. Sampled social/personality journal articles with coded critical hypothesized tests; useful focal-result corpus but some papers contribute multiple study-level tests.,540
Plot 2,included,Kühberger psychology main results,kuhberger_2014_main_results,472,472,current published-paper figure includes this source corpus,Random-sample psychology article corpus with one coded main-question result per paper and D/N recovered from the public SAV.,clean psychology main-result sample,psychology,published_original_psychology_article_main_result,random_sample_psychology_articles,0.7228785,94.0,Kühberger psychology main results,kuhberger_2014_main_results,kuhberger2014publicationBias,published original psychology article main result; scope: random sample psychology articles; field(s): psychology.,472,472,472,472,472,472,472,472,472,Kühberger psychology main-result corpus. Possible candidate because it is a random psychology-article sample with one coded main-question result per paper and recoverable D/N.,"Known: 472 paper units, 472 test/effect rows. Confirmed: journal provenance: yes (472); paper grouping: yes (472); paper D/N: yes (472); main selector: yes (472).",Included: clean psychology main-result sample. Random-sample psychology article corpus with one coded main-question result per paper and D/N recovered from the public SAV.,472
Plot 2,included,replication-pair original-side bridge,replication_pair_originals_bridge,431,635,current published-paper figure includes this source corpus,Checks every row already plotted in the replication-pair figure and adds original-side D/N estimates only when the original DOI/title is not already represented in Plot 2; source is replication-target originals rather than broad journal sampling.,derived bridge from Plot 1 originals,experimental philosophy; management science; medicine; neuroscience; +3 more,replication_pair_original_side_estimate,original_claims_from_rule_qualified_replication_pairs,0.65,85.0,replication-pair original-side bridge,replication_pair_originals_bridge,,replication pair original side estimate; scope: original claims from rule qualified replication pairs; field(s): experimental philosophy; management science; medicine; neuroscience; +3 more.,431,431,635,0,431,431,431,431,431,Internal bridge from Plot 1 originals. Possible candidate because every plotted replication pair has an original-side D/N; the bridge adds only original DOI/title targets not already represented in Plot 2.,"Known: 431 paper units, 635 test/effect rows. Confirmed: journal provenance: no; paper grouping: yes (431); paper D/N: yes (431); main selector: yes (431).",Included: derived bridge from Plot 1 originals. Checks every row already plotted in the replication-pair figure and adds original-side D/N estimates only when the original DOI/title is not already represented in Plot 2; source is replication-target originals rather than broad journal sampling.,431
Plot 2,included,CliniFact published primary pairs,clinifact_published_primary_pairs,339,339,current published-paper figure includes this source corpus,Published trial reports linked to ClinicalTrials.gov primary outcomes through the local CliniFact bridge; conservative proxy for journal-side primary-result D/N.,registry-linked published primary-outcome proxy,medicine_rct,published_trial_result_registry_linked_primary_outcome,published_trial_reports_linked_to_ctgov_primary_outcomes,0.3307103797270649,215.0,CliniFact published primary pairs,clinifact_published_primary_pairs,zhang2025clinifact,published trial result registry linked primary outcome; scope: published trial reports linked to ctgov primary outcomes; field(s): medicine rct.,339,339,339,339,339,339,339,339,339,Published clinical-trial reports linked to registry primary outcomes through the local CliniFact bridge. Possible candidate because the rows are journal-side primary-outcome proxies with recoverable D/N.,"Known: 339 paper units, 339 test/effect rows. Confirmed: journal provenance: yes (339); paper grouping: yes (339); paper D/N: yes (339); main selector: yes (339).",Included: registry-linked published primary-outcome proxy. Published trial reports linked to ClinicalTrials.gov primary outcomes through the local CliniFact bridge; conservative proxy for journal-side primary-result D/N.,339
Plot 2,included,Olsson/Sundell social interventions,olsson_sundell_2023_social_interventions,250,250,current published-paper figure includes this source corpus,Published Swedish social-intervention effectiveness articles; primary-outcome flags are used for plotted rows and nonprimary rows remain comparator only.,primary social-intervention outcomes,social_intervention_research,published_original_article_effectiveness_result,published_swedish_social_intervention_articles,0.4305,89.0,Olsson/Sundell social interventions,olsson_sundell_2023_social_interventions,olsson2023publicationBias,published original article effectiveness result; scope: published swedish social intervention articles; field(s): social intervention research.,250,250,250,250,250,250,250,250,250,Published Swedish social-intervention effectiveness articles. Possible candidate because primary-outcome flags identify the plotted paper-level effectiveness results.,"Known: 250 paper units, 250 test/effect rows. Confirmed: journal provenance: yes (250); paper grouping: yes (250); paper D/N: yes (250); main selector: yes (250).",Included: primary social-intervention outcomes. Published Swedish social-intervention effectiveness articles; primary-outcome flags are used for plotted rows and nonprimary rows remain comparator only.,250
Plot 2,included,Brodeur economics corpus,economics_brodeur_2024,217,10071,current published-paper figure includes this source corpus,Rows are RCT/IV/DID table test statistics from published economics articles with N; no flag for the paper's main result.,causal-test corpus but not main-result selected,economics,published_economics_extracted_tests,published_top_journal_economics_tables,0.0714444670188614,2000.0,Brodeur economics corpus,economics_brodeur_2024,brodeur2020,published economics extracted tests; scope: published top journal economics tables; field(s): economics.,217,217,10071,217,217,217,0,217,217,"Published top-journal economics table tests from Brodeur-style p-value data. Possible candidate because RCT/IV/DID rows have N and test statistics, but no paper-main-result selector is available.","Known: 217 paper units, 10,071 test/effect rows. Confirmed: journal provenance: yes (217); paper grouping: yes (217); paper D/N: yes (217); main selector: no.",Included: causal-test corpus but not main-result selected. Rows are RCT/IV/DID table test statistics from published economics articles with N; no flag for the paper's main result.,217
Plot 2,included,MetaLab,metalab,188,894,current published-paper figure includes this source corpus,"Has D/N and peer_reviewed metadata, but effect rows are selected through meta-analytic databases rather than direct paper main-result extraction.",curated meta-analysis database,developmental_psychology,meta_analysis_curated_primary_studies,peer_reviewed_flag_available,0.5325,20.0,MetaLab,metalab,bergmann2018metalab,meta analysis curated primary studies; scope: peer reviewed flag available; field(s): developmental psychology.,188,202,926,0,202,202,0,188,188,"MetaLab developmental-psychology database. Possible candidate because peer-reviewed flags and D/N exist, but rows are curated through a meta-analytic database rather than direct journal extraction.","Known: 202 paper units, 926 test/effect rows. Confirmed: journal provenance: no; paper grouping: yes (202); paper D/N: yes (202); main selector: no.","Included: curated meta-analysis database. Has D/N and peer_reviewed metadata, but effect rows are selected through meta-analytic databases rather than direct paper main-result extraction.",188
Plot 2,included,Esarey/Wu political science main findings,esarey_wu_2016_political_science_main_findings,167,167,current published-paper figure includes this source corpus,Sampled political-science articles with author-coded main findings; parser keeps the authors' model==1 and number_of_dv==1 restriction.,author-coded political-science main findings,political_science,published_article_author_coded_main_finding,sampled_political_science_journal_main_findings,0.2332847374079217,722.0,Esarey/Wu political science main findings,esarey_wu_2016_political_science_main_findings,esareyWu2016,published article author coded main finding; scope: sampled political science journal main findings; field(s): political science.,167,167,167,167,167,167,167,167,167,Esarey/Wu political-science main-finding sample. Possible candidate because the source explicitly codes published article main findings and the local parser keeps the authors' focal model restriction.,"Known: 167 paper units, 167 test/effect rows. Confirmed: journal provenance: yes (167); paper grouping: yes (167); paper D/N: yes (167); main selector: yes (167).",Included: author-coded political-science main findings. Sampled political-science articles with author-coded main findings; parser keeps the authors' model==1 and number_of_dv==1 restriction.,167
Plot 2,included,Linden focal effects,linden_2024_focal_effects,158,158,current published-paper figure includes this source corpus,Random psychology-paper sample with author-coded focal effects; focal rows are plotted while random-effect rows are retained as comparator only.,focal psychology sample,psychology,published_original_psychology_article_focal_effect,random_sample_psychology_articles,0.63,83.5,Linden focal effects,linden_2024_focal_effects,linden2024publicationBiasPsychology,published original psychology article focal effect; scope: random sample psychology articles; field(s): psychology.,158,158,158,158,158,158,158,158,158,"Linden psychology focal-effect sample. Possible candidate because author-coded focal effects are recoverable with D/N, while non-focal random-effect rows remain comparator-only.","Known: 158 paper units, 158 test/effect rows. Confirmed: journal provenance: yes (158); paper grouping: yes (158); paper D/N: yes (158); main selector: yes (158).",Included: focal psychology sample. Random psychology-paper sample with author-coded focal effects; focal rows are plotted while random-effect rows are retained as comparator only.,158
Plot 2,included,Schäfer/Schwarz preregistered psychology articles,schaefer_schwarz_2019_with_prereg,89,89,current published-paper figure includes this source corpus,Preregistered psychology article sample from the same public corpus; key-question effects are D/N-ready and plotted separately from the non-preregistered sample.,preregistered key-effect psychology sample,psychology,published_original_psychology_article_key_effect,sampled_preregistered_psychology_articles,0.3267662477951968,268.0,Schäfer/Schwarz preregistered psychology articles,schaefer_schwarz_2019_with_prereg,schaefer2019meaningfulness,published original psychology article key effect; scope: sampled preregistered psychology articles; field(s): psychology.,89,89,89,89,89,89,89,89,89,Schäfer/Schwarz preregistered psychology-article sample. Possible candidate because each sampled paper has coded key-question effects with D/N and preregistration status.,"Known: 89 paper units, 89 test/effect rows. Confirmed: journal provenance: yes (89); paper grouping: yes (89); paper D/N: yes (89); main selector: yes (89).",Included: preregistered key-effect psychology sample. Preregistered psychology article sample from the same public corpus; key-question effects are D/N-ready and plotted separately from the non-preregistered sample.,89
Plot 2,included,Yun RCT numerical extraction,yun_llm_meta_analysis,85,401,current published-paper figure includes this source corpus,"Rows are intervention-comparator-outcome numerical RCT extractions from PMC full text; no primary-outcome flag, but Evidence Inference/SPIRIT metadata could support a heuristic selector.",ICO rows need selector,medicine_rct,published_original_rct_fulltext,published_pmc_rct,0.2895345846676045,77.0,Yun RCT numerical extraction,yun_llm_meta_analysis,yun2024llmExtraction,published original rct fulltext; scope: published pmc rct; field(s): medicine rct.,85,85,401,85,85,85,0,85,85,Numerical intervention-comparator-outcome rows extracted from PMC RCT full texts. Possible candidate because arm-level RCT statistics can yield D/N; the remaining caveat is missing primary-outcome selection.,"Known: 85 paper units, 401 test/effect rows. Confirmed: journal provenance: yes (85); paper grouping: yes (85); paper D/N: yes (85); main selector: no.","Included: ICO rows need selector. Rows are intervention-comparator-outcome numerical RCT extractions from PMC full text; no primary-outcome flag, but Evidence Inference/SPIRIT metadata could support a heuristic selector.",85
Plot 2,included,Havránek gasoline-income meta-analysis,havranek_gasoline_income,50,286,current published-paper figure includes this source corpus,"Source estimates have publication flags and observation counts, but rows are curated through meta-analysis datasets rather than direct journal main-result extraction.",meta-analysis-mediated,economics,economics_meta_analysis_primary_estimates,published_flag_when_available,2.848556676761537,18.0,Havránek gasoline-income meta-analysis,havranek_gasoline_income,havranekGasolineIncomeData,economics meta analysis primary estimates; scope: published flag when available; field(s): economics.,50,50,286,0,50,50,0,50,50,"Published-source estimates from the Havránek gasoline-income meta-analysis. Possible candidate because observations and effect estimates are present, but the rows are meta-analysis mediated rather than direct paper-main results.","Known: 50 paper units, 286 test/effect rows. Confirmed: journal provenance: no; paper grouping: yes (50); paper D/N: yes (50); main selector: no.","Included: meta-analysis-mediated. Source estimates have publication flags and observation counts, but rows are curated through meta-analysis datasets rather than direct journal main-result extraction.",50
Plot 2,included,academic nudge journals,dellavigna_linos_2022,43,106,current published-paper figure includes this source corpus,"Rows are intervention/treatment-arm effects with outcome and arm fields; mostsig can identify the most significant arm, not necessarily the main prespecified result.",treatment-arm selected but not primary-outcome flagged,economics_nudge,nudge_unit_trial_report; published_original_rct_journal,mixed_published_unpublished_reports; published_academic_journals,0.0662282229967441,4007.0,academic nudge journals,dellavigna_linos_2022,dellavigna2022,nudge unit trial report; published original rct journal; scope: mixed published unpublished reports; published academic journals; field(s): economics nudge.,43,43,106,43,43,43,0,43,43,"Academic nudge RCT rows from DellaVigna/Linos. Possible candidate because journal-published treatment-arm effects have outcome and arm fields; the strongest available selector is most-significant arm, not prespecified primary outcome.","Known: 43 paper units, 106 test/effect rows. Confirmed: journal provenance: yes (43); paper grouping: yes (43); paper D/N: yes (43); main selector: no.","Included: treatment-arm selected but not primary-outcome flagged. Rows are intervention/treatment-arm effects with outcome and arm fields; mostsig can identify the most significant arm, not necessarily the main prespecified result.",43
Plot 2,included,Havránek EIS,havranek_eis,33,566,current published-paper figure includes this source corpus,"Rows are source estimates curated for meta-analyses; some publication flags exist, but not paper-main-result flags.",meta-analysis-mediated,economics,economics_meta_analysis_primary_estimates,published_flag_when_available,0.2390169957994546,239.0,Havránek EIS,havranek_eis,havranek2015,economics meta analysis primary estimates; scope: published flag when available; field(s): economics.,33,169,2717,0,169,169,0,33,33,"Economics source estimates from the Havránek EIS/meta-analysis.cz series. Possible candidate because D/N can be reconstructed for published estimates, but rows are meta-analysis mediated and not paper-main-result selected.","Known: 169 paper units, 2,717 test/effect rows. Confirmed: journal provenance: no; paper grouping: yes (169); paper D/N: yes (169); main selector: no.","Included: meta-analysis-mediated. Rows are source estimates curated for meta-analyses; some publication flags exist, but not paper-main-result flags.",33
Plot 2,included,Havránek substitution meta-analysis,havranek_substitution,33,566,current published-paper figure includes this source corpus,"Source estimates have publication flags and observation counts, but rows are curated through meta-analysis datasets rather than direct journal main-result extraction.",meta-analysis-mediated,economics,economics_meta_analysis_primary_estimates,published_flag_when_available,0.2390169957994546,239.0,Havránek substitution meta-analysis,havranek_substitution,havranek2015,economics meta analysis primary estimates; scope: published flag when available; field(s): economics.,33,33,566,0,33,33,0,33,33,"Economics source estimates from a Havránek substitution meta-analysis. Possible candidate because publication flags and observation counts exist, but rows are meta-analysis mediated.","Known: 33 paper units, 566 test/effect rows. Confirmed: journal provenance: no; paper grouping: yes (33); paper D/N: yes (33); main selector: no.","Included: meta-analysis-mediated. Source estimates have publication flags and observation counts, but rows are curated through meta-analysis datasets rather than direct journal main-result extraction.",33
Plot 2,included,Havránek Armington meta-analysis,havranek_armington,24,1383,current published-paper figure includes this source corpus,"Source estimates have publication flags and observation counts, but rows are curated through meta-analysis datasets rather than direct journal main-result extraction.",meta-analysis-mediated,economics,economics_meta_analysis_primary_estimates,published_flag_when_available,1.3368528808361821,20.5,Havránek Armington meta-analysis,havranek_armington,havranekArmingtonData,economics meta analysis primary estimates; scope: published flag when available; field(s): economics.,24,24,1383,0,24,24,0,24,24,"Economics source estimates from the Havránek Armington meta-analysis. Possible candidate because publication flags and observation counts exist, but rows are meta-analysis mediated.","Known: 24 paper units, 1,383 test/effect rows. Confirmed: journal provenance: no; paper grouping: yes (24); paper D/N: yes (24); main selector: no.","Included: meta-analysis-mediated. Source estimates have publication flags and observation counts, but rows are curated through meta-analysis datasets rather than direct journal main-result extraction.",24
Plot 2,included,antidepressant journal rows,turner_antidepressants_2022,23,35,current published-paper figure includes this source corpus,Rows are trial antidepressant efficacy effects; journal rows can be compared to FDA/regulatory rows.,clean main efficacy calibration,medicine_psychiatry,journal_publication,published_journal,0.271363,383.5,antidepressant journal rows,turner_antidepressants_2022,turner2008,journal publication; scope: published journal; field(s): medicine psychiatry.,23,23,35,23,23,23,23,23,23,"Published antidepressant efficacy rows from Turner-style journal/regulatory comparisons. Possible candidate because journal-side trial efficacy effects are clean, small, and D/N-ready.","Known: 23 paper units, 35 test/effect rows. Confirmed: journal provenance: yes (23); paper grouping: yes (23); paper D/N: yes (23); main selector: yes (23).",Included: clean main efficacy calibration. Rows are trial antidepressant efficacy effects; journal rows can be compared to FDA/regulatory rows.,23
Plot 2,included,RPCB cancer biology original effects,rpcb_cancer_biology,20,135,current published-paper figure includes this source corpus,Original published-paper effects selected for replication; close to key-claim effects but small and replication-project selected rather than broad journal-sampled.,project-selected key effects,preclinical_cancer_biology,published_original_preclinical,original_published_vs_registered_replication,2.281306,11.25,RPCB cancer biology original effects,rpcb_cancer_biology,errington2021,published original preclinical; scope: original published vs registered replication; field(s): preclinical cancer biology.,20,20,135,20,20,20,20,20,20,"Original published preclinical cancer-biology effects selected for RPCB replication. Possible candidate because they are key original claims with D/N, but they are project-selected rather than broad journal-sampled.","Known: 20 paper units, 135 test/effect rows. Confirmed: journal provenance: yes (20); paper grouping: yes (20); paper D/N: yes (20); main selector: yes (20).",Included: project-selected key effects. Original published-paper effects selected for replication; close to key-claim effects but small and replication-project selected rather than broad journal-sampled.,20
Plot 2,included,Havránek Frisch extensive-margin meta-analysis,havranek_frisch_extensive,16,367,current published-paper figure includes this source corpus,"Source estimates have publication flags and observation counts, but rows are curated through meta-analysis datasets rather than direct journal main-result extraction.",meta-analysis-mediated,economics,economics_meta_analysis_primary_estimates,published_flag_when_available,0.15860027509609526,13668.25,Havránek Frisch extensive-margin meta-analysis,havranek_frisch_extensive,havranekFrischData,economics meta analysis primary estimates; scope: published flag when available; field(s): economics.,16,16,367,0,16,16,0,16,16,"Economics source estimates from the Havránek Frisch extensive-margin meta-analysis. Possible candidate because publication flags and observation counts exist, but rows are meta-analysis mediated.","Known: 16 paper units, 367 test/effect rows. Confirmed: journal provenance: no; paper grouping: yes (16); paper D/N: yes (16); main selector: no.","Included: meta-analysis-mediated. Source estimates have publication flags and observation counts, but rows are curated through meta-analysis datasets rather than direct journal main-result extraction.",16
Plot 2,included,Gechert/Havránek sigma meta-analysis,havranek_sigma,6,51,current published-paper figure includes this source corpus,"Source estimates have publication flags and observation counts, but rows are curated through meta-analysis datasets rather than direct journal main-result extraction.",meta-analysis-mediated,economics,economics_meta_analysis_primary_estimates,published_flag_when_available,1.3539707007225514,55.0,Gechert/Havránek sigma meta-analysis,havranek_sigma,gechert2022,economics meta analysis primary estimates; scope: published flag when available; field(s): economics.,6,6,51,0,6,6,0,6,6,"Economics source estimates from the Gechert/Havránek sigma meta-analysis. Possible candidate because publication flags and observation counts exist, but rows are meta-analysis mediated.","Known: 6 paper units, 51 test/effect rows. Confirmed: journal provenance: no; paper grouping: yes (6); paper D/N: yes (6); main selector: no.","Included: meta-analysis-mediated. Source estimates have publication flags and observation counts, but rows are curated through meta-analysis datasets rather than direct journal main-result extraction.",6
Plot 2,included,Havránek Frisch intensive-margin meta-analysis,havranek_frisch_intensive,4,36,current published-paper figure includes this source corpus,"Source estimates have publication flags and observation counts, but rows are curated through meta-analysis datasets rather than direct journal main-result extraction.",meta-analysis-mediated,economics,economics_meta_analysis_primary_estimates,published_flag_when_available,0.0683575364428284,13218.75,Havránek Frisch intensive-margin meta-analysis,havranek_frisch_intensive,havranekFrischData,economics meta analysis primary estimates; scope: published flag when available; field(s): economics.,4,4,36,0,4,4,0,4,4,"Economics source estimates from the Havránek Frisch intensive-margin meta-analysis. Possible candidate because publication flags and observation counts exist, but rows are meta-analysis mediated.","Known: 4 paper units, 36 test/effect rows. Confirmed: journal provenance: no; paper grouping: yes (4); paper D/N: yes (4); main selector: no.","Included: meta-analysis-mediated. Source estimates have publication flags and observation counts, but rows are curated through meta-analysis datasets rather than direct journal main-result extraction.",4
Plot 2,not_included,AACT x PubMed primary outcomes,aact_pubmed_primary_outcomes,0,0,not started,Potential large medical proxy: primary registry outcome rows linked to PMIDs; not journal-extracted article results and registry-publication disagreements are expected.,not started,,,,,,AACT x PubMed primary outcomes,aact_pubmed_primary_outcomes,du2024,not started,0,,,0,0,0,0,0,0,"AACT/PubMed registered-primary-outcome bridge. Possible candidate because registry primary outcomes can identify focal medical endpoints, but this is not yet a journal-extracted article-result table.",Known: source count not confirmed locally. Confirmed: journal provenance: no; paper grouping: no; paper D/N: no; main selector: no.,Not included: not started. Potential large medical proxy: primary registry outcome rows linked to PMIDs; not journal-extracted article results and registry-publication disagreements are expected.,0
Plot 2,not_included,Aczel negative-claim t-test comparator,aczel_2018_negative_claim_ttests,30,62,"local D/N comparator, excluded by policy","Public Aczel et al. null-hypothesis support audit yields 62 usable t-test D/N rows across 30 paper units after applying the authors' strict analyzable-subset rule. It is not included because the selection rule targets negative or nonsignificant claims, not focal published-paper endpoints.",comparator-only negative-claim audit,psychology,published_article_negative_claim_ttest,sampled_psychology_articles_with_negative_abstract_claims,0.10966074334156105,54.5,Aczel negative-claim t-test comparator,aczel_2018_negative_claim_ttests,,comparator-only negative-claim audit,0,30,62,30,30,30,0,30,0,Aczel et al. null-hypothesis/negative-claim psychology audit. Possible candidate because the public table contains published article t tests with recoverable D/N; the caveat is that rows are selected from negative or nonsignificant claims rather than focal published claims.,"Known: 30 paper units, 62 test/effect rows. Confirmed: journal provenance: yes (30); paper grouping: yes (30); paper D/N: yes (30); main selector: no.","Not included: comparator-only negative-claim audit. Public Aczel et al. null-hypothesis support audit yields 62 usable t-test D/N rows across 30 paper units after applying the authors' strict analyzable-subset rule. It is not included because the selection rule targets negative or nonsignificant claims, not focal published-paper endpoints.",0
Plot 2,not_included,ArelBundock political science via BEAR,arelbundock_political_science_bear,0,0,meta-analysis-mediated,"Rows come through peer-reviewed meta-analyses; underlying source rows may be journals, working papers, or reports and no main-result flag exists.",meta-analysis-mediated,,,,,,ArelBundock political science via BEAR,arelbundock_political_science_bear,arelbundock2026underpowered,meta-analysis-mediated,0,,,0,0,0,0,0,0,"Political-science estimates routed through BEAR/meta-analytic sources. Possible candidate because effects and Ns can exist, but source rows mix journals, reports, and working papers and lack direct main-result flags.",Known: source count not confirmed locally. Confirmed: journal provenance: no; paper grouping: no; paper D/N: no; main selector: no.,"Not included: meta-analysis-mediated. Rows come through peer-reviewed meta-analyses; underlying source rows may be journals, working papers, or reports and no main-result flag exists.",0
Plot 2,not_included,ClinicalTrials.gov registry-results comparator,ctgov_finer_grained_kg,7722,108196,"local D/N comparator, excluded by policy","The finer-grained ClinicalTrials.gov results extraction has primary registry-result D/N proxies for 7,722 trial/outcome units. It is not included because Plot 2 is a published-paper endpoint plot, while these rows are registry results rather than journal-published article endpoints.",registry-results comparator,clinical_trials_registry,registry_results,clinicaltrials_gov_results,0.23291726924744616,231.0,ClinicalTrials.gov registry-results comparator,ctgov_finer_grained_kg,du2024,registry-results comparator,0,7722,108196,0,7722,7722,0,7722,0,"ClinicalTrials.gov registry-results extraction. Possible D/N comparator because registry primary-result rows expose N and p-value-derived effect proxies, but it is registry evidence rather than published-paper endpoints.","Known: 7,722 paper units, 108,196 test/effect rows. Confirmed: journal provenance: no; paper grouping: yes (7,722); paper D/N: yes (7,722); main selector: no.","Not included: registry-results comparator. The finer-grained ClinicalTrials.gov results extraction has primary registry-result D/N proxies for 7,722 trial/outcome units. It is not included because Plot 2 is a published-paper endpoint plot, while these rows are registry results rather than journal-published article endpoints.",0
Plot 2,not_included,GWAS Catalog,gwas_catalog,0,0,excluded comparator,Paper-linked curated genome-wide-significant association hits; not sampled article-level journal treatment/results rows.,excluded comparator,,,,,,GWAS Catalog,gwas_catalog,yengo2022,excluded comparator,0,6711,1090919,0,6711,6711,0,0,0,"Curated published genome-wide-significant association hits. Possible candidate for a large D/N surface because sample sizes and effects exist, but it is not a sampled article-level treatment/result corpus.","Known: 6,711 paper units, 1,090,919 test/effect rows. Confirmed: journal provenance: no; paper grouping: yes (6,711); paper D/N: yes (6,711); main selector: no.",Not included: excluded comparator. Paper-linked curated genome-wide-significant association hits; not sampled article-level journal treatment/results rows.,0
Plot 2,not_included,Linden random-effect comparator rows,linden_2024_random_effects,158,158,"local D/N comparator, excluded by policy","The Linden random-effect rows cover the same 158 sampled psychology papers as the included focal-effect rows, but they are deliberately non-focal within-paper comparator effects. Plot 2 keeps the author-coded focal effects and excludes these random-effect counterparts.",random-effect comparator from an included source,psychology,published_original_psychology_article_random_effect,random_sample_psychology_articles,0.54,82.0,Linden random-effect comparator rows,linden_2024_random_effects,linden2024publicationBiasPsychology,random-effect comparator from an included source,0,158,158,158,158,158,0,158,0,"Random-effect counterpart from the Linden psychology sample. Possible candidate because it has one random effect per sampled paper with D/N, but it is intentionally held out as a comparator to the focal-effect selection used in Plot 2.","Known: 158 paper units, 158 test/effect rows. Confirmed: journal provenance: yes (158); paper grouping: yes (158); paper D/N: yes (158); main selector: no.","Not included: random-effect comparator from an included source. The Linden random-effect rows cover the same 158 sampled psychology papers as the included focal-effect rows, but they are deliberately non-focal within-paper comparator effects. Plot 2 keeps the author-coded focal effects and excludes these random-effect counterparts.",0
Plot 2,not_included,Olivier 2024 cardiovascular RCTs,olivier_2024_cardio_rcts,0,0,author-request target,344 major cardiovascular RCTs with primary endpoints and 263 superiority effect-size rows reported by article; no public row-level CSV located.,author-request target,,,,,,Olivier 2024 cardiovascular RCTs,olivier_2024_cardio_rcts,olivier2024cardioRcts,author-request target,0,344,,344,344,263,344,0,0,Olivier cardiovascular RCT corpus. Possible candidate because the article reports 344 major cardiovascular RCTs with primary endpoints and 263 superiority effect-size rows; it stays out until a public row-level file or local reconstruction exists.,Known: 344 paper units. Confirmed: journal provenance: yes (344); paper grouping: yes (344); paper D/N: 263/344; main selector: yes (344).,Not included: author-request target. 344 major cardiovascular RCTs with primary endpoints and 263 superiority effect-size rows reported by article; no public row-level CSV located.,0
Plot 2,not_included,Szucs & Ioannidis 2017,szucs_ioannidis_2017,0,0,row-level tests only for now,Published journal test-statistic corpus; no decoded paper grouping yet and no primary/main-result flag.,row-level tests only for now,,,,,,Szucs and Ioannidis test-statistic corpus,szucs_ioannidis_2017,szucs2017,row-level tests only for now,0,0,26796,0,0,0,0,0,0,Szucs/Ioannidis cognitive-neuroscience and psychology test-statistic corpus. Possible candidate because journal test statistics can be converted to D/N; it stays out until paper grouping and main-result selection are decoded.,"Known: 0 paper units, 26,796 test/effect rows. Confirmed: journal provenance: no; paper grouping: no; paper D/N: no; main selector: no.",Not included: row-level tests only for now. Published journal test-statistic corpus; no decoded paper grouping yet and no primary/main-result flag.,0
Plot 2,not_included,statcheck psychology,psychology_statcheck,0,0,not main-result selected,All extractable APA test statistics from journal articles; no primary/main/treatment-result flag.,not main-result selected,,,,,,statcheck psychology corpus,psychology_statcheck,hartgerink2016,not main-result selected,0,13889,,13889,13889,13889,0,0,0,"All extractable APA-style significance tests from psychology journal articles. Possible candidate because it is direct journal text with test statistics and N/df, but it lacks paper-main-result selection.","Known: 13,889 paper units. Confirmed: journal provenance: yes (13,889); paper grouping: yes (13,889); paper D/N: yes (13,889); main selector: no.",Not included: not main-result selected. All extractable APA test statistics from journal articles; no primary/main/treatment-result flag.,0
