query_id	run_id	surface	endpoint_or_engine	query_family	query_string	params_json	date_run	cursor_or_page	rank_start	rank_end	n_returned	n_new_work_ids	n_new_candidate_pairs	raw_output_path	notes
01_metadata_replication_language_openalex_crossref_semanticscholar__dire_0001__openalex	2026-05-05_individual_replication_vast_search_batch002	openalex	openalex	01_metadata_replication_language	"""direct replication of"" ""Cohen's d"""	"{""rows_per_query"": 12}"	2026-05-06T00:49:26.937071+00:00	page1	1	12	12	12	4	steps/searches/figure1/individualrepsearch_api_batch002/raw/openalex/01_metadata_replication_language_openalex_crossref_semanticscholar_dire_0001_openalex.json	status=200; final_url=https://api.openalex.org/works?search=%22direct+replication+of%22+%22Cohen%27s+d%22&filter=from_publication_date%3A1990-01-01%2Ctype%3Aarticle&per-page=12&mailto=rexdouglass%40gmail.com&select=id%2Cdoi%2Ctitle%2Cdisplay_name%2Cpublication_year%2Cauthorships%2Cabstract_inverted_index%2Cprimary_location%2Clocations%2Ctype%2Ccited_by_count
01_metadata_replication_language_openalex_crossref_semanticscholar__dire_0001__crossref	2026-05-05_individual_replication_vast_search_batch002	crossref	crossref	01_metadata_replication_language	"""direct replication of"" ""Cohen's d"""	"{""rows_per_query"": 12}"	2026-05-06T00:49:28.094075+00:00	page1	1	12	12	12	7	steps/searches/figure1/individualrepsearch_api_batch002/raw/crossref/01_metadata_replication_language_openalex_crossref_semanticscholar_dire_0001_crossref.json	status=200; final_url=https://api.crossref.org/works?query.bibliographic=%22direct+replication+of%22+%22Cohen%27s+d%22&filter=type%3Ajournal-article%2Cfrom-pub-date%3A1990-01-01&rows=12&select=DOI%2Ctitle%2Cauthor%2Cissued%2Ccontainer-title%2Cabstract%2CURL%2Ctype&mailto=rexdouglass%40gmail.com
01_metadata_replication_language_openalex_crossref_semanticscholar__fail_0002__openalex	2026-05-05_individual_replication_vast_search_batch002	openalex	openalex	01_metadata_replication_language	"""failed to replicate"" ""Cohen's d"" ""original study"""	"{""rows_per_query"": 12}"	2026-05-06T00:49:35.361067+00:00	page1	1	12	12	12	3	steps/searches/figure1/individualrepsearch_api_batch002/raw/openalex/01_metadata_replication_language_openalex_crossref_semanticscholar_fail_0002_openalex.json	status=200; final_url=https://api.openalex.org/works?search=%22failed+to+replicate%22+%22Cohen%27s+d%22+%22original+study%22&filter=from_publication_date%3A1990-01-01%2Ctype%3Aarticle&per-page=12&mailto=rexdouglass%40gmail.com&select=id%2Cdoi%2Ctitle%2Cdisplay_name%2Cpublication_year%2Cauthorships%2Cabstract_inverted_index%2Cprimary_location%2Clocations%2Ctype%2Ccited_by_count
01_metadata_replication_language_openalex_crossref_semanticscholar__fail_0002__crossref	2026-05-05_individual_replication_vast_search_batch002	crossref	crossref	01_metadata_replication_language	"""failed to replicate"" ""Cohen's d"" ""original study"""	"{""rows_per_query"": 12}"	2026-05-06T00:49:36.361093+00:00	page1	1	12	12	12	3	steps/searches/figure1/individualrepsearch_api_batch002/raw/crossref/01_metadata_replication_language_openalex_crossref_semanticscholar_fail_0002_crossref.json	status=200; final_url=https://api.crossref.org/works?query.bibliographic=%22failed+to+replicate%22+%22Cohen%27s+d%22+%22original+study%22&filter=type%3Ajournal-article%2Cfrom-pub-date%3A1990-01-01&rows=12&select=DOI%2Ctitle%2Cauthor%2Cissued%2Ccontainer-title%2Cabstract%2CURL%2Ctype&mailto=rexdouglass%40gmail.com
01_metadata_replication_language_openalex_crossref_semanticscholar__fail_0003__openalex	2026-05-05_individual_replication_vast_search_batch002	openalex	openalex	01_metadata_replication_language	"""failure to replicate"" ""effect size"" ""sample size"""	"{""rows_per_query"": 12}"	2026-05-06T00:49:39.764817+00:00	page1	1	12	12	12	1	steps/searches/figure1/individualrepsearch_api_batch002/raw/openalex/01_metadata_replication_language_openalex_crossref_semanticscholar_fail_0003_openalex.json	status=200; final_url=https://api.openalex.org/works?search=%22failure+to+replicate%22+%22effect+size%22+%22sample+size%22&filter=from_publication_date%3A1990-01-01%2Ctype%3Aarticle&per-page=12&mailto=rexdouglass%40gmail.com&select=id%2Cdoi%2Ctitle%2Cdisplay_name%2Cpublication_year%2Cauthorships%2Cabstract_inverted_index%2Cprimary_location%2Clocations%2Ctype%2Ccited_by_count
01_metadata_replication_language_openalex_crossref_semanticscholar__fail_0003__crossref	2026-05-05_individual_replication_vast_search_batch002	crossref	crossref	01_metadata_replication_language	"""failure to replicate"" ""effect size"" ""sample size"""	"{""rows_per_query"": 12}"	2026-05-06T00:49:40.735987+00:00	page1	1	12	12	12	0	steps/searches/figure1/individualrepsearch_api_batch002/raw/crossref/01_metadata_replication_language_openalex_crossref_semanticscholar_fail_0003_crossref.json	status=200; final_url=https://api.crossref.org/works?query.bibliographic=%22failure+to+replicate%22+%22effect+size%22+%22sample+size%22&filter=type%3Ajournal-article%2Cfrom-pub-date%3A1990-01-01&rows=12&select=DOI%2Ctitle%2Cauthor%2Cissued%2Ccontainer-title%2Cabstract%2CURL%2Ctype&mailto=rexdouglass%40gmail.com
01_metadata_replication_language_openalex_crossref_semanticscholar__firs_0004__openalex	2026-05-05_individual_replication_vast_search_batch002	openalex	openalex	01_metadata_replication_language	"""first direct replication"" ""effect size"""	"{""rows_per_query"": 12}"	2026-05-06T00:49:45.325256+00:00	page1	1	12	8	8	2	steps/searches/figure1/individualrepsearch_api_batch002/raw/openalex/01_metadata_replication_language_openalex_crossref_semanticscholar_firs_0004_openalex.json	status=200; final_url=https://api.openalex.org/works?search=%22first+direct+replication%22+%22effect+size%22&filter=from_publication_date%3A1990-01-01%2Ctype%3Aarticle&per-page=12&mailto=rexdouglass%40gmail.com&select=id%2Cdoi%2Ctitle%2Cdisplay_name%2Cpublication_year%2Cauthorships%2Cabstract_inverted_index%2Cprimary_location%2Clocations%2Ctype%2Ccited_by_count
01_metadata_replication_language_openalex_crossref_semanticscholar__firs_0004__crossref	2026-05-05_individual_replication_vast_search_batch002	crossref	crossref	01_metadata_replication_language	"""first direct replication"" ""effect size"""	"{""rows_per_query"": 12}"	2026-05-06T00:49:46.249240+00:00	page1	1	12	12	12	3	steps/searches/figure1/individualrepsearch_api_batch002/raw/crossref/01_metadata_replication_language_openalex_crossref_semanticscholar_firs_0004_crossref.json	status=200; final_url=https://api.crossref.org/works?query.bibliographic=%22first+direct+replication%22+%22effect+size%22&filter=type%3Ajournal-article%2Cfrom-pub-date%3A1990-01-01&rows=12&select=DOI%2Ctitle%2Cauthor%2Cissued%2Ccontainer-title%2Cabstract%2CURL%2Ctype&mailto=rexdouglass%40gmail.com
01_metadata_replication_language_openalex_crossref_semanticscholar__high_0005__openalex	2026-05-05_individual_replication_vast_search_batch002	openalex	openalex	01_metadata_replication_language	"""high-powered replication"" ""original effect"""	"{""rows_per_query"": 12}"	2026-05-06T00:49:51.455848+00:00	page1	1	12	12	12	2	steps/searches/figure1/individualrepsearch_api_batch002/raw/openalex/01_metadata_replication_language_openalex_crossref_semanticscholar_high_0005_openalex.json	status=200; final_url=https://api.openalex.org/works?search=%22high-powered+replication%22+%22original+effect%22&filter=from_publication_date%3A1990-01-01%2Ctype%3Aarticle&per-page=12&mailto=rexdouglass%40gmail.com&select=id%2Cdoi%2Ctitle%2Cdisplay_name%2Cpublication_year%2Cauthorships%2Cabstract_inverted_index%2Cprimary_location%2Clocations%2Ctype%2Ccited_by_count
01_metadata_replication_language_openalex_crossref_semanticscholar__high_0005__crossref	2026-05-05_individual_replication_vast_search_batch002	crossref	crossref	01_metadata_replication_language	"""high-powered replication"" ""original effect"""	"{""rows_per_query"": 12}"	2026-05-06T00:49:52.294539+00:00	page1	1	12	12	12	4	steps/searches/figure1/individualrepsearch_api_batch002/raw/crossref/01_metadata_replication_language_openalex_crossref_semanticscholar_high_0005_crossref.json	status=200; final_url=https://api.crossref.org/works?query.bibliographic=%22high-powered+replication%22+%22original+effect%22&filter=type%3Ajournal-article%2Cfrom-pub-date%3A1990-01-01&rows=12&select=DOI%2Ctitle%2Cauthor%2Cissued%2Ccontainer-title%2Cabstract%2CURL%2Ctype&mailto=rexdouglass%40gmail.com
01_metadata_replication_language_openalex_crossref_semanticscholar__pre__0006__openalex	2026-05-05_individual_replication_vast_search_batch002	openalex	openalex	01_metadata_replication_language	"""pre-registered replication"" ""original effect"""	"{""rows_per_query"": 12}"	2026-05-06T00:49:58.451688+00:00	page1	1	12	12	12	3	steps/searches/figure1/individualrepsearch_api_batch002/raw/openalex/01_metadata_replication_language_openalex_crossref_semanticscholar_pre_0006_openalex.json	status=200; final_url=https://api.openalex.org/works?search=%22pre-registered+replication%22+%22original+effect%22&filter=from_publication_date%3A1990-01-01%2Ctype%3Aarticle&per-page=12&mailto=rexdouglass%40gmail.com&select=id%2Cdoi%2Ctitle%2Cdisplay_name%2Cpublication_year%2Cauthorships%2Cabstract_inverted_index%2Cprimary_location%2Clocations%2Ctype%2Ccited_by_count
01_metadata_replication_language_openalex_crossref_semanticscholar__pre__0006__crossref	2026-05-05_individual_replication_vast_search_batch002	crossref	crossref	01_metadata_replication_language	"""pre-registered replication"" ""original effect"""	"{""rows_per_query"": 12}"	2026-05-06T00:49:59.389702+00:00	page1	1	12	12	12	8	steps/searches/figure1/individualrepsearch_api_batch002/raw/crossref/01_metadata_replication_language_openalex_crossref_semanticscholar_pre_0006_crossref.json	status=200; final_url=https://api.crossref.org/works?query.bibliographic=%22pre-registered+replication%22+%22original+effect%22&filter=type%3Ajournal-article%2Cfrom-pub-date%3A1990-01-01&rows=12&select=DOI%2Ctitle%2Cauthor%2Cissued%2Ccontainer-title%2Cabstract%2CURL%2Ctype&mailto=rexdouglass%40gmail.com
01_metadata_replication_language_openalex_crossref_semanticscholar__regi_0007__openalex	2026-05-05_individual_replication_vast_search_batch002	openalex	openalex	01_metadata_replication_language	"""registered replication report"" ""original study"""	"{""rows_per_query"": 12}"	2026-05-06T00:50:06.912221+00:00	page1	1	12	12	12	2	steps/searches/figure1/individualrepsearch_api_batch002/raw/openalex/01_metadata_replication_language_openalex_crossref_semanticscholar_regi_0007_openalex.json	status=200; final_url=https://api.openalex.org/works?search=%22registered+replication+report%22+%22original+study%22&filter=from_publication_date%3A1990-01-01%2Ctype%3Aarticle&per-page=12&mailto=rexdouglass%40gmail.com&select=id%2Cdoi%2Ctitle%2Cdisplay_name%2Cpublication_year%2Cauthorships%2Cabstract_inverted_index%2Cprimary_location%2Clocations%2Ctype%2Ccited_by_count
01_metadata_replication_language_openalex_crossref_semanticscholar__regi_0007__crossref	2026-05-05_individual_replication_vast_search_batch002	crossref	crossref	01_metadata_replication_language	"""registered replication report"" ""original study"""	"{""rows_per_query"": 12}"	2026-05-06T00:50:08.102237+00:00	page1	1	12	12	12	2	steps/searches/figure1/individualrepsearch_api_batch002/raw/crossref/01_metadata_replication_language_openalex_crossref_semanticscholar_regi_0007_crossref.json	status=200; final_url=https://api.crossref.org/works?query.bibliographic=%22registered+replication+report%22+%22original+study%22&filter=type%3Ajournal-article%2Cfrom-pub-date%3A1990-01-01&rows=12&select=DOI%2Ctitle%2Cauthor%2Cissued%2Ccontainer-title%2Cabstract%2CURL%2Ctype&mailto=rexdouglass%40gmail.com
01_metadata_replication_language_openalex_crossref_semanticscholar__two__0008__openalex	2026-05-05_individual_replication_vast_search_batch002	openalex	openalex	01_metadata_replication_language	"""two failures to replicate"" ""original"""	"{""rows_per_query"": 12}"	2026-05-06T00:50:12.104129+00:00	page1	1	12	12	12	4	steps/searches/figure1/individualrepsearch_api_batch002/raw/openalex/01_metadata_replication_language_openalex_crossref_semanticscholar_two_0008_openalex.json	status=200; final_url=https://api.openalex.org/works?search=%22two+failures+to+replicate%22+%22original%22&filter=from_publication_date%3A1990-01-01%2Ctype%3Aarticle&per-page=12&mailto=rexdouglass%40gmail.com&select=id%2Cdoi%2Ctitle%2Cdisplay_name%2Cpublication_year%2Cauthorships%2Cabstract_inverted_index%2Cprimary_location%2Clocations%2Ctype%2Ccited_by_count
01_metadata_replication_language_openalex_crossref_semanticscholar__two__0008__crossref	2026-05-05_individual_replication_vast_search_batch002	crossref	crossref	01_metadata_replication_language	"""two failures to replicate"" ""original"""	"{""rows_per_query"": 12}"	2026-05-06T00:50:13.169601+00:00	page1	1	12	12	12	1	steps/searches/figure1/individualrepsearch_api_batch002/raw/crossref/01_metadata_replication_language_openalex_crossref_semanticscholar_two_0008_crossref.json	status=200; final_url=https://api.crossref.org/works?query.bibliographic=%22two+failures+to+replicate%22+%22original%22&filter=type%3Ajournal-article%2Cfrom-pub-date%3A1990-01-01&rows=12&select=DOI%2Ctitle%2Cauthor%2Cissued%2Ccontainer-title%2Cabstract%2CURL%2Ctype&mailto=rexdouglass%40gmail.com
01_metadata_replication_language_openalex_crossref_semanticscholar__thre_0009__openalex	2026-05-05_individual_replication_vast_search_batch002	openalex	openalex	01_metadata_replication_language	"""three unsuccessful attempts to replicate"" ""original"""	"{""rows_per_query"": 12}"	2026-05-06T00:50:18.817164+00:00	page1	1	12	12	12	1	steps/searches/figure1/individualrepsearch_api_batch002/raw/openalex/01_metadata_replication_language_openalex_crossref_semanticscholar_thre_0009_openalex.json	status=200; final_url=https://api.openalex.org/works?search=%22three+unsuccessful+attempts+to+replicate%22+%22original%22&filter=from_publication_date%3A1990-01-01%2Ctype%3Aarticle&per-page=12&mailto=rexdouglass%40gmail.com&select=id%2Cdoi%2Ctitle%2Cdisplay_name%2Cpublication_year%2Cauthorships%2Cabstract_inverted_index%2Cprimary_location%2Clocations%2Ctype%2Ccited_by_count
01_metadata_replication_language_openalex_crossref_semanticscholar__thre_0009__crossref	2026-05-05_individual_replication_vast_search_batch002	crossref	crossref	01_metadata_replication_language	"""three unsuccessful attempts to replicate"" ""original"""	"{""rows_per_query"": 12}"	2026-05-06T00:50:19.611302+00:00	page1	1	12	12	12	4	steps/searches/figure1/individualrepsearch_api_batch002/raw/crossref/01_metadata_replication_language_openalex_crossref_semanticscholar_thre_0009_crossref.json	status=200; final_url=https://api.crossref.org/works?query.bibliographic=%22three+unsuccessful+attempts+to+replicate%22+%22original%22&filter=type%3Ajournal-article%2Cfrom-pub-date%3A1990-01-01&rows=12&select=DOI%2Ctitle%2Cauthor%2Cissued%2Ccontainer-title%2Cabstract%2CURL%2Ctype&mailto=rexdouglass%40gmail.com
01_metadata_replication_language_openalex_crossref_semanticscholar__we_a_0010__openalex	2026-05-05_individual_replication_vast_search_batch002	openalex	openalex	01_metadata_replication_language	"""we attempted to replicate"" ""effect size"" ""original"""	"{""rows_per_query"": 12}"	2026-05-06T00:50:22.252231+00:00	page1	1	12	12	12	6	steps/searches/figure1/individualrepsearch_api_batch002/raw/openalex/01_metadata_replication_language_openalex_crossref_semanticscholar_we_a_0010_openalex.json	status=200; final_url=https://api.openalex.org/works?search=%22we+attempted+to+replicate%22+%22effect+size%22+%22original%22&filter=from_publication_date%3A1990-01-01%2Ctype%3Aarticle&per-page=12&mailto=rexdouglass%40gmail.com&select=id%2Cdoi%2Ctitle%2Cdisplay_name%2Cpublication_year%2Cauthorships%2Cabstract_inverted_index%2Cprimary_location%2Clocations%2Ctype%2Ccited_by_count
01_metadata_replication_language_openalex_crossref_semanticscholar__we_a_0010__crossref	2026-05-05_individual_replication_vast_search_batch002	crossref	crossref	01_metadata_replication_language	"""we attempted to replicate"" ""effect size"" ""original"""	"{""rows_per_query"": 12}"	2026-05-06T00:50:23.384703+00:00	page1	1	12	12	12	0	steps/searches/figure1/individualrepsearch_api_batch002/raw/crossref/01_metadata_replication_language_openalex_crossref_semanticscholar_we_a_0010_crossref.json	status=200; final_url=https://api.crossref.org/works?query.bibliographic=%22we+attempted+to+replicate%22+%22effect+size%22+%22original%22&filter=type%3Ajournal-article%2Cfrom-pub-date%3A1990-01-01&rows=12&select=DOI%2Ctitle%2Cauthor%2Cissued%2Ccontainer-title%2Cabstract%2CURL%2Ctype&mailto=rexdouglass%40gmail.com
01_metadata_replication_language_openalex_crossref_semanticscholar__has__0011__openalex	2026-05-05_individual_replication_vast_search_batch002	openalex	openalex	01_metadata_replication_language	"""has not been replicated directly"" ""we report"""	"{""rows_per_query"": 12}"	2026-05-06T00:50:28.878886+00:00	page1	1	12	0	0	0	steps/searches/figure1/individualrepsearch_api_batch002/raw/openalex/01_metadata_replication_language_openalex_crossref_semanticscholar_has_0011_openalex.json	status=200; final_url=https://api.openalex.org/works?search=%22has+not+been+replicated+directly%22+%22we+report%22&filter=from_publication_date%3A1990-01-01%2Ctype%3Aarticle&per-page=12&mailto=rexdouglass%40gmail.com&select=id%2Cdoi%2Ctitle%2Cdisplay_name%2Cpublication_year%2Cauthorships%2Cabstract_inverted_index%2Cprimary_location%2Clocations%2Ctype%2Ccited_by_count
01_metadata_replication_language_openalex_crossref_semanticscholar__has__0011__crossref	2026-05-05_individual_replication_vast_search_batch002	crossref	crossref	01_metadata_replication_language	"""has not been replicated directly"" ""we report"""	"{""rows_per_query"": 12}"	2026-05-06T00:50:30.028574+00:00	page1	1	12	12	12	0	steps/searches/figure1/individualrepsearch_api_batch002/raw/crossref/01_metadata_replication_language_openalex_crossref_semanticscholar_has_0011_crossref.json	status=200; final_url=https://api.crossref.org/works?query.bibliographic=%22has+not+been+replicated+directly%22+%22we+report%22&filter=type%3Ajournal-article%2Cfrom-pub-date%3A1990-01-01&rows=12&select=DOI%2Ctitle%2Cauthor%2Cissued%2Ccontainer-title%2Cabstract%2CURL%2Ctype&mailto=rexdouglass%40gmail.com
01_metadata_replication_language_openalex_crossref_semanticscholar__not__0012__openalex	2026-05-05_individual_replication_vast_search_batch002	openalex	openalex	01_metadata_replication_language	"""not been directly replicated"" ""original study"""	"{""rows_per_query"": 12}"	2026-05-06T00:50:34.607765+00:00	page1	1	12	12	12	7	steps/searches/figure1/individualrepsearch_api_batch002/raw/openalex/01_metadata_replication_language_openalex_crossref_semanticscholar_not_0012_openalex.json	status=200; final_url=https://api.openalex.org/works?search=%22not+been+directly+replicated%22+%22original+study%22&filter=from_publication_date%3A1990-01-01%2Ctype%3Aarticle&per-page=12&mailto=rexdouglass%40gmail.com&select=id%2Cdoi%2Ctitle%2Cdisplay_name%2Cpublication_year%2Cauthorships%2Cabstract_inverted_index%2Cprimary_location%2Clocations%2Ctype%2Ccited_by_count
01_metadata_replication_language_openalex_crossref_semanticscholar__not__0012__crossref	2026-05-05_individual_replication_vast_search_batch002	crossref	crossref	01_metadata_replication_language	"""not been directly replicated"" ""original study"""	"{""rows_per_query"": 12}"	2026-05-06T00:50:35.671794+00:00	page1	1	12	12	12	1	steps/searches/figure1/individualrepsearch_api_batch002/raw/crossref/01_metadata_replication_language_openalex_crossref_semanticscholar_not_0012_crossref.json	status=200; final_url=https://api.crossref.org/works?query.bibliographic=%22not+been+directly+replicated%22+%22original+study%22&filter=type%3Ajournal-article%2Cfrom-pub-date%3A1990-01-01&rows=12&select=DOI%2Ctitle%2Cauthor%2Cissued%2Ccontainer-title%2Cabstract%2CURL%2Ctype&mailto=rexdouglass%40gmail.com
01_metadata_replication_language_openalex_crossref_semanticscholar__stud_0013__openalex	2026-05-05_individual_replication_vast_search_batch002	openalex	openalex	01_metadata_replication_language	"""Study 1 from"" ""direct replication"""	"{""rows_per_query"": 12}"	2026-05-06T00:50:43.949895+00:00	page1	1	12	12	12	1	steps/searches/figure1/individualrepsearch_api_batch002/raw/openalex/01_metadata_replication_language_openalex_crossref_semanticscholar_stud_0013_openalex.json	status=200; final_url=https://api.openalex.org/works?search=%22Study+1+from%22+%22direct+replication%22&filter=from_publication_date%3A1990-01-01%2Ctype%3Aarticle&per-page=12&mailto=rexdouglass%40gmail.com&select=id%2Cdoi%2Ctitle%2Cdisplay_name%2Cpublication_year%2Cauthorships%2Cabstract_inverted_index%2Cprimary_location%2Clocations%2Ctype%2Ccited_by_count
01_metadata_replication_language_openalex_crossref_semanticscholar__stud_0013__crossref	2026-05-05_individual_replication_vast_search_batch002	crossref	crossref	01_metadata_replication_language	"""Study 1 from"" ""direct replication"""	"{""rows_per_query"": 12}"	2026-05-06T00:50:45.049200+00:00	page1	1	12	12	12	10	steps/searches/figure1/individualrepsearch_api_batch002/raw/crossref/01_metadata_replication_language_openalex_crossref_semanticscholar_stud_0013_crossref.json	status=200; final_url=https://api.crossref.org/works?query.bibliographic=%22Study+1+from%22+%22direct+replication%22&filter=type%3Ajournal-article%2Cfrom-pub-date%3A1990-01-01&rows=12&select=DOI%2Ctitle%2Cauthor%2Cissued%2Ccontainer-title%2Cabstract%2CURL%2Ctype&mailto=rexdouglass%40gmail.com
01_metadata_replication_language_openalex_crossref_semanticscholar__same_0014__openalex	2026-05-05_individual_replication_vast_search_batch002	openalex	openalex	01_metadata_replication_language	"""same materials"" ""larger sample"" ""failed to replicate"""	"{""rows_per_query"": 12}"	2026-05-06T00:50:49.700748+00:00	page1	1	12	12	12	1	steps/searches/figure1/individualrepsearch_api_batch002/raw/openalex/01_metadata_replication_language_openalex_crossref_semanticscholar_same_0014_openalex.json	status=200; final_url=https://api.openalex.org/works?search=%22same+materials%22+%22larger+sample%22+%22failed+to+replicate%22&filter=from_publication_date%3A1990-01-01%2Ctype%3Aarticle&per-page=12&mailto=rexdouglass%40gmail.com&select=id%2Cdoi%2Ctitle%2Cdisplay_name%2Cpublication_year%2Cauthorships%2Cabstract_inverted_index%2Cprimary_location%2Clocations%2Ctype%2Ccited_by_count
01_metadata_replication_language_openalex_crossref_semanticscholar__same_0014__crossref	2026-05-05_individual_replication_vast_search_batch002	crossref	crossref	01_metadata_replication_language	"""same materials"" ""larger sample"" ""failed to replicate"""	"{""rows_per_query"": 12}"	2026-05-06T00:50:51.260197+00:00	page1	1	12	12	12	3	steps/searches/figure1/individualrepsearch_api_batch002/raw/crossref/01_metadata_replication_language_openalex_crossref_semanticscholar_same_0014_crossref.json	status=200; final_url=https://api.crossref.org/works?query.bibliographic=%22same+materials%22+%22larger+sample%22+%22failed+to+replicate%22&filter=type%3Ajournal-article%2Cfrom-pub-date%3A1990-01-01&rows=12&select=DOI%2Ctitle%2Cauthor%2Cissued%2Ccontainer-title%2Cabstract%2CURL%2Ctype&mailto=rexdouglass%40gmail.com
01_metadata_replication_language_openalex_crossref_semanticscholar__usin_0015__openalex	2026-05-05_individual_replication_vast_search_batch002	openalex	openalex	01_metadata_replication_language	"""using the original materials and methods"" ""replicate"""	"{""rows_per_query"": 12}"	2026-05-06T00:50:55.129722+00:00	page1	1	12	2	2	0	steps/searches/figure1/individualrepsearch_api_batch002/raw/openalex/01_metadata_replication_language_openalex_crossref_semanticscholar_usin_0015_openalex.json	status=200; final_url=https://api.openalex.org/works?search=%22using+the+original+materials+and+methods%22+%22replicate%22&filter=from_publication_date%3A1990-01-01%2Ctype%3Aarticle&per-page=12&mailto=rexdouglass%40gmail.com&select=id%2Cdoi%2Ctitle%2Cdisplay_name%2Cpublication_year%2Cauthorships%2Cabstract_inverted_index%2Cprimary_location%2Clocations%2Ctype%2Ccited_by_count
01_metadata_replication_language_openalex_crossref_semanticscholar__usin_0015__crossref	2026-05-05_individual_replication_vast_search_batch002	crossref	crossref	01_metadata_replication_language	"""using the original materials and methods"" ""replicate"""	"{""rows_per_query"": 12}"	2026-05-06T00:50:56.014656+00:00	page1	1	12	12	12	1	steps/searches/figure1/individualrepsearch_api_batch002/raw/crossref/01_metadata_replication_language_openalex_crossref_semanticscholar_usin_0015_crossref.json	status=200; final_url=https://api.crossref.org/works?query.bibliographic=%22using+the+original+materials+and+methods%22+%22replicate%22&filter=type%3Ajournal-article%2Cfrom-pub-date%3A1990-01-01&rows=12&select=DOI%2Ctitle%2Cauthor%2Cissued%2Ccontainer-title%2Cabstract%2CURL%2Ctype&mailto=rexdouglass%40gmail.com
02_open_full_text_value_language_pmc_plos_europepmc_full_text__direct_re_0016__europepmc	2026-05-05_individual_replication_vast_search_batch002	europepmc	europepmc	02_open_full_text_value_language	"""direct replication"" ""Cohen's d"" ""original study"" ""N ="""	"{""rows_per_query"": 12}"	2026-05-06T00:51:00.748095+00:00	page1	1	12	12	12	7	steps/searches/figure1/individualrepsearch_api_batch002/raw/europepmc/02_open_full_text_value_language_pmc_plos_europepmc_full_text_direct_re_0016_europepmc.json	status=200; final_url=https://www.ebi.ac.uk/europepmc/webservices/rest/search?query=%28%22direct+replication%22+%22Cohen%27s+d%22+%22original+study%22+%22N+%3D%22%29+AND+FIRST_PDATE%3A%5B1990-01-01+TO+2026-12-31%5D&format=json&pageSize=12&resultType=core
02_open_full_text_value_language_pmc_plos_europepmc_full_text__direct_re_0016__plos	2026-05-05_individual_replication_vast_search_batch002	plos	plos	02_open_full_text_value_language	"""direct replication"" ""Cohen's d"" ""original study"" ""N ="""	"{""rows_per_query"": 12}"	2026-05-06T00:51:02.801435+00:00	page1	1	12	12	12	7	steps/searches/figure1/individualrepsearch_api_batch002/raw/plos/02_open_full_text_value_language_pmc_plos_europepmc_full_text_direct_re_0016_plos.json	status=200; final_url=https://api.plos.org/search?q=%22direct+replication%22+%22Cohen%27s+d%22+%22original+study%22+%22N+%3D%22&fl=id%2Ctitle%2Cabstract%2Cauthor_display%2Cjournal%2Cpublication_date&rows=12&wt=json
02_open_full_text_value_language_pmc_plos_europepmc_full_text__effect_si_0017__europepmc	2026-05-05_individual_replication_vast_search_batch002	europepmc	europepmc	02_open_full_text_value_language	"""effect size"" ""replication"" ""original"" ""sample size"""	"{""rows_per_query"": 12}"	2026-05-06T00:51:04.131034+00:00	page1	1	12	12	12	0	steps/searches/figure1/individualrepsearch_api_batch002/raw/europepmc/02_open_full_text_value_language_pmc_plos_europepmc_full_text_effect_si_0017_europepmc.json	status=200; final_url=https://www.ebi.ac.uk/europepmc/webservices/rest/search?query=%28%22effect+size%22+%22replication%22+%22original%22+%22sample+size%22%29+AND+FIRST_PDATE%3A%5B1990-01-01+TO+2026-12-31%5D&format=json&pageSize=12&resultType=core
02_open_full_text_value_language_pmc_plos_europepmc_full_text__effect_si_0017__plos	2026-05-05_individual_replication_vast_search_batch002	plos	plos	02_open_full_text_value_language	"""effect size"" ""replication"" ""original"" ""sample size"""	"{""rows_per_query"": 12}"	2026-05-06T00:51:05.251649+00:00	page1	1	12	12	12	1	steps/searches/figure1/individualrepsearch_api_batch002/raw/plos/02_open_full_text_value_language_pmc_plos_europepmc_full_text_effect_si_0017_plos.json	status=200; final_url=https://api.plos.org/search?q=%22effect+size%22+%22replication%22+%22original%22+%22sample+size%22&fl=id%2Ctitle%2Cabstract%2Cauthor_display%2Cjournal%2Cpublication_date&rows=12&wt=json
02_open_full_text_value_language_pmc_plos_europepmc_full_text__means_and_0018__europepmc	2026-05-05_individual_replication_vast_search_batch002	europepmc	europepmc	02_open_full_text_value_language	"""means and standard deviations"" ""direct replication"" ""original"""	"{""rows_per_query"": 12}"	2026-05-06T00:51:06.329788+00:00	page1	1	12	12	12	2	steps/searches/figure1/individualrepsearch_api_batch002/raw/europepmc/02_open_full_text_value_language_pmc_plos_europepmc_full_text_means_and_0018_europepmc.json	status=200; final_url=https://www.ebi.ac.uk/europepmc/webservices/rest/search?query=%28%22means+and+standard+deviations%22+%22direct+replication%22+%22original%22%29+AND+FIRST_PDATE%3A%5B1990-01-01+TO+2026-12-31%5D&format=json&pageSize=12&resultType=core
02_open_full_text_value_language_pmc_plos_europepmc_full_text__means_and_0018__plos	2026-05-05_individual_replication_vast_search_batch002	plos	plos	02_open_full_text_value_language	"""means and standard deviations"" ""direct replication"" ""original"""	"{""rows_per_query"": 12}"	2026-05-06T00:51:07.192213+00:00	page1	1	12	12	12	2	steps/searches/figure1/individualrepsearch_api_batch002/raw/plos/02_open_full_text_value_language_pmc_plos_europepmc_full_text_means_and_0018_plos.json	status=200; final_url=https://api.plos.org/search?q=%22means+and+standard+deviations%22+%22direct+replication%22+%22original%22&fl=id%2Ctitle%2Cabstract%2Cauthor_display%2Cjournal%2Cpublication_date&rows=12&wt=json
02_open_full_text_value_language_pmc_plos_europepmc_full_text__forest_pl_0019__europepmc	2026-05-05_individual_replication_vast_search_batch002	europepmc	europepmc	02_open_full_text_value_language	"""forest plot"" ""original study"" ""replication"" ""Cohen's d"""	"{""rows_per_query"": 12}"	2026-05-06T00:51:07.890706+00:00	page1	1	12	12	12	1	steps/searches/figure1/individualrepsearch_api_batch002/raw/europepmc/02_open_full_text_value_language_pmc_plos_europepmc_full_text_forest_pl_0019_europepmc.json	status=200; final_url=https://www.ebi.ac.uk/europepmc/webservices/rest/search?query=%28%22forest+plot%22+%22original+study%22+%22replication%22+%22Cohen%27s+d%22%29+AND+FIRST_PDATE%3A%5B1990-01-01+TO+2026-12-31%5D&format=json&pageSize=12&resultType=core
02_open_full_text_value_language_pmc_plos_europepmc_full_text__forest_pl_0019__plos	2026-05-05_individual_replication_vast_search_batch002	plos	plos	02_open_full_text_value_language	"""forest plot"" ""original study"" ""replication"" ""Cohen's d"""	"{""rows_per_query"": 12}"	2026-05-06T00:51:08.697602+00:00	page1	1	12	12	12	1	steps/searches/figure1/individualrepsearch_api_batch002/raw/plos/02_open_full_text_value_language_pmc_plos_europepmc_full_text_forest_pl_0019_plos.json	status=200; final_url=https://api.plos.org/search?q=%22forest+plot%22+%22original+study%22+%22replication%22+%22Cohen%27s+d%22&fl=id%2Ctitle%2Cabstract%2Cauthor_display%2Cjournal%2Cpublication_date&rows=12&wt=json
02_open_full_text_value_language_pmc_plos_europepmc_full_text__original__0020__europepmc	2026-05-05_individual_replication_vast_search_batch002	europepmc	europepmc	02_open_full_text_value_language	"""original effect size"" ""replication effect size"" ""sample size"""	"{""rows_per_query"": 12}"	2026-05-06T00:51:09.596239+00:00	page1	1	12	12	12	2	steps/searches/figure1/individualrepsearch_api_batch002/raw/europepmc/02_open_full_text_value_language_pmc_plos_europepmc_full_text_original_0020_europepmc.json	status=200; final_url=https://www.ebi.ac.uk/europepmc/webservices/rest/search?query=%28%22original+effect+size%22+%22replication+effect+size%22+%22sample+size%22%29+AND+FIRST_PDATE%3A%5B1990-01-01+TO+2026-12-31%5D&format=json&pageSize=12&resultType=core
02_open_full_text_value_language_pmc_plos_europepmc_full_text__original__0020__plos	2026-05-05_individual_replication_vast_search_batch002	plos	plos	02_open_full_text_value_language	"""original effect size"" ""replication effect size"" ""sample size"""	"{""rows_per_query"": 12}"	2026-05-06T00:51:10.614418+00:00	page1	1	12	9	9	0	steps/searches/figure1/individualrepsearch_api_batch002/raw/plos/02_open_full_text_value_language_pmc_plos_europepmc_full_text_original_0020_plos.json	status=200; final_url=https://api.plos.org/search?q=%22original+effect+size%22+%22replication+effect+size%22+%22sample+size%22&fl=id%2Ctitle%2Cabstract%2Cauthor_display%2Cjournal%2Cpublication_date&rows=12&wt=json
02_open_full_text_value_language_pmc_plos_europepmc_full_text__original__0021__europepmc	2026-05-05_individual_replication_vast_search_batch002	europepmc	europepmc	02_open_full_text_value_language	"""original study"" ""replication study"" ""d ="""	"{""rows_per_query"": 12}"	2026-05-06T00:51:11.393813+00:00	page1	1	12	12	12	4	steps/searches/figure1/individualrepsearch_api_batch002/raw/europepmc/02_open_full_text_value_language_pmc_plos_europepmc_full_text_original_0021_europepmc.json	status=200; final_url=https://www.ebi.ac.uk/europepmc/webservices/rest/search?query=%28%22original+study%22+%22replication+study%22+%22d+%3D%22%29+AND+FIRST_PDATE%3A%5B1990-01-01+TO+2026-12-31%5D&format=json&pageSize=12&resultType=core
02_open_full_text_value_language_pmc_plos_europepmc_full_text__original__0021__plos	2026-05-05_individual_replication_vast_search_batch002	plos	plos	02_open_full_text_value_language	"""original study"" ""replication study"" ""d ="""	"{""rows_per_query"": 12}"	2026-05-06T00:51:12.507601+00:00	page1	1	12	12	12	2	steps/searches/figure1/individualrepsearch_api_batch002/raw/plos/02_open_full_text_value_language_pmc_plos_europepmc_full_text_original_0021_plos.json	status=200; final_url=https://api.plos.org/search?q=%22original+study%22+%22replication+study%22+%22d+%3D%22&fl=id%2Ctitle%2Cabstract%2Cauthor_display%2Cjournal%2Cpublication_date&rows=12&wt=json
02_open_full_text_value_language_pmc_plos_europepmc_full_text__we_replic_0022__europepmc	2026-05-05_individual_replication_vast_search_batch002	europepmc	europepmc	02_open_full_text_value_language	"""we replicated"" ""original"" ""Cohen's d"" ""participants"""	"{""rows_per_query"": 12}"	2026-05-06T00:51:13.121559+00:00	page1	1	12	12	12	2	steps/searches/figure1/individualrepsearch_api_batch002/raw/europepmc/02_open_full_text_value_language_pmc_plos_europepmc_full_text_we_replic_0022_europepmc.json	status=200; final_url=https://www.ebi.ac.uk/europepmc/webservices/rest/search?query=%28%22we+replicated%22+%22original%22+%22Cohen%27s+d%22+%22participants%22%29+AND+FIRST_PDATE%3A%5B1990-01-01+TO+2026-12-31%5D&format=json&pageSize=12&resultType=core
02_open_full_text_value_language_pmc_plos_europepmc_full_text__we_replic_0022__plos	2026-05-05_individual_replication_vast_search_batch002	plos	plos	02_open_full_text_value_language	"""we replicated"" ""original"" ""Cohen's d"" ""participants"""	"{""rows_per_query"": 12}"	2026-05-06T00:51:13.944717+00:00	page1	1	12	12	12	3	steps/searches/figure1/individualrepsearch_api_batch002/raw/plos/02_open_full_text_value_language_pmc_plos_europepmc_full_text_we_replic_0022_plos.json	status=200; final_url=https://api.plos.org/search?q=%22we+replicated%22+%22original%22+%22Cohen%27s+d%22+%22participants%22&fl=id%2Ctitle%2Cabstract%2Cauthor_display%2Cjournal%2Cpublication_date&rows=12&wt=json
02_open_full_text_value_language_pmc_plos_europepmc_full_text__larger_sa_0023__europepmc	2026-05-05_individual_replication_vast_search_batch002	europepmc	europepmc	02_open_full_text_value_language	"""larger sample"" ""failed to replicate"" ""Cohen's d"""	"{""rows_per_query"": 12}"	2026-05-06T00:51:14.538175+00:00	page1	1	12	12	12	1	steps/searches/figure1/individualrepsearch_api_batch002/raw/europepmc/02_open_full_text_value_language_pmc_plos_europepmc_full_text_larger_sa_0023_europepmc.json	status=200; final_url=https://www.ebi.ac.uk/europepmc/webservices/rest/search?query=%28%22larger+sample%22+%22failed+to+replicate%22+%22Cohen%27s+d%22%29+AND+FIRST_PDATE%3A%5B1990-01-01+TO+2026-12-31%5D&format=json&pageSize=12&resultType=core
02_open_full_text_value_language_pmc_plos_europepmc_full_text__larger_sa_0023__plos	2026-05-05_individual_replication_vast_search_batch002	plos	plos	02_open_full_text_value_language	"""larger sample"" ""failed to replicate"" ""Cohen's d"""	"{""rows_per_query"": 12}"	2026-05-06T00:51:15.387142+00:00	page1	1	12	12	12	3	steps/searches/figure1/individualrepsearch_api_batch002/raw/plos/02_open_full_text_value_language_pmc_plos_europepmc_full_text_larger_sa_0023_plos.json	status=200; final_url=https://api.plos.org/search?q=%22larger+sample%22+%22failed+to+replicate%22+%22Cohen%27s+d%22&fl=id%2Ctitle%2Cabstract%2Cauthor_display%2Cjournal%2Cpublication_date&rows=12&wt=json
02_open_full_text_value_language_pmc_plos_europepmc_full_text__event_cou_0024__europepmc	2026-05-05_individual_replication_vast_search_batch002	europepmc	europepmc	02_open_full_text_value_language	"""event counts"" ""original"" ""replication"" ""odds ratio"""	"{""rows_per_query"": 12}"	2026-05-06T00:51:16.199133+00:00	page1	1	12	12	12	1	steps/searches/figure1/individualrepsearch_api_batch002/raw/europepmc/02_open_full_text_value_language_pmc_plos_europepmc_full_text_event_cou_0024_europepmc.json	status=200; final_url=https://www.ebi.ac.uk/europepmc/webservices/rest/search?query=%28%22event+counts%22+%22original%22+%22replication%22+%22odds+ratio%22%29+AND+FIRST_PDATE%3A%5B1990-01-01+TO+2026-12-31%5D&format=json&pageSize=12&resultType=core
02_open_full_text_value_language_pmc_plos_europepmc_full_text__event_cou_0024__plos	2026-05-05_individual_replication_vast_search_batch002	plos	plos	02_open_full_text_value_language	"""event counts"" ""original"" ""replication"" ""odds ratio"""	"{""rows_per_query"": 12}"	2026-05-06T00:51:17.185994+00:00	page1	1	12	12	12	0	steps/searches/figure1/individualrepsearch_api_batch002/raw/plos/02_open_full_text_value_language_pmc_plos_europepmc_full_text_event_cou_0024_plos.json	status=200; final_url=https://api.plos.org/search?q=%22event+counts%22+%22original%22+%22replication%22+%22odds+ratio%22&fl=id%2Ctitle%2Cabstract%2Cauthor_display%2Cjournal%2Cpublication_date&rows=12&wt=json
02_open_full_text_value_language_pmc_plos_europepmc_full_text__2x2___rep_0025__europepmc	2026-05-05_individual_replication_vast_search_batch002	europepmc	europepmc	02_open_full_text_value_language	"""2x2"" ""replication"" ""sample size"" ""original"""	"{""rows_per_query"": 12}"	2026-05-06T00:51:18.127333+00:00	page1	1	12	12	12	1	steps/searches/figure1/individualrepsearch_api_batch002/raw/europepmc/02_open_full_text_value_language_pmc_plos_europepmc_full_text_2x2_rep_0025_europepmc.json	status=200; final_url=https://www.ebi.ac.uk/europepmc/webservices/rest/search?query=%28%222x2%22+%22replication%22+%22sample+size%22+%22original%22%29+AND+FIRST_PDATE%3A%5B1990-01-01+TO+2026-12-31%5D&format=json&pageSize=12&resultType=core
02_open_full_text_value_language_pmc_plos_europepmc_full_text__2x2___rep_0025__plos	2026-05-05_individual_replication_vast_search_batch002	plos	plos	02_open_full_text_value_language	"""2x2"" ""replication"" ""sample size"" ""original"""	"{""rows_per_query"": 12}"	2026-05-06T00:51:18.962585+00:00	page1	1	12	12	12	0	steps/searches/figure1/individualrepsearch_api_batch002/raw/plos/02_open_full_text_value_language_pmc_plos_europepmc_full_text_2x2_rep_0025_plos.json	status=200; final_url=https://api.plos.org/search?q=%222x2%22+%22replication%22+%22sample+size%22+%22original%22&fl=id%2Ctitle%2Cabstract%2Cauthor_display%2Cjournal%2Cpublication_date&rows=12&wt=json
02_open_full_text_value_language_pmc_plos_europepmc_full_text__table_1___0026__europepmc	2026-05-05_individual_replication_vast_search_batch002	europepmc	europepmc	02_open_full_text_value_language	"""Table 1"" ""original"" ""replication"" ""Cohen's d"""	"{""rows_per_query"": 12}"	2026-05-06T00:51:19.612833+00:00	page1	1	12	12	12	0	steps/searches/figure1/individualrepsearch_api_batch002/raw/europepmc/02_open_full_text_value_language_pmc_plos_europepmc_full_text_table_1_0026_europepmc.json	status=200; final_url=https://www.ebi.ac.uk/europepmc/webservices/rest/search?query=%28%22Table+1%22+%22original%22+%22replication%22+%22Cohen%27s+d%22%29+AND+FIRST_PDATE%3A%5B1990-01-01+TO+2026-12-31%5D&format=json&pageSize=12&resultType=core
02_open_full_text_value_language_pmc_plos_europepmc_full_text__table_1___0026__plos	2026-05-05_individual_replication_vast_search_batch002	plos	plos	02_open_full_text_value_language	"""Table 1"" ""original"" ""replication"" ""Cohen's d"""	"{""rows_per_query"": 12}"	2026-05-06T00:51:20.792591+00:00	page1	1	12	12	12	2	steps/searches/figure1/individualrepsearch_api_batch002/raw/plos/02_open_full_text_value_language_pmc_plos_europepmc_full_text_table_1_0026_plos.json	status=200; final_url=https://api.plos.org/search?q=%22Table+1%22+%22original%22+%22replication%22+%22Cohen%27s+d%22&fl=id%2Ctitle%2Cabstract%2Cauthor_display%2Cjournal%2Cpublication_date&rows=12&wt=json
02_open_full_text_value_language_pmc_plos_europepmc_full_text__sample_si_0027__europepmc	2026-05-05_individual_replication_vast_search_batch002	europepmc	europepmc	02_open_full_text_value_language	"""sample size"" ""original"" ""replication"" ""validation cohort"""	"{""rows_per_query"": 12}"	2026-05-06T00:51:21.255244+00:00	page1	1	12	12	12	3	steps/searches/figure1/individualrepsearch_api_batch002/raw/europepmc/02_open_full_text_value_language_pmc_plos_europepmc_full_text_sample_si_0027_europepmc.json	status=200; final_url=https://www.ebi.ac.uk/europepmc/webservices/rest/search?query=%28%22sample+size%22+%22original%22+%22replication%22+%22validation+cohort%22%29+AND+FIRST_PDATE%3A%5B1990-01-01+TO+2026-12-31%5D&format=json&pageSize=12&resultType=core
02_open_full_text_value_language_pmc_plos_europepmc_full_text__sample_si_0027__plos	2026-05-05_individual_replication_vast_search_batch002	plos	plos	02_open_full_text_value_language	"""sample size"" ""original"" ""replication"" ""validation cohort"""	"{""rows_per_query"": 12}"	2026-05-06T00:51:22.441040+00:00	page1	1	12	12	12	5	steps/searches/figure1/individualrepsearch_api_batch002/raw/plos/02_open_full_text_value_language_pmc_plos_europepmc_full_text_sample_si_0027_plos.json	status=200; final_url=https://api.plos.org/search?q=%22sample+size%22+%22original%22+%22replication%22+%22validation+cohort%22&fl=id%2Ctitle%2Cabstract%2Cauthor_display%2Cjournal%2Cpublication_date&rows=12&wt=json
07_clinical_d_equivalent_followup_pubmed_pmc_clinicaltrials_gov_crossref_0063__crossref	2026-05-05_individual_replication_vast_search_batch002	crossref	crossref	07_clinical_d_equivalent_followup	"""single-center"" ""multicenter"" ""failed to confirm"" ""randomized trial"""	"{""rows_per_query"": 12}"	2026-05-06T00:51:23.561125+00:00	page1	1	12	12	12	0	steps/searches/figure1/individualrepsearch_api_batch002/raw/crossref/07_clinical_d_equivalent_followup_pubmed_pmc_clinicaltrials_gov_crossref_0063_crossref.json	status=200; final_url=https://api.crossref.org/works?query.bibliographic=%22single-center%22+%22multicenter%22+%22failed+to+confirm%22+%22randomized+trial%22&filter=type%3Ajournal-article%2Cfrom-pub-date%3A1990-01-01&rows=12&select=DOI%2Ctitle%2Cauthor%2Cissued%2Ccontainer-title%2Cabstract%2CURL%2Ctype&mailto=rexdouglass%40gmail.com
07_clinical_d_equivalent_followup_pubmed_pmc_clinicaltrials_gov_crossref_0063__europepmc	2026-05-05_individual_replication_vast_search_batch002	europepmc	europepmc	07_clinical_d_equivalent_followup	"""single-center"" ""multicenter"" ""failed to confirm"" ""randomized trial"""	"{""rows_per_query"": 12}"	2026-05-06T00:51:25.667405+00:00	page1	1	12	12	12	1	steps/searches/figure1/individualrepsearch_api_batch002/raw/europepmc/07_clinical_d_equivalent_followup_pubmed_pmc_clinicaltrials_gov_crossref_0063_europepmc.json	status=200; final_url=https://www.ebi.ac.uk/europepmc/webservices/rest/search?query=%28%22single-center%22+%22multicenter%22+%22failed+to+confirm%22+%22randomized+trial%22%29+AND+FIRST_PDATE%3A%5B1990-01-01+TO+2026-12-31%5D&format=json&pageSize=12&resultType=core
07_clinical_d_equivalent_followup_pubmed_pmc_clinicaltrials_gov_crossref_0064__crossref	2026-05-05_individual_replication_vast_search_batch002	crossref	crossref	07_clinical_d_equivalent_followup	"""landmark trial"" ""subsequent trial"" ""no benefit"""	"{""rows_per_query"": 12}"	2026-05-06T00:51:26.714817+00:00	page1	1	12	12	12	0	steps/searches/figure1/individualrepsearch_api_batch002/raw/crossref/07_clinical_d_equivalent_followup_pubmed_pmc_clinicaltrials_gov_crossref_0064_crossref.json	status=200; final_url=https://api.crossref.org/works?query.bibliographic=%22landmark+trial%22+%22subsequent+trial%22+%22no+benefit%22&filter=type%3Ajournal-article%2Cfrom-pub-date%3A1990-01-01&rows=12&select=DOI%2Ctitle%2Cauthor%2Cissued%2Ccontainer-title%2Cabstract%2CURL%2Ctype&mailto=rexdouglass%40gmail.com
07_clinical_d_equivalent_followup_pubmed_pmc_clinicaltrials_gov_crossref_0064__europepmc	2026-05-05_individual_replication_vast_search_batch002	europepmc	europepmc	07_clinical_d_equivalent_followup	"""landmark trial"" ""subsequent trial"" ""no benefit"""	"{""rows_per_query"": 12}"	2026-05-06T00:51:28.778072+00:00	page1	1	12	12	12	0	steps/searches/figure1/individualrepsearch_api_batch002/raw/europepmc/07_clinical_d_equivalent_followup_pubmed_pmc_clinicaltrials_gov_crossref_0064_europepmc.json	status=200; final_url=https://www.ebi.ac.uk/europepmc/webservices/rest/search?query=%28%22landmark+trial%22+%22subsequent+trial%22+%22no+benefit%22%29+AND+FIRST_PDATE%3A%5B1990-01-01+TO+2026-12-31%5D&format=json&pageSize=12&resultType=core
07_clinical_d_equivalent_followup_pubmed_pmc_clinicaltrials_gov_crossref_0065__crossref	2026-05-05_individual_replication_vast_search_batch002	crossref	crossref	07_clinical_d_equivalent_followup	"""pilot trial"" ""definitive trial"" ""same outcome"""	"{""rows_per_query"": 12}"	2026-05-06T00:51:29.564370+00:00	page1	1	12	12	12	0	steps/searches/figure1/individualrepsearch_api_batch002/raw/crossref/07_clinical_d_equivalent_followup_pubmed_pmc_clinicaltrials_gov_crossref_0065_crossref.json	status=200; final_url=https://api.crossref.org/works?query.bibliographic=%22pilot+trial%22+%22definitive+trial%22+%22same+outcome%22&filter=type%3Ajournal-article%2Cfrom-pub-date%3A1990-01-01&rows=12&select=DOI%2Ctitle%2Cauthor%2Cissued%2Ccontainer-title%2Cabstract%2CURL%2Ctype&mailto=rexdouglass%40gmail.com
07_clinical_d_equivalent_followup_pubmed_pmc_clinicaltrials_gov_crossref_0065__europepmc	2026-05-05_individual_replication_vast_search_batch002	europepmc	europepmc	07_clinical_d_equivalent_followup	"""pilot trial"" ""definitive trial"" ""same outcome"""	"{""rows_per_query"": 12}"	2026-05-06T00:51:32.938335+00:00	page1	1	12	12	12	0	steps/searches/figure1/individualrepsearch_api_batch002/raw/europepmc/07_clinical_d_equivalent_followup_pubmed_pmc_clinicaltrials_gov_crossref_0065_europepmc.json	status=200; final_url=https://www.ebi.ac.uk/europepmc/webservices/rest/search?query=%28%22pilot+trial%22+%22definitive+trial%22+%22same+outcome%22%29+AND+FIRST_PDATE%3A%5B1990-01-01+TO+2026-12-31%5D&format=json&pageSize=12&resultType=core
07_clinical_d_equivalent_followup_pubmed_pmc_clinicaltrials_gov_crossref_0066__crossref	2026-05-05_individual_replication_vast_search_batch002	crossref	crossref	07_clinical_d_equivalent_followup	"""phase II"" ""phase III"" ""failed to confirm"""	"{""rows_per_query"": 12}"	2026-05-06T00:51:33.718628+00:00	page1	1	12	12	12	0	steps/searches/figure1/individualrepsearch_api_batch002/raw/crossref/07_clinical_d_equivalent_followup_pubmed_pmc_clinicaltrials_gov_crossref_0066_crossref.json	status=200; final_url=https://api.crossref.org/works?query.bibliographic=%22phase+II%22+%22phase+III%22+%22failed+to+confirm%22&filter=type%3Ajournal-article%2Cfrom-pub-date%3A1990-01-01&rows=12&select=DOI%2Ctitle%2Cauthor%2Cissued%2Ccontainer-title%2Cabstract%2CURL%2Ctype&mailto=rexdouglass%40gmail.com
07_clinical_d_equivalent_followup_pubmed_pmc_clinicaltrials_gov_crossref_0066__europepmc	2026-05-05_individual_replication_vast_search_batch002	europepmc	europepmc	07_clinical_d_equivalent_followup	"""phase II"" ""phase III"" ""failed to confirm"""	"{""rows_per_query"": 12}"	2026-05-06T00:51:38.048017+00:00	page1	1	12	12	12	1	steps/searches/figure1/individualrepsearch_api_batch002/raw/europepmc/07_clinical_d_equivalent_followup_pubmed_pmc_clinicaltrials_gov_crossref_0066_europepmc.json	status=200; final_url=https://www.ebi.ac.uk/europepmc/webservices/rest/search?query=%28%22phase+II%22+%22phase+III%22+%22failed+to+confirm%22%29+AND+FIRST_PDATE%3A%5B1990-01-01+TO+2026-12-31%5D&format=json&pageSize=12&resultType=core
07_clinical_d_equivalent_followup_pubmed_pmc_clinicaltrials_gov_crossref_0067__crossref	2026-05-05_individual_replication_vast_search_batch002	crossref	crossref	07_clinical_d_equivalent_followup	"""trial reversal"" ""original trial"" ""mortality"""	"{""rows_per_query"": 12}"	2026-05-06T00:51:38.912514+00:00	page1	1	12	12	12	0	steps/searches/figure1/individualrepsearch_api_batch002/raw/crossref/07_clinical_d_equivalent_followup_pubmed_pmc_clinicaltrials_gov_crossref_0067_crossref.json	status=200; final_url=https://api.crossref.org/works?query.bibliographic=%22trial+reversal%22+%22original+trial%22+%22mortality%22&filter=type%3Ajournal-article%2Cfrom-pub-date%3A1990-01-01&rows=12&select=DOI%2Ctitle%2Cauthor%2Cissued%2Ccontainer-title%2Cabstract%2CURL%2Ctype&mailto=rexdouglass%40gmail.com
07_clinical_d_equivalent_followup_pubmed_pmc_clinicaltrials_gov_crossref_0067__europepmc	2026-05-05_individual_replication_vast_search_batch002	europepmc	europepmc	07_clinical_d_equivalent_followup	"""trial reversal"" ""original trial"" ""mortality"""	"{""rows_per_query"": 12}"	2026-05-06T00:51:45.528719+00:00	page1	1	12	0	0	0	steps/searches/figure1/individualrepsearch_api_batch002/raw/europepmc/07_clinical_d_equivalent_followup_pubmed_pmc_clinicaltrials_gov_crossref_0067_europepmc.json	status=200; final_url=https://www.ebi.ac.uk/europepmc/webservices/rest/search?query=%28%22trial+reversal%22+%22original+trial%22+%22mortality%22%29+AND+FIRST_PDATE%3A%5B1990-01-01+TO+2026-12-31%5D&format=json&pageSize=12&resultType=core
07_clinical_d_equivalent_followup_pubmed_pmc_clinicaltrials_gov_crossref_0068__crossref	2026-05-05_individual_replication_vast_search_batch002	crossref	crossref	07_clinical_d_equivalent_followup	"""larger trial"" ""no benefit"" ""mortality"" ""original"""	"{""rows_per_query"": 12}"	2026-05-06T00:51:46.243264+00:00	page1	1	12	12	12	0	steps/searches/figure1/individualrepsearch_api_batch002/raw/crossref/07_clinical_d_equivalent_followup_pubmed_pmc_clinicaltrials_gov_crossref_0068_crossref.json	status=200; final_url=https://api.crossref.org/works?query.bibliographic=%22larger+trial%22+%22no+benefit%22+%22mortality%22+%22original%22&filter=type%3Ajournal-article%2Cfrom-pub-date%3A1990-01-01&rows=12&select=DOI%2Ctitle%2Cauthor%2Cissued%2Ccontainer-title%2Cabstract%2CURL%2Ctype&mailto=rexdouglass%40gmail.com
07_clinical_d_equivalent_followup_pubmed_pmc_clinicaltrials_gov_crossref_0068__europepmc	2026-05-05_individual_replication_vast_search_batch002	europepmc	europepmc	07_clinical_d_equivalent_followup	"""larger trial"" ""no benefit"" ""mortality"" ""original"""	"{""rows_per_query"": 12}"	2026-05-06T00:51:49.765544+00:00	page1	1	12	12	12	1	steps/searches/figure1/individualrepsearch_api_batch002/raw/europepmc/07_clinical_d_equivalent_followup_pubmed_pmc_clinicaltrials_gov_crossref_0068_europepmc.json	status=200; final_url=https://www.ebi.ac.uk/europepmc/webservices/rest/search?query=%28%22larger+trial%22+%22no+benefit%22+%22mortality%22+%22original%22%29+AND+FIRST_PDATE%3A%5B1990-01-01+TO+2026-12-31%5D&format=json&pageSize=12&resultType=core
07_clinical_d_equivalent_followup_pubmed_pmc_clinicaltrials_gov_crossref_0069__crossref	2026-05-05_individual_replication_vast_search_batch002	crossref	crossref	07_clinical_d_equivalent_followup	"""randomized trial"" ""replication"" ""event counts"""	"{""rows_per_query"": 12}"	2026-05-06T00:51:50.741415+00:00	page1	1	12	12	12	1	steps/searches/figure1/individualrepsearch_api_batch002/raw/crossref/07_clinical_d_equivalent_followup_pubmed_pmc_clinicaltrials_gov_crossref_0069_crossref.json	status=200; final_url=https://api.crossref.org/works?query.bibliographic=%22randomized+trial%22+%22replication%22+%22event+counts%22&filter=type%3Ajournal-article%2Cfrom-pub-date%3A1990-01-01&rows=12&select=DOI%2Ctitle%2Cauthor%2Cissued%2Ccontainer-title%2Cabstract%2CURL%2Ctype&mailto=rexdouglass%40gmail.com
07_clinical_d_equivalent_followup_pubmed_pmc_clinicaltrials_gov_crossref_0069__europepmc	2026-05-05_individual_replication_vast_search_batch002	europepmc	europepmc	07_clinical_d_equivalent_followup	"""randomized trial"" ""replication"" ""event counts"""	"{""rows_per_query"": 12}"	2026-05-06T00:51:53.383876+00:00	page1	1	12	12	12	1	steps/searches/figure1/individualrepsearch_api_batch002/raw/europepmc/07_clinical_d_equivalent_followup_pubmed_pmc_clinicaltrials_gov_crossref_0069_europepmc.json	status=200; final_url=https://www.ebi.ac.uk/europepmc/webservices/rest/search?query=%28%22randomized+trial%22+%22replication%22+%22event+counts%22%29+AND+FIRST_PDATE%3A%5B1990-01-01+TO+2026-12-31%5D&format=json&pageSize=12&resultType=core
07_clinical_d_equivalent_followup_pubmed_pmc_clinicaltrials_gov_crossref_0070__crossref	2026-05-05_individual_replication_vast_search_batch002	crossref	crossref	07_clinical_d_equivalent_followup	"""external validation"" ""original trial"" ""odds ratio"""	"{""rows_per_query"": 12}"	2026-05-06T00:51:54.356056+00:00	page1	1	12	12	12	0	steps/searches/figure1/individualrepsearch_api_batch002/raw/crossref/07_clinical_d_equivalent_followup_pubmed_pmc_clinicaltrials_gov_crossref_0070_crossref.json	status=200; final_url=https://api.crossref.org/works?query.bibliographic=%22external+validation%22+%22original+trial%22+%22odds+ratio%22&filter=type%3Ajournal-article%2Cfrom-pub-date%3A1990-01-01&rows=12&select=DOI%2Ctitle%2Cauthor%2Cissued%2Ccontainer-title%2Cabstract%2CURL%2Ctype&mailto=rexdouglass%40gmail.com
07_clinical_d_equivalent_followup_pubmed_pmc_clinicaltrials_gov_crossref_0070__europepmc	2026-05-05_individual_replication_vast_search_batch002	europepmc	europepmc	07_clinical_d_equivalent_followup	"""external validation"" ""original trial"" ""odds ratio"""	"{""rows_per_query"": 12}"	2026-05-06T00:51:58.441168+00:00	page1	1	12	12	12	1	steps/searches/figure1/individualrepsearch_api_batch002/raw/europepmc/07_clinical_d_equivalent_followup_pubmed_pmc_clinicaltrials_gov_crossref_0070_europepmc.json	status=200; final_url=https://www.ebi.ac.uk/europepmc/webservices/rest/search?query=%28%22external+validation%22+%22original+trial%22+%22odds+ratio%22%29+AND+FIRST_PDATE%3A%5B1990-01-01+TO+2026-12-31%5D&format=json&pageSize=12&resultType=core
07_clinical_d_equivalent_followup_pubmed_pmc_clinicaltrials_gov_crossref_0071__crossref	2026-05-05_individual_replication_vast_search_batch002	crossref	crossref	07_clinical_d_equivalent_followup	"""failed to confirm"" ""earlier trial"" ""mortality"""	"{""rows_per_query"": 12}"	2026-05-06T00:51:59.381569+00:00	page1	1	12	12	12	0	steps/searches/figure1/individualrepsearch_api_batch002/raw/crossref/07_clinical_d_equivalent_followup_pubmed_pmc_clinicaltrials_gov_crossref_0071_crossref.json	status=200; final_url=https://api.crossref.org/works?query.bibliographic=%22failed+to+confirm%22+%22earlier+trial%22+%22mortality%22&filter=type%3Ajournal-article%2Cfrom-pub-date%3A1990-01-01&rows=12&select=DOI%2Ctitle%2Cauthor%2Cissued%2Ccontainer-title%2Cabstract%2CURL%2Ctype&mailto=rexdouglass%40gmail.com
07_clinical_d_equivalent_followup_pubmed_pmc_clinicaltrials_gov_crossref_0071__europepmc	2026-05-05_individual_replication_vast_search_batch002	europepmc	europepmc	07_clinical_d_equivalent_followup	"""failed to confirm"" ""earlier trial"" ""mortality"""	"{""rows_per_query"": 12}"	2026-05-06T00:52:01.796143+00:00	page1	1	12	4	4	1	steps/searches/figure1/individualrepsearch_api_batch002/raw/europepmc/07_clinical_d_equivalent_followup_pubmed_pmc_clinicaltrials_gov_crossref_0071_europepmc.json	status=200; final_url=https://www.ebi.ac.uk/europepmc/webservices/rest/search?query=%28%22failed+to+confirm%22+%22earlier+trial%22+%22mortality%22%29+AND+FIRST_PDATE%3A%5B1990-01-01+TO+2026-12-31%5D&format=json&pageSize=12&resultType=core
07_clinical_d_equivalent_followup_pubmed_pmc_clinicaltrials_gov_crossref_0072__crossref	2026-05-05_individual_replication_vast_search_batch002	crossref	crossref	07_clinical_d_equivalent_followup	"""did not confirm"" ""single-center"" ""multicenter randomized trial"""	"{""rows_per_query"": 12}"	2026-05-06T00:52:02.894138+00:00	page1	1	12	12	12	0	steps/searches/figure1/individualrepsearch_api_batch002/raw/crossref/07_clinical_d_equivalent_followup_pubmed_pmc_clinicaltrials_gov_crossref_0072_crossref.json	status=200; final_url=https://api.crossref.org/works?query.bibliographic=%22did+not+confirm%22+%22single-center%22+%22multicenter+randomized+trial%22&filter=type%3Ajournal-article%2Cfrom-pub-date%3A1990-01-01&rows=12&select=DOI%2Ctitle%2Cauthor%2Cissued%2Ccontainer-title%2Cabstract%2CURL%2Ctype&mailto=rexdouglass%40gmail.com
07_clinical_d_equivalent_followup_pubmed_pmc_clinicaltrials_gov_crossref_0072__europepmc	2026-05-05_individual_replication_vast_search_batch002	europepmc	europepmc	07_clinical_d_equivalent_followup	"""did not confirm"" ""single-center"" ""multicenter randomized trial"""	"{""rows_per_query"": 12}"	2026-05-06T00:52:05.634176+00:00	page1	1	12	12	12	1	steps/searches/figure1/individualrepsearch_api_batch002/raw/europepmc/07_clinical_d_equivalent_followup_pubmed_pmc_clinicaltrials_gov_crossref_0072_europepmc.json	status=200; final_url=https://www.ebi.ac.uk/europepmc/webservices/rest/search?query=%28%22did+not+confirm%22+%22single-center%22+%22multicenter+randomized+trial%22%29+AND+FIRST_PDATE%3A%5B1990-01-01+TO+2026-12-31%5D&format=json&pageSize=12&resultType=core
07_clinical_d_equivalent_followup_pubmed_pmc_clinicaltrials_gov_crossref_0073__crossref	2026-05-05_individual_replication_vast_search_batch002	crossref	crossref	07_clinical_d_equivalent_followup	"""confirmatory trial"" ""previous trial"" ""primary outcome"""	"{""rows_per_query"": 12}"	2026-05-06T00:52:06.542096+00:00	page1	1	12	12	12	0	steps/searches/figure1/individualrepsearch_api_batch002/raw/crossref/07_clinical_d_equivalent_followup_pubmed_pmc_clinicaltrials_gov_crossref_0073_crossref.json	status=200; final_url=https://api.crossref.org/works?query.bibliographic=%22confirmatory+trial%22+%22previous+trial%22+%22primary+outcome%22&filter=type%3Ajournal-article%2Cfrom-pub-date%3A1990-01-01&rows=12&select=DOI%2Ctitle%2Cauthor%2Cissued%2Ccontainer-title%2Cabstract%2CURL%2Ctype&mailto=rexdouglass%40gmail.com
07_clinical_d_equivalent_followup_pubmed_pmc_clinicaltrials_gov_crossref_0073__europepmc	2026-05-05_individual_replication_vast_search_batch002	europepmc	europepmc	07_clinical_d_equivalent_followup	"""confirmatory trial"" ""previous trial"" ""primary outcome"""	"{""rows_per_query"": 12}"	2026-05-06T00:52:08.893975+00:00	page1	1	12	12	12	1	steps/searches/figure1/individualrepsearch_api_batch002/raw/europepmc/07_clinical_d_equivalent_followup_pubmed_pmc_clinicaltrials_gov_crossref_0073_europepmc.json	status=200; final_url=https://www.ebi.ac.uk/europepmc/webservices/rest/search?query=%28%22confirmatory+trial%22+%22previous+trial%22+%22primary+outcome%22%29+AND+FIRST_PDATE%3A%5B1990-01-01+TO+2026-12-31%5D&format=json&pageSize=12&resultType=core
07_clinical_d_equivalent_followup_pubmed_pmc_clinicaltrials_gov_crossref_0074__crossref	2026-05-05_individual_replication_vast_search_batch002	crossref	crossref	07_clinical_d_equivalent_followup	"""large international randomized trial"" ""failed to confirm"""	"{""rows_per_query"": 12}"	2026-05-06T00:52:09.777300+00:00	page1	1	12	12	12	0	steps/searches/figure1/individualrepsearch_api_batch002/raw/crossref/07_clinical_d_equivalent_followup_pubmed_pmc_clinicaltrials_gov_crossref_0074_crossref.json	status=200; final_url=https://api.crossref.org/works?query.bibliographic=%22large+international+randomized+trial%22+%22failed+to+confirm%22&filter=type%3Ajournal-article%2Cfrom-pub-date%3A1990-01-01&rows=12&select=DOI%2Ctitle%2Cauthor%2Cissued%2Ccontainer-title%2Cabstract%2CURL%2Ctype&mailto=rexdouglass%40gmail.com
07_clinical_d_equivalent_followup_pubmed_pmc_clinicaltrials_gov_crossref_0074__europepmc	2026-05-05_individual_replication_vast_search_batch002	europepmc	europepmc	07_clinical_d_equivalent_followup	"""large international randomized trial"" ""failed to confirm"""	"{""rows_per_query"": 12}"	2026-05-06T00:52:12.443880+00:00	page1	1	12	2	2	0	steps/searches/figure1/individualrepsearch_api_batch002/raw/europepmc/07_clinical_d_equivalent_followup_pubmed_pmc_clinicaltrials_gov_crossref_0074_europepmc.json	status=200; final_url=https://www.ebi.ac.uk/europepmc/webservices/rest/search?query=%28%22large+international+randomized+trial%22+%22failed+to+confirm%22%29+AND+FIRST_PDATE%3A%5B1990-01-01+TO+2026-12-31%5D&format=json&pageSize=12&resultType=core
