manifest_path	name	record_kind	inventory_status	new_to_baseline_manifest	landing_url	source_key	why_relevant	next_action
steps/searches/figure1/corporasearch-alternate-vocab-expanded-reproduction-reanalysis-validation-followup.json	Compilation of Diener et al. (2010) OSF Multi-Site Replication Projects	candidate_corpus_or_database	discovered_search_lead	yes	https://osf.io/qdx7p/	qdx7p	"Matched Figure 1 domain search query '""multi-site"" replication dataset original'; lead_classification=corpus_database_or_project_signal; score=20; reasons=strong_phrase:replication project | strong_phrase:multi-site replication | data_term:data | data_term:dataset | data_term:osf | replication_word | original_word | repository_data_surface | metadata_corpus_signal"	triage_landing_page_or_package_for_pair_table
steps/searches/figure1/corporasearch-alternate-vocab-expanded-reproduction-reanalysis-validation-followup.json	Social Exclusion Multi-Site Replication Study	candidate_corpus_or_database	discovered_search_lead	yes	https://osf.io/wdc9q/	wdc9q	"Matched Figure 1 domain search query '""multi-site"" replication dataset original'; lead_classification=corpus_database_or_project_signal; score=19; reasons=strong_phrase:multi-site replication | pair_term:original effect | pair_term:effect size | pair_term:sample size | replication_word | original_word | effect_or_sample_size_phrase | metadata_corpus_signal"	triage_landing_page_or_package_for_pair_table
steps/searches/figure1/corporasearch-alternate-vocab-expanded-reproduction-reanalysis-validation-followup.json	Social Exclusion Multi-Site Replication Study	candidate_corpus_or_database	discovered_search_lead	yes	https://osf.io/v5s6d/	v5s6d	"Matched Figure 1 domain search query '""multi-site"" replication dataset original'; lead_classification=corpus_database_or_project_signal; score=9; reasons=strong_phrase:multi-site replication | replication_word | metadata_corpus_signal"	triage_landing_page_or_package_for_pair_table
steps/searches/figure1/corporasearch-alternate-vocab-expanded-reproduction-reanalysis-validation-followup.json	Investigating the reproducibility of the social and behavioural sciences	candidate_corpus_or_database	needs_triage_search_lead	yes	https://doi.org/10.31222/osf.io/wqt9u_v1	https://openalex.org/W7147135541	"Matched Figure 1 domain search query '""reproduction dataset"" ""original study""'; lead_classification=corpus_database_or_project_signal; score=6; reasons=pair_term:original effect | data_term:data | data_term:dataset | original_word"	triage_landing_page_or_package_for_pair_table
steps/searches/figure1/corporasearch-bibliographic-expanded-replication-corpus-database.json	Probabilistic forecasting of replication studies	candidate_corpus_or_database	discovered_search_lead	no	https://doi.org/10.1371/journal.pone.0231416	https://openalex.org/W3016766501	"Matched Figure 1 bibliographic search query '""large-scale replication"" ""original study""'; lead_classification=corpus_database_or_project_signal; score=28; reasons=strong_phrase:replication project | strong_phrase:large-scale replication | strong_phrase:replication studies | pair_term:original study | pair_term:original studies | pair_term:replication effect | data_term:data | replication_word | original_word | metadata_corpus_signal"	triage_landing_page_or_package_for_pair_table
steps/searches/figure1/corporasearch-bibliographic-expanded-replication-corpus-database.json	Challenges and suggestions for defining replication “success” when effects may be heterogeneous: Comment on Hedges and Schauer (2019).	candidate_corpus_or_database	discovered_search_lead	yes	https://doi.org/10.1037/met0000223	https://openalex.org/W2979112662	"Matched Figure 1 bibliographic search query '""replication project"" ""original study"" ""effect size""'; lead_classification=corpus_database_or_project_signal; score=23; reasons=strong_phrase:replication project | strong_phrase:replication studies | pair_term:original study | pair_term:effect size | data_term:data | data_term:dataset | data_term:database | replication_word | original_word | metadata_corpus_signal"	triage_landing_page_or_package_for_pair_table
steps/searches/figure1/corporasearch-bibliographic-expanded-replication-corpus-database.json	Linguistic Compression Predicts Replication Failure	candidate_corpus_or_database	discovered_search_lead	yes	https://doi.org/10.17605/osf.io/cpe6f	https://openalex.org/W7148330249	"Matched Figure 1 bibliographic search query '""replication project"" ""coded data""'; lead_classification=corpus_database_or_project_signal; score=22; reasons=strong_phrase:replication project | strong_phrase:reproducibility project | strong_phrase:many labs | data_term:data | data_term:code | data_term:osf | replication_word | metadata_corpus_signal"	triage_landing_page_or_package_for_pair_table
steps/searches/figure1/corporasearch-bibliographic-expanded-replication-corpus-database.json	Variation and Covariation in Large-Scale Replication Projects: An Evaluation of Replicability	candidate_corpus_or_database	discovered_search_lead	yes	https://doi.org/10.1080/01621459.2022.2054816	https://openalex.org/W4221046810	"Matched Figure 1 bibliographic search query '""large-scale replication"" ""original study""'; lead_classification=corpus_database_or_project_signal; score=19; reasons=strong_phrase:replication project | strong_phrase:large-scale replication | pair_term:original study | data_term:supplement | replication_word | original_word | metadata_corpus_signal"	triage_landing_page_or_package_for_pair_table
steps/searches/figure1/corporasearch-bibliographic-expanded-replication-corpus-database.json	Comparing Meta-Analyses and Pre-Registered Multiple Labs Replication Projects	candidate_corpus_or_database	discovered_search_lead	yes	https://doi.org/10.31219/osf.io/brzwt	https://openalex.org/W4229834291	"Matched Figure 1 bibliographic search query '""replication project"" ""original study"" ""effect size""'; lead_classification=corpus_database_or_project_signal; score=17; reasons=strong_phrase:replication project | pair_term:original studies | pair_term:replication effect | pair_term:effect size | replication_word | original_word | metadata_corpus_signal"	triage_landing_page_or_package_for_pair_table
steps/searches/figure1/corporasearch-bibliographic-expanded-replication-corpus-database.json	Does high variability training improve the learning of non-native phoneme contrasts over low variability training? A replication	candidate_corpus_or_database	discovered_search_lead	yes	https://doi.org/10.1016/j.jml.2022.104352	https://openalex.org/W4285585316	"Matched Figure 1 bibliographic search query '""large-scale replication"" ""original study""'; lead_classification=corpus_database_or_project_signal; score=13; reasons=strong_phrase:large-scale replication | pair_term:original studies | replication_word | original_word | metadata_corpus_signal"	triage_landing_page_or_package_for_pair_table
steps/searches/figure1/corporasearch-bibliographic-expanded-replication-corpus-database.json	Evidence for goal‐ and mixed evidence for false belief‐based action prediction in 2‐ to 4‐year‐old children: A large‐scale longitudinal anticipatory looking replication study	candidate_corpus_or_database	discovered_search_lead	yes	https://doi.org/10.1111/desc.13224	https://openalex.org/W4200361560	"Matched Figure 1 bibliographic search query '""large-scale replication"" ""original study""'; lead_classification=corpus_database_or_project_signal; score=13; reasons=strong_phrase:large-scale replication | pair_term:original study | replication_word | original_word | metadata_corpus_signal"	triage_landing_page_or_package_for_pair_table
steps/searches/figure1/corporasearch-bibliographic-expanded-replication-corpus-database.json	Incorrect Data in Tables in: Nonvalidation of Reported Genetic Risk Factors for Acute Coronary Syndrome in a Large-Scale Replication Study	candidate_corpus_or_database	discovered_search_lead	yes	https://doi.org/10.1001/jama.298.9.973-b	10.1001/jama.298.9.973-b	"Matched Figure 1 bibliographic search query '""large-scale replication"" ""original study""'; lead_classification=corpus_database_or_project_signal; score=10; reasons=strong_phrase:large-scale replication | data_term:data | replication_word | metadata_corpus_signal"	triage_landing_page_or_package_for_pair_table
steps/searches/figure1/corporasearch-bibliographic-expanded-replication-corpus-database.json	Reproducibility of Scientific Claims in <i>Drosophila</i> Immunity: A Retrospective Analysis of 400 Publications	candidate_corpus_or_database	discovered_search_lead	yes	https://doi.org/10.1101/2025.07.07.663442	https://doi.org/10.1101/2025.07.07.663442	"Matched Figure 1 bibliographic search query '""scientific claims"" ""replication"" ""database""'; lead_classification=corpus_database_or_project_signal; score=8; reasons=strong_phrase:reproducibility project | data_term:data | metadata_corpus_signal"	triage_landing_page_or_package_for_pair_table
steps/searches/figure1/corporasearch-bibliographic-expanded-replication-corpus-database.json	Does repetition increase perceived truth equally for conspiracy and trivia statements? A registered replication report.	candidate_corpus_or_database	discovered_search_lead	yes	https://doi.org/10.3758/s13423-025-02836-w	PMC12779699	"Matched Figure 1 bibliographic search query '""registered replication report"" ""original study""'; lead_classification=corpus_database_or_project_signal; score=7; reasons=strong_phrase:registered replication report | replication_word"	triage_landing_page_or_package_for_pair_table
steps/searches/figure1/corporasearch-citation-expanded-known-replication-databases.json	Many Labs 5: Registered Multisite Replication of the Tempting-Fate Effects in Risen and Gilovich (2008)	candidate_corpus_or_database	discovered_search_lead	yes	https://doi.org/10.1177/2515245918785165	https://openalex.org/W3102574417	"Matched Figure 1 citation search query '""Many Labs"" ""original study""'; lead_classification=corpus_database_or_project_signal; score=22; reasons=strong_phrase:replication project | strong_phrase:many labs | pair_term:original study | pair_term:effect size | replication_word | original_word | effect_or_sample_size_phrase | metadata_corpus_signal"	triage_landing_page_or_package_for_pair_table
steps/searches/figure1/corporasearch-citation-expanded-known-replication-databases.json	Author response: Investigating the replicability of preclinical cancer biology	candidate_corpus_or_database	discovered_search_lead	yes	https://doi.org/10.7554/elife.71601.sa2	https://openalex.org/W4200021434	"Matched Figure 1 citation search query '""Reproducibility Project: Cancer Biology"" ""effect size""'; lead_classification=corpus_database_or_project_signal; score=20; reasons=strong_phrase:reproducibility project | pair_term:original effect | pair_term:replication effect | pair_term:effect size | data_term:data | replication_word | original_word | effect_or_sample_size_phrase | metadata_corpus_signal"	triage_landing_page_or_package_for_pair_table
steps/searches/figure1/corporasearch-citation-expanded-known-replication-databases.json	Construct validity and the validity of replication studies: A systematic review.	candidate_corpus_or_database	discovered_search_lead	yes	https://doi.org/10.1037/amp0001006	https://openalex.org/W4225083776	"Matched Figure 1 citation search query '""Reproducibility Project: Psychology"" ""original study""'; lead_classification=corpus_database_or_project_signal; score=20; reasons=strong_phrase:reproducibility project | strong_phrase:replication studies | pair_term:original studies | data_term:data | data_term:database | replication_word | original_word | metadata_corpus_signal"	triage_landing_page_or_package_for_pair_table
steps/searches/figure1/corporasearch-citation-expanded-known-replication-databases.json	Advancing the Cognitive Science of Religion through Replication and Open Science	candidate_corpus_or_database	discovered_search_lead	yes	https://doi.org/10.1558/jcsr.39039	https://openalex.org/W3096603764	"Matched Figure 1 citation search query '""Many Labs"" ""original study"" -> cites:W3163230172'; lead_classification=corpus_database_or_project_signal; score=14; reasons=strong_phrase:replication project | strong_phrase:replication studies | replication_word | metadata_corpus_signal"	triage_landing_page_or_package_for_pair_table
steps/searches/figure1/corporasearch-citation-expanded-known-replication-databases.json	Too Good to be False: Nonsignificant Results Revisited	candidate_corpus_or_database	discovered_search_lead	yes	https://doi.org/10.1525/collabra.71	https://openalex.org/W2602600139	"Matched Figure 1 citation search query '""Experimental Economics Replication Project"" ""effect size"" -> cites:W2604559382'; lead_classification=corpus_database_or_project_signal; score=13; reasons=strong_phrase:reproducibility project | pair_term:effect size | replication_word | effect_or_sample_size_phrase | metadata_corpus_signal"	triage_landing_page_or_package_for_pair_table
steps/searches/figure1/corporasearch-citation-expanded-known-replication-databases.json	Die Vertrauenswürdigkeit von Replikationen : Der Einfluss von Präregistrierungen auf den Replikationserfolg	candidate_corpus_or_database	discovered_search_lead	yes	https://doi.org/10.20378/irb-105013	https://openalex.org/W4405610981	"Matched Figure 1 citation search query '""FORRT"" ""replication database""'; lead_classification=corpus_database_or_project_signal; score=12; reasons=strong_phrase:replication database | data_term:data | data_term:database | replication_word | metadata_corpus_signal | query_phrase_in_text"	triage_landing_page_or_package_for_pair_table
steps/searches/figure1/corporasearch-citation-expanded-known-replication-databases.json	Bringing an Intersectional Lens to “Open” Science: An Analysis of Representation in the Reproducibility Project	candidate_corpus_or_database	discovered_search_lead	yes	https://doi.org/10.1177/03616843211035678	10.1177/03616843211035678	"Matched Figure 1 citation search query '""Reproducibility Project: Psychology"" ""original study""'; lead_classification=corpus_database_or_project_signal; score=9; reasons=strong_phrase:reproducibility project | replication_word | metadata_corpus_signal"	triage_landing_page_or_package_for_pair_table
steps/searches/figure1/corporasearch-citation-expanded-known-replication-databases.json	Growth From Uncertainty: Understanding the Replication ‘Crisis’ in Infant Cognition	candidate_corpus_or_database	discovered_search_lead	yes	https://doi.org/10.1017/psa.2023.157	https://openalex.org/W4388716787	"Matched Figure 1 citation search query '""ManyBabies"" ""replication data""'; lead_classification=corpus_database_or_project_signal; score=9; reasons=strong_phrase:large-scale replication | replication_word | metadata_corpus_signal"	triage_landing_page_or_package_for_pair_table
steps/searches/figure1/corporasearch-citation-expanded-known-replication-databases.json	Improving Statistical Analysis in Team Science: The Case of a Bayesian Multiverse of Many Labs 4	candidate_corpus_or_database	discovered_search_lead	yes	https://doi.org/10.31234/osf.io/cb9er	https://openalex.org/W3163808281	"Matched Figure 1 citation search query '""Many Labs"" ""original study"" -> cites:W3163230172'; lead_classification=corpus_database_or_project_signal; score=7; reasons=strong_phrase:many labs | pair_term:full-scale | data_term:data | metadata_corpus_signal | no_replication_language_penalty"	triage_landing_page_or_package_for_pair_table
steps/searches/figure1/corporasearch-code-expanded-local-pair-field-signatures.json	osf 04 RP CB Final Analysis - Effect level data dictionary	candidate_corpus_or_database	discovered_search_lead	yes	data/raw/replication_projects/lead_harvest/rpcb_e5nvr/osf_04__RP_CB_Final_Analysis_-_Effect_level_data_dictionary.csv	data/raw/replication_projects/lead_harvest/rpcb_e5nvr/osf_04__RP_CB_Final_Analysis_-_Effect_level_data_dictionary.csv	Matched Figure 1 code search query 'study_pair_id original replication'; lead_classification=corpus_database_or_project_signal; score=18; reasons=pair_term:original effect | pair_term:replication effect | pair_term:sample size | data_term:data | data_term:osf | replication_word | original_word | effect_or_sample_size_phrase | local_table_or_code_surface | query_phrase_in_text	triage_landing_page_or_package_for_pair_table
steps/searches/figure1/corporasearch-code-expanded-local-pair-field-signatures.json	Many Labs 3 Manuscript Tables	candidate_corpus_or_database	discovered_search_lead	yes	data/raw/replication_projects/ml3/Many Labs 3 Manuscript Tables.txt	data/raw/replication_projects/ml3/Many Labs 3 Manuscript Tables.txt	Matched Figure 1 code search query 'study_pair_id original replication'; lead_classification=corpus_database_or_project_signal; score=15; reasons=strong_phrase:many labs | data_term:data | data_term:code | replication_word | original_word | local_table_or_code_surface | query_phrase_in_text	triage_landing_page_or_package_for_pair_table
steps/searches/figure1/corporasearch-code-expanded-local-pair-field-signatures.json	msrp additional report tables promoted pairs	candidate_corpus_or_database	discovered_search_lead	yes	data/derived/replication_pairs/harvest/promoted/msrp_additional_report_tables__promoted_pairs.csv	data/derived/replication_pairs/harvest/promoted/msrp_additional_report_tables__promoted_pairs.csv	Matched Figure 1 code search query 'study_pair_id original replication'; lead_classification=corpus_database_or_project_signal; score=15; reasons=strong_phrase:replication project | data_term:data | data_term:dataset | replication_word | original_word | local_table_or_code_surface | query_phrase_in_text	triage_landing_page_or_package_for_pair_table
steps/searches/figure1/corporasearch-code-expanded-local-pair-field-signatures.json	msrp croson donohue promoted pairs	candidate_corpus_or_database	discovered_search_lead	yes	data/derived/replication_pairs/harvest/promoted/msrp_croson_donohue__promoted_pairs.csv	data/derived/replication_pairs/harvest/promoted/msrp_croson_donohue__promoted_pairs.csv	Matched Figure 1 code search query 'study_pair_id original replication'; lead_classification=corpus_database_or_project_signal; score=15; reasons=strong_phrase:replication project | data_term:data | data_term:dataset | replication_word | original_word | local_table_or_code_surface | query_phrase_in_text	triage_landing_page_or_package_for_pair_table
steps/searches/figure1/corporasearch-code-expanded-local-pair-field-signatures.json	msrp schweitzer cachon promoted pairs	candidate_corpus_or_database	discovered_search_lead	yes	data/derived/replication_pairs/harvest/promoted/msrp_schweitzer_cachon__promoted_pairs.csv	data/derived/replication_pairs/harvest/promoted/msrp_schweitzer_cachon__promoted_pairs.csv	Matched Figure 1 code search query 'study_pair_id original replication'; lead_classification=corpus_database_or_project_signal; score=15; reasons=strong_phrase:replication project | data_term:data | data_term:dataset | replication_word | original_word | local_table_or_code_surface | query_phrase_in_text	triage_landing_page_or_package_for_pair_table
steps/searches/figure1/corporasearch-code-expanded-local-pair-field-signatures.json	rrr bouwmeester site rows promoted pairs	candidate_corpus_or_database	discovered_search_lead	yes	data/derived/replication_pairs/harvest/promoted/rrr_bouwmeester_site_rows__promoted_pairs.csv	data/derived/replication_pairs/harvest/promoted/rrr_bouwmeester_site_rows__promoted_pairs.csv	Matched Figure 1 code search query 'study_pair_id original replication'; lead_classification=corpus_database_or_project_signal; score=15; reasons=strong_phrase:registered replication report | data_term:data | data_term:dataset | replication_word | original_word | local_table_or_code_surface | query_phrase_in_text	triage_landing_page_or_package_for_pair_table
steps/searches/figure1/corporasearch-code-expanded-local-pair-field-signatures.json	rrr cheung site rows promoted pairs	candidate_corpus_or_database	discovered_search_lead	yes	data/derived/replication_pairs/harvest/promoted/rrr_cheung_site_rows__promoted_pairs.csv	data/derived/replication_pairs/harvest/promoted/rrr_cheung_site_rows__promoted_pairs.csv	Matched Figure 1 code search query 'study_pair_id original replication'; lead_classification=corpus_database_or_project_signal; score=15; reasons=strong_phrase:registered replication report | data_term:data | data_term:dataset | replication_word | original_word | local_table_or_code_surface | query_phrase_in_text	triage_landing_page_or_package_for_pair_table
steps/searches/figure1/corporasearch-code-expanded-local-pair-field-signatures.json	rrr colling snarc promoted pairs	candidate_corpus_or_database	discovered_search_lead	yes	data/derived/replication_pairs/harvest/promoted/rrr_colling_snarc__promoted_pairs.csv	data/derived/replication_pairs/harvest/promoted/rrr_colling_snarc__promoted_pairs.csv	Matched Figure 1 code search query 'study_pair_id original replication'; lead_classification=corpus_database_or_project_signal; score=15; reasons=strong_phrase:registered replication report | data_term:data | data_term:dataset | replication_word | original_word | local_table_or_code_surface | query_phrase_in_text	triage_landing_page_or_package_for_pair_table
steps/searches/figure1/corporasearch-code-expanded-local-pair-field-signatures.json	rrr elliott aggregate rows promoted pairs	candidate_corpus_or_database	discovered_search_lead	yes	data/derived/replication_pairs/harvest/promoted/rrr_elliott_aggregate_rows__promoted_pairs.csv	data/derived/replication_pairs/harvest/promoted/rrr_elliott_aggregate_rows__promoted_pairs.csv	Matched Figure 1 code search query 'study_pair_id original replication'; lead_classification=corpus_database_or_project_signal; score=15; reasons=strong_phrase:registered replication report | data_term:data | data_term:dataset | replication_word | original_word | local_table_or_code_surface | query_phrase_in_text	triage_landing_page_or_package_for_pair_table
steps/searches/figure1/corporasearch-code-expanded-local-pair-field-signatures.json	rrr mccarthy site rows promoted pairs	candidate_corpus_or_database	discovered_search_lead	yes	data/derived/replication_pairs/harvest/promoted/rrr_mccarthy_site_rows__promoted_pairs.csv	data/derived/replication_pairs/harvest/promoted/rrr_mccarthy_site_rows__promoted_pairs.csv	Matched Figure 1 code search query 'study_pair_id original replication'; lead_classification=corpus_database_or_project_signal; score=15; reasons=strong_phrase:registered replication report | data_term:data | data_term:dataset | replication_word | original_word | local_table_or_code_surface | query_phrase_in_text	triage_landing_page_or_package_for_pair_table
steps/searches/figure1/corporasearch-code-expanded-local-pair-field-signatures.json	rrr verschuere site rows promoted pairs	candidate_corpus_or_database	discovered_search_lead	yes	data/derived/replication_pairs/harvest/promoted/rrr_verschuere_site_rows__promoted_pairs.csv	data/derived/replication_pairs/harvest/promoted/rrr_verschuere_site_rows__promoted_pairs.csv	Matched Figure 1 code search query 'study_pair_id original replication'; lead_classification=corpus_database_or_project_signal; score=15; reasons=strong_phrase:registered replication report | data_term:data | data_term:dataset | replication_word | original_word | local_table_or_code_surface | query_phrase_in_text	triage_landing_page_or_package_for_pair_table
steps/searches/figure1/corporasearch-code-expanded-local-pair-field-signatures.json	osf 06 RP CB Final Analysis - Effect level data	candidate_corpus_or_database	discovered_search_lead	yes	data/raw/replication_projects/lead_harvest/rpcb_e5nvr/osf_06__RP_CB_Final_Analysis_-_Effect_level_data.csv	data/raw/replication_projects/lead_harvest/rpcb_e5nvr/osf_06__RP_CB_Final_Analysis_-_Effect_level_data.csv	Matched Figure 1 code search query 'study_pair_id original replication'; lead_classification=corpus_database_or_project_signal; score=14; reasons=pair_term:sample size | data_term:data | data_term:osf | replication_word | original_word | effect_or_sample_size_phrase | local_table_or_code_surface | query_phrase_in_text	triage_landing_page_or_package_for_pair_table
steps/searches/figure1/corporasearch-code-expanded-local-pair-field-signatures.json	osf 01 RP CB Final Analysis - Paper level data dictionary	candidate_corpus_or_database	discovered_search_lead	yes	data/raw/replication_projects/lead_harvest/rpcb_e5nvr/osf_01__RP_CB_Final_Analysis_-_Paper_level_data_dictionary.csv	data/raw/replication_projects/lead_harvest/rpcb_e5nvr/osf_01__RP_CB_Final_Analysis_-_Paper_level_data_dictionary.csv	Matched Figure 1 code search query 'study_pair_id original replication'; lead_classification=corpus_database_or_project_signal; score=10; reasons=data_term:data | data_term:osf | replication_word | original_word | local_table_or_code_surface | query_phrase_in_text	triage_landing_page_or_package_for_pair_table
steps/searches/figure1/corporasearch-code-expanded-local-pair-field-signatures.json	osf 02 RP CB Final Analysis - Experiment level data dictionary	candidate_corpus_or_database	discovered_search_lead	yes	data/raw/replication_projects/lead_harvest/rpcb_e5nvr/osf_02__RP_CB_Final_Analysis_-_Experiment_level_data_dictionary.csv	data/raw/replication_projects/lead_harvest/rpcb_e5nvr/osf_02__RP_CB_Final_Analysis_-_Experiment_level_data_dictionary.csv	Matched Figure 1 code search query 'study_pair_id original replication'; lead_classification=corpus_database_or_project_signal; score=10; reasons=data_term:data | data_term:osf | replication_word | original_word | local_table_or_code_surface | query_phrase_in_text	triage_landing_page_or_package_for_pair_table
steps/searches/figure1/corporasearch-code-expanded-local-pair-field-signatures.json	osf 03 RP CB Final Analysis - Paper level data	candidate_corpus_or_database	discovered_search_lead	yes	data/raw/replication_projects/lead_harvest/rpcb_e5nvr/osf_03__RP_CB_Final_Analysis_-_Paper_level_data.csv	data/raw/replication_projects/lead_harvest/rpcb_e5nvr/osf_03__RP_CB_Final_Analysis_-_Paper_level_data.csv	Matched Figure 1 code search query 'study_pair_id original replication'; lead_classification=corpus_database_or_project_signal; score=10; reasons=data_term:data | data_term:osf | replication_word | original_word | local_table_or_code_surface | query_phrase_in_text	triage_landing_page_or_package_for_pair_table
steps/searches/figure1/corporasearch-code-expanded-local-pair-field-signatures.json	osf 05 RP CB Final Analysis - Experiment level data	candidate_corpus_or_database	discovered_search_lead	yes	data/raw/replication_projects/lead_harvest/rpcb_e5nvr/osf_05__RP_CB_Final_Analysis_-_Experiment_level_data.csv	data/raw/replication_projects/lead_harvest/rpcb_e5nvr/osf_05__RP_CB_Final_Analysis_-_Experiment_level_data.csv	Matched Figure 1 code search query 'study_pair_id original replication'; lead_classification=corpus_database_or_project_signal; score=10; reasons=data_term:data | data_term:osf | replication_word | original_word | local_table_or_code_surface | query_phrase_in_text	triage_landing_page_or_package_for_pair_table
steps/searches/figure1/corporasearch-domain-expanded-crossfield-replication-datasets.json	Replication Data from the Reproducibility Project: Cancer Biology	candidate_corpus_or_database	discovered_search_lead	yes	https://osf.io/nh23b/	nh23b	Matched Figure 1 domain search query 'preclinical cancer biology reproducibility project effect level data'; lead_classification=corpus_database_or_project_signal; score=12; reasons=strong_phrase:reproducibility project | data_term:data | data_term:dataset | replication_word | repository_data_surface | metadata_corpus_signal	triage_landing_page_or_package_for_pair_table
steps/searches/figure1/corporasearch-domain-expanded-crossfield-replication-datasets.json	Raising teachers’ awareness about corrective feedback through research replication	candidate_corpus_or_database	discovered_search_lead	yes	https://doi.org/10.1177/1362168810375365	https://openalex.org/W2101299574	Matched Figure 1 domain search query 'language acquisition replication project data'; lead_classification=corpus_database_or_project_signal; score=10; reasons=strong_phrase:replication project | data_term:data | replication_word | metadata_corpus_signal	triage_landing_page_or_package_for_pair_table
steps/searches/figure1/corporasearch-gptcoverage-expanded-missing-source-family-targets.json	Probabilistic forecasting of replication studies.	candidate_corpus_or_database	discovered_search_lead	no	https://doi.org/10.1371/journal.pone.0231416	PMC7176099	"Matched Figure 1 citation search query '""Experimental Philosophy Replicability Project"" ""data""'; lead_classification=corpus_database_or_project_signal; score=28; reasons=strong_phrase:replication project | strong_phrase:large-scale replication | strong_phrase:replication studies | pair_term:original study | pair_term:original studies | pair_term:replication effect | data_term:data | replication_word | original_word | metadata_corpus_signal"	triage_landing_page_or_package_for_pair_table
steps/searches/figure1/corporasearch-gptcoverage-expanded-missing-source-family-targets.json	Replication of Palmer et al (2016) 'Enhanced expectancies facilitate golf putting'	candidate_corpus_or_database	discovered_search_lead	yes	https://osf.io/8mnd3/	8mnd3	"Matched Figure 1 citation search query '""Sports Science Replication Centre"" data'; lead_classification=corpus_database_or_project_signal; score=12; reasons=strong_phrase:replication project | data_term:data | data_term:repository | replication_word | repository_data_surface | metadata_corpus_signal"	triage_landing_page_or_package_for_pair_table
steps/searches/figure1/corporasearch-gptcoverage-expanded-missing-source-family-targets.json	ECLS-K Replication Project	candidate_corpus_or_database	discovered_search_lead	yes	https://osf.io/gvzwe/	gvzwe	"Matched Figure 1 citation search query '""ReScience""'; lead_classification=corpus_database_or_project_signal; score=10; reasons=strong_phrase:replication project | replication_word | metadata_corpus_signal | query_phrase_in_text"	triage_landing_page_or_package_for_pair_table
steps/searches/figure1/corporasearch-gptcoverage-expanded-missing-source-family-targets.json	ECLS-K Replication Project	candidate_corpus_or_database	discovered_search_lead	yes	https://osf.io/hsgj2/	hsgj2	"Matched Figure 1 citation search query '""ReScience""'; lead_classification=corpus_database_or_project_signal; score=10; reasons=strong_phrase:replication project | replication_word | metadata_corpus_signal | query_phrase_in_text"	triage_landing_page_or_package_for_pair_table
steps/searches/figure1/corporasearch-gptcoverage-expanded-missing-source-family-targets.json	Replication of De Britto et al (2017)	candidate_corpus_or_database	discovered_search_lead	yes	https://osf.io/qrvph/	qrvph	"Matched Figure 1 citation search query '""Sports Science Replication Centre""'; lead_classification=corpus_database_or_project_signal; score=10; reasons=strong_phrase:replication project | replication_word | metadata_corpus_signal | query_phrase_in_text"	triage_landing_page_or_package_for_pair_table
steps/searches/figure1/corporasearch-gptcoverage-expanded-missing-source-family-targets.json	"Replication of Roxborough and Cumby (2009), ""Folk Psychological Concepts: Causation"", Philosophical Psychology"	candidate_corpus_or_database	discovered_search_lead	yes	https://doi.org/10.17605/osf.io/p56ke	https://openalex.org/W2903176861	"Matched Figure 1 citation search query '""Experimental Philosophy-Replications""'; lead_classification=corpus_database_or_project_signal; score=9; reasons=strong_phrase:replication project | replication_word | metadata_corpus_signal"	triage_landing_page_or_package_for_pair_table
steps/searches/figure1/corporasearch-gptcoverage-expanded-missing-source-family-targets.json	Replication of MacMahon et al (2019)	candidate_corpus_or_database	discovered_search_lead	no	https://osf.io/enm5q/	enm5q	"Matched Figure 1 citation search query '""Sports Sciences Replications""'; lead_classification=corpus_database_or_project_signal; score=9; reasons=strong_phrase:replication project | replication_word | metadata_corpus_signal"	triage_landing_page_or_package_for_pair_table
steps/searches/figure1/corporasearch-gptcoverage-expanded-missing-source-family-targets.json	"Replication of Nahmias et al (2005), ""Surveying Freedom"", Philosophical Psychology"	candidate_corpus_or_database	discovered_search_lead	yes	https://osf.io/26yzu/	26yzu	"Matched Figure 1 citation search query '""Experimental Philosophy Replicability Project"" ""data""'; lead_classification=corpus_database_or_project_signal; score=9; reasons=strong_phrase:replication project | replication_word | metadata_corpus_signal"	triage_landing_page_or_package_for_pair_table
steps/searches/figure1/corporasearch-gptcoverage-expanded-missing-source-family-targets.json	"Replication of Roxborough and Cumby (2009), ""Folk Psychological Concepts: Causation"", Philosophical Psychology"	candidate_corpus_or_database	discovered_search_lead	yes	https://osf.io/p56ke/	p56ke	"Matched Figure 1 citation search query '""Experimental Philosophy Replicability Project"" ""data""'; lead_classification=corpus_database_or_project_signal; score=9; reasons=strong_phrase:replication project | replication_word | metadata_corpus_signal"	triage_landing_page_or_package_for_pair_table
steps/searches/figure1/corporasearch-gptcoverage-expanded-missing-source-family-targets.json	Reproducibility of Scientific Claims in <i>Drosophila</i> Immunity: A Retrospective Analysis of 400 Publications	candidate_corpus_or_database	discovered_search_lead	yes	https://doi.org/10.1101/2025.07.07.663442	https://doi.org/10.1101/2025.07.07.663442	"Matched Figure 1 citation search query '""ReproSci"" ""claims"" ""articles"" ""comments""'; lead_classification=corpus_database_or_project_signal; score=8; reasons=strong_phrase:reproducibility project | data_term:data | metadata_corpus_signal"	triage_landing_page_or_package_for_pair_table
steps/searches/figure1/corporasearch-gptcoverage-expanded-missing-source-family-targets.json	Reproducibility of Scientific Claims in <i>Drosophila</i> Immunity: A Retrospective Analysis of 400 Publications	candidate_corpus_or_database	discovered_search_lead	yes	https://doi.org/10.1101/2025.07.07.663442	https://openalex.org/W4412190247	"Matched Figure 1 citation search query '""ReproSci"" ""Fly immunity""'; lead_classification=corpus_database_or_project_signal; score=8; reasons=strong_phrase:reproducibility project | data_term:data | metadata_corpus_signal"	triage_landing_page_or_package_for_pair_table
steps/searches/figure1/corporasearch-gptcoverage-expanded-missing-source-family-targets.json	Reviewer #1 (Public review): Reproducibility of Scientific Claims in Drosophila Immunity: A Retrospective Analysis of 400 Publications	candidate_corpus_or_database	discovered_search_lead	yes	https://doi.org/10.7554/elife.108404.1.sa3	https://openalex.org/W7124736192	"Matched Figure 1 citation search query '""ReproSci"" ""Fly immunity""'; lead_classification=corpus_database_or_project_signal; score=8; reasons=strong_phrase:reproducibility project | data_term:data | metadata_corpus_signal"	triage_landing_page_or_package_for_pair_table
steps/searches/figure1/corporasearch-gptcoverage-expanded-missing-source-family-targets.json	Reviewer #4 (Public review): Reproducibility of Scientific Claims in Drosophila Immunity: A Retrospective Analysis of 400 Publications	candidate_corpus_or_database	discovered_search_lead	yes	https://doi.org/10.7554/elife.108404.1.sa0	https://openalex.org/W7124741147	"Matched Figure 1 citation search query '""ReproSci"" ""Fly immunity""'; lead_classification=corpus_database_or_project_signal; score=8; reasons=strong_phrase:reproducibility project | data_term:data | metadata_corpus_signal"	triage_landing_page_or_package_for_pair_table
steps/searches/figure1/corporasearch-linkgraph-expanded-known-corpus-paper-dois-to-datasets.json	Variation and Covariation in Large-scale Replication Projects: An Evaluation of Replicability	candidate_corpus_or_database	discovered_search_lead	yes	https://dx.doi.org/10.6084/m9.figshare.19384031.v2	10.6084/m9.figshare.19384031.v2	Matched Figure 1 link_graph search query '10.1098/rsos.242076'; lead_classification=corpus_database_or_project_signal; score=19; reasons=strong_phrase:replication project | strong_phrase:large-scale replication | data_term:data | data_term:dataset | replication_word | known_corpus_paper_link_graph | query_phrase_in_text	triage_landing_page_or_package_for_pair_table
steps/searches/figure1/corporasearch-linkgraph-expanded-known-corpus-paper-dois-to-datasets.json	Can Large Language Models Replace Human Subjects? A Large-Scale Replication of Scenario-Based Experiments in Psychology and Management	candidate_corpus_or_database	discovered_search_lead	yes	https://springernature.figshare.com/articles/dataset/Can_Large_Language_Models_Replace_Human_Subjects_A_Large-Scale_Replication_of_Scenario-Based_Experiments_in_Psychology_and_Management/27157524	10.6084/m9.figshare.27157524	Matched Figure 1 link_graph search query '10.1038/s43588-025-00840-7'; lead_classification=corpus_database_or_project_signal; score=18; reasons=strong_phrase:large-scale replication | pair_term:original studies | data_term:data | data_term:code | data_term:repository | replication_word | original_word | known_corpus_paper_link_graph	triage_landing_page_or_package_for_pair_table
steps/searches/figure1/corporasearch-linkgraph-expanded-known-corpus-paper-dois-to-datasets.json	Can Large Language Models Replace Human Subjects? A Large-Scale Replication of Scenario-Based Experiments in Psychology and Management	candidate_corpus_or_database	discovered_search_lead	yes	https://springernature.figshare.com/articles/dataset/Can_Large_Language_Models_Replace_Human_Subjects_A_Large-Scale_Replication_of_Scenario-Based_Experiments_in_Psychology_and_Management/27157524/1	10.6084/m9.figshare.27157524.v1	Matched Figure 1 link_graph search query '10.1038/s43588-025-00840-7'; lead_classification=corpus_database_or_project_signal; score=18; reasons=strong_phrase:large-scale replication | pair_term:original studies | data_term:data | data_term:code | data_term:repository | replication_word | original_word | known_corpus_paper_link_graph	triage_landing_page_or_package_for_pair_table
steps/searches/figure1/corporasearch-linkgraph-expanded-known-corpus-paper-dois-to-datasets.json	Many Labs 3: Evaluating participant pool quality across the academic semester via replication	candidate_corpus_or_database	discovered_search_lead	no	https://doi.org/10.1016/j.jesp.2015.10.012	10.1016/j.jesp.2015.10.012	Matched Figure 1 link_graph search query '10.1016/j.jesp.2016.07.003'; lead_classification=corpus_database_or_project_signal; score=12; reasons=strong_phrase:many labs | replication_word | known_corpus_paper_link_graph | query_phrase_in_text	triage_landing_page_or_package_for_pair_table
steps/searches/figure1/corporasearch-linkgraph-expanded-known-corpus-paper-dois-to-datasets.json	Publication bias impacts on effect size, statistical power, and magnitude (Type M) and sign (Type S) errors in ecology and evolutionary biology	candidate_repository_package	discovered_search_lead	yes	https://dx.doi.org/10.6084/m9.figshare.c.6591104	10.6084/m9.figshare.c.6591104	Matched Figure 1 link_graph search query '10.1038/s41559-024-02530-5'; lead_classification=publication_data_or_software_link_graph_hit; score=11; reasons=pair_term:effect size | data_term:data | data_term:dataset | effect_or_sample_size_phrase | known_corpus_paper_link_graph | query_phrase_in_text	triage_linked_dataset_or_software_for_pair_table
steps/searches/figure1/corporasearch-linkgraph-expanded-known-corpus-paper-dois-to-datasets.json	‘Small’ sample size scenarios in animal behaviour: alternatives to the use of null hypothesis significance testing	candidate_repository_package	discovered_search_lead	yes	https://doi.org/10.1016/j.anbehav.2026.123536	10.1016/j.anbehav.2026.123536	Matched Figure 1 link_graph search query '10.31234/osf.io/25ju4'; lead_classification=publication_data_or_software_link_graph_hit; score=10; reasons=pair_term:sample size | data_term:osf | effect_or_sample_size_phrase | known_corpus_paper_link_graph | query_phrase_in_text	triage_linked_dataset_or_software_for_pair_table
steps/searches/figure1/corporasearch-linkgraph-expanded-known-corpus-paper-dois-to-datasets.json	Many AI Analysts, One Dataset: Navigating the Agentic Data Science Multiverse	candidate_repository_package	discovered_search_lead	yes	https://doi.org/10.48550/arxiv.2602.18710	10.48550/arxiv.2602.18710	Matched Figure 1 link_graph search query '10.31234/osf.io/25ju4'; lead_classification=publication_data_or_software_link_graph_hit; score=8; reasons=data_term:data | data_term:dataset | data_term:osf | known_corpus_paper_link_graph | query_phrase_in_text	triage_linked_dataset_or_software_for_pair_table
steps/searches/figure1/corporasearch-linkgraph-expanded-known-corpus-paper-dois-to-datasets.json	Additional file 1 of Overlooked poor-quality patient samples in sequencing data impair reproducibility of published clinically relevant datasets	candidate_repository_package	discovered_search_lead	yes	https://springernature.figshare.com/articles/journal_contribution/Additional_file_1_of_Overlooked_poor-quality_patient_samples_in_sequencing_data_impair_reproducibility_of_published_clinically_relevant_datasets/26768350/1	10.6084/m9.figshare.26768350.v1	Matched Figure 1 link_graph search query '10.7554/elife.04333'; lead_classification=publication_data_or_software_link_graph_hit; score=7; reasons=data_term:data | data_term:dataset | data_term:supplement | known_corpus_paper_link_graph	triage_linked_dataset_or_software_for_pair_table
steps/searches/figure1/corporasearch-linkgraph-expanded-known-corpus-paper-dois-to-datasets.json	Additional file 1 of Overlooked poor-quality patient samples in sequencing data impair reproducibility of published clinically relevant datasets	candidate_repository_package	discovered_search_lead	yes	https://springernature.figshare.com/articles/journal_contribution/Additional_file_1_of_Overlooked_poor-quality_patient_samples_in_sequencing_data_impair_reproducibility_of_published_clinically_relevant_datasets/26768350	10.6084/m9.figshare.26768350	Matched Figure 1 link_graph search query '10.7554/elife.04333'; lead_classification=publication_data_or_software_link_graph_hit; score=7; reasons=data_term:data | data_term:dataset | data_term:supplement | known_corpus_paper_link_graph	triage_linked_dataset_or_software_for_pair_table
steps/searches/figure1/corporasearch-linkgraph-expanded-known-corpus-paper-dois-to-datasets.json	Reduce, reuse, recycle: Introducing MetaPipeX, a framework for analyses of multi‐lab data	candidate_repository_package	discovered_search_lead	yes	https://doi.org/10.1002/jrsm.1733	10.1002/jrsm.1733	Matched Figure 1 link_graph search query '10.31222/osf.io/9tmua'; lead_classification=publication_data_or_software_link_graph_hit; score=7; reasons=data_term:data | data_term:osf | known_corpus_paper_link_graph | query_phrase_in_text	triage_linked_dataset_or_software_for_pair_table
steps/searches/figure1/corporasearch-linkgraph-expanded-known-corpus-paper-dois-to-datasets.json	Finding Correspondence between Metabolomic Features in Untargeted Liquid Chromatography–Mass Spectrometry Metabolomics Datasets	candidate_repository_package	discovered_search_lead	yes	https://doi.org/10.1021/acs.analchem.1c03592	10.1021/acs.analchem.1c03592	Matched Figure 1 link_graph search query '10.1038/s41540-025-00644-5'; lead_classification=publication_data_or_software_link_graph_hit; score=7; reasons=data_term:data | data_term:dataset | known_corpus_paper_link_graph | query_phrase_in_text	triage_linked_dataset_or_software_for_pair_table
steps/searches/figure1/corporasearch-linkgraph-expanded-known-corpus-paper-dois-to-datasets.json	Additional file 15 of Overlooked poor-quality patient samples in sequencing data impair reproducibility of published clinically relevant datasets	candidate_repository_package	discovered_search_lead	yes	https://springernature.figshare.com/articles/journal_contribution/Additional_file_15_of_Overlooked_poor-quality_patient_samples_in_sequencing_data_impair_reproducibility_of_published_clinically_relevant_datasets/26777803/1	10.6084/m9.figshare.26777803.v1	Matched Figure 1 link_graph search query '10.7554/elife.04333'; lead_classification=publication_data_or_software_link_graph_hit; score=6; reasons=data_term:data | data_term:dataset | known_corpus_paper_link_graph	triage_linked_dataset_or_software_for_pair_table
steps/searches/figure1/corporasearch-linkgraph-expanded-known-corpus-paper-dois-to-datasets.json	Additional file 15 of Overlooked poor-quality patient samples in sequencing data impair reproducibility of published clinically relevant datasets	candidate_repository_package	discovered_search_lead	yes	https://springernature.figshare.com/articles/journal_contribution/Additional_file_15_of_Overlooked_poor-quality_patient_samples_in_sequencing_data_impair_reproducibility_of_published_clinically_relevant_datasets/26777803	10.6084/m9.figshare.26777803	Matched Figure 1 link_graph search query '10.7554/elife.04333'; lead_classification=publication_data_or_software_link_graph_hit; score=6; reasons=data_term:data | data_term:dataset | known_corpus_paper_link_graph	triage_linked_dataset_or_software_for_pair_table
steps/searches/figure1/corporasearch-linkgraph-expanded-known-corpus-paper-dois-to-datasets.json	Changes in women's sexual interests and their partner's mate–retention tactics across the menstrual cycle: evidence for shifting conflicts of interest	candidate_repository_package	discovered_search_lead	yes	https://doi.org/10.1098/rspb.2001.1952	10.1098/rspb.2001.1952	Matched Figure 1 link_graph search query '10.31234/osf.io/gth8u'; lead_classification=publication_data_or_software_link_graph_hit; score=6; reasons=data_term:osf | known_corpus_paper_link_graph | query_phrase_in_text	triage_linked_dataset_or_software_for_pair_table
steps/searches/figure1/corporasearch-linkgraph-expanded-known-corpus-paper-dois-to-datasets.json	Development of new formulas to identify the fertile time of the menstrual cycle	candidate_repository_package	discovered_search_lead	yes	https://doi.org/10.1016/s0010-7824(96)00202-8	10.1016/s0010-7824(96)00202-8	Matched Figure 1 link_graph search query '10.31234/osf.io/gth8u'; lead_classification=publication_data_or_software_link_graph_hit; score=6; reasons=data_term:osf | known_corpus_paper_link_graph | query_phrase_in_text	triage_linked_dataset_or_software_for_pair_table
steps/searches/figure1/corporasearch-linkgraph-expanded-known-corpus-paper-dois-to-datasets.json	Increasing Transparency Through a Multiverse Analysis	candidate_repository_package	discovered_search_lead	yes	https://doi.org/10.1177/1745691616658637	10.1177/1745691616658637	Matched Figure 1 link_graph search query '10.31234/osf.io/gth8u'; lead_classification=publication_data_or_software_link_graph_hit; score=6; reasons=data_term:osf | known_corpus_paper_link_graph | query_phrase_in_text	triage_linked_dataset_or_software_for_pair_table
steps/searches/figure1/corporasearch-linkgraph-expanded-known-corpus-paper-dois-to-datasets.json	Sexual orientation predicts women’s preferences for sexually dimorphic face-shape characteristics	candidate_repository_package	discovered_search_lead	yes	https://doi.org/10.31234/osf.io/qn7pt	10.31234/osf.io/qn7pt	Matched Figure 1 link_graph search query '10.31234/osf.io/gth8u'; lead_classification=publication_data_or_software_link_graph_hit; score=6; reasons=data_term:osf | known_corpus_paper_link_graph | query_phrase_in_text	triage_linked_dataset_or_software_for_pair_table
steps/searches/figure1/corporasearch-linkgraph-expanded-known-corpus-paper-dois-to-datasets.json	The Influence of Facial Femininity on Chinese and White UK Women’s Jealousy	candidate_repository_package	discovered_search_lead	yes	https://doi.org/10.1007/s40806-018-0171-7	10.1007/s40806-018-0171-7	Matched Figure 1 link_graph search query '10.31234/osf.io/gth8u'; lead_classification=publication_data_or_software_link_graph_hit; score=6; reasons=data_term:osf | known_corpus_paper_link_graph | query_phrase_in_text	triage_linked_dataset_or_software_for_pair_table
steps/searches/figure1/corporasearch-linkgraph-expanded-known-corpus-paper-dois-to-datasets.json	With a Clean Conscience	candidate_repository_package	discovered_search_lead	yes	https://doi.org/10.1111/j.1467-9280.2008.02227.x	10.1111/j.1467-9280.2008.02227.x	Matched Figure 1 link_graph search query '10.31234/osf.io/gth8u'; lead_classification=publication_data_or_software_link_graph_hit; score=6; reasons=data_term:osf | known_corpus_paper_link_graph | query_phrase_in_text	triage_linked_dataset_or_software_for_pair_table
steps/searches/figure1/corporasearch-linkgraph-expanded-known-corpus-paper-dois-to-datasets.json	Critically Engaged Pragmatism: A Scientific Norm and Social, Pragmatist Epistemology for AI Science Evaluation Tools	candidate_repository_package	discovered_search_lead	yes	https://doi.org/10.48550/arxiv.2601.09753	10.48550/arxiv.2601.09753	Matched Figure 1 link_graph search query '10.31234/osf.io/25ju4'; lead_classification=publication_data_or_software_link_graph_hit; score=6; reasons=data_term:osf | known_corpus_paper_link_graph | query_phrase_in_text	triage_linked_dataset_or_software_for_pair_table
steps/searches/figure1/corporasearch-linkgraph-expanded-known-corpus-paper-dois-to-datasets.json	Toward Cumulative Cognitive Science: A Comparison of Meta-Analysis, Mega-Analysis, and Hybrid Approaches	candidate_repository_package	discovered_search_lead	yes	https://doi.org/10.1162/opmi_a_00048	10.1162/opmi_a_00048	Matched Figure 1 link_graph search query '10.31222/osf.io/9tmua'; lead_classification=publication_data_or_software_link_graph_hit; score=6; reasons=data_term:osf | known_corpus_paper_link_graph | query_phrase_in_text	triage_linked_dataset_or_software_for_pair_table
steps/searches/figure1/corporasearch-linkgraph-expanded-known-corpus-paper-dois-to-datasets.json	A Single Exposure to the American Flag Shifts Support Toward Republicanism up to 8 Months Later	candidate_repository_package	discovered_search_lead	yes	https://doi.org/10.1177/0956797611414726	10.1177/0956797611414726	Matched Figure 1 link_graph search query '10.31234/osf.io/25ju4'; lead_classification=publication_data_or_software_link_graph_hit; score=6; reasons=data_term:osf | known_corpus_paper_link_graph | query_phrase_in_text	triage_linked_dataset_or_software_for_pair_table
steps/searches/figure1/corporasearch-linkgraph-expanded-known-corpus-paper-dois-to-datasets.json	Additional file 1 of Menoci: lightweight extensible web portal enhancing data management for biomedical research projects	candidate_repository_package	discovered_search_lead	yes	https://springernature.figshare.com/articles/journal_contribution/Additional_file_1_of_Menoci_lightweight_extensible_web_portal_enhancing_data_management_for_biomedical_research_projects/13467225/1	10.6084/m9.figshare.13467225.v1	Matched Figure 1 link_graph search query '10.1038/s41562-016-0021'; lead_classification=publication_data_or_software_link_graph_hit; score=5; reasons=data_term:data | known_corpus_paper_link_graph	triage_linked_dataset_or_software_for_pair_table
steps/searches/figure1/corporasearch-linkgraph-expanded-known-corpus-paper-dois-to-datasets.json	Additional file 1 of Menoci: lightweight extensible web portal enhancing data management for biomedical research projects	candidate_repository_package	discovered_search_lead	yes	https://springernature.figshare.com/articles/journal_contribution/Additional_file_1_of_Menoci_lightweight_extensible_web_portal_enhancing_data_management_for_biomedical_research_projects/13467225	10.6084/m9.figshare.13467225	Matched Figure 1 link_graph search query '10.1038/s41562-016-0021'; lead_classification=publication_data_or_software_link_graph_hit; score=5; reasons=data_term:data | known_corpus_paper_link_graph	triage_linked_dataset_or_software_for_pair_table
steps/searches/figure1/corporasearch-linkgraph-expanded-known-corpus-paper-dois-to-datasets.json	Additional file 2 of Semantic and cognitive tools to aid statistical science: replace confidence and significance by compatibility and surprise	candidate_repository_package	discovered_search_lead	yes	https://springernature.figshare.com/articles/journal_contribution/Additional_file_2_of_Semantic_and_cognitive_tools_to_aid_statistical_science_replace_confidence_and_significance_by_compatibility_and_surprise/13031533/1	10.6084/m9.figshare.13031533.v1	Matched Figure 1 link_graph search query '10.1126/science.aac4716'; lead_classification=publication_data_or_software_link_graph_hit; score=5; reasons=data_term:supplement | known_corpus_paper_link_graph	triage_linked_dataset_or_software_for_pair_table
steps/searches/figure1/corporasearch-linkgraph-expanded-known-corpus-paper-dois-to-datasets.json	Additional file 2 of Semantic and cognitive tools to aid statistical science: replace confidence and significance by compatibility and surprise	candidate_repository_package	discovered_search_lead	yes	https://springernature.figshare.com/articles/journal_contribution/Additional_file_2_of_Semantic_and_cognitive_tools_to_aid_statistical_science_replace_confidence_and_significance_by_compatibility_and_surprise/13031533	10.6084/m9.figshare.13031533	Matched Figure 1 link_graph search query '10.1126/science.aac4716'; lead_classification=publication_data_or_software_link_graph_hit; score=5; reasons=data_term:supplement | known_corpus_paper_link_graph	triage_linked_dataset_or_software_for_pair_table
steps/searches/figure1/corporasearch-linkgraph-expanded-known-corpus-paper-dois-to-datasets.json	Additional file 1 of Is there prejudice from thin air? Replicating the effect of emotion on automatic intergroup attitudes	candidate_repository_package	needs_triage_search_lead	yes	https://springernature.figshare.com/articles/journal_contribution/Additional_file_1_of_Is_there_prejudice_from_thin_air_Replicating_the_effect_of_emotion_on_automatic_intergroup_attitudes/12262283/1	10.6084/m9.figshare.12262283.v1	Matched Figure 1 link_graph search query '10.1126/science.aac4716'; lead_classification=publication_data_or_software_link_graph_hit; score=4; reasons=known_corpus_paper_link_graph	triage_linked_dataset_or_software_for_pair_table
steps/searches/figure1/corporasearch-linkgraph-expanded-known-corpus-paper-dois-to-datasets.json	Additional file 1 of Is there prejudice from thin air? Replicating the effect of emotion on automatic intergroup attitudes	candidate_repository_package	needs_triage_search_lead	yes	https://springernature.figshare.com/articles/journal_contribution/Additional_file_1_of_Is_there_prejudice_from_thin_air_Replicating_the_effect_of_emotion_on_automatic_intergroup_attitudes/12262283	10.6084/m9.figshare.12262283	Matched Figure 1 link_graph search query '10.1126/science.aac4716'; lead_classification=publication_data_or_software_link_graph_hit; score=4; reasons=known_corpus_paper_link_graph	triage_linked_dataset_or_software_for_pair_table
steps/searches/figure1/corporasearch-linkgraph-expanded-known-corpus-paper-dois-to-datasets.json	Additional file 1 of Semantic and cognitive tools to aid statistical science: replace confidence and significance by compatibility and surprise	candidate_repository_package	needs_triage_search_lead	yes	https://springernature.figshare.com/articles/journal_contribution/Additional_file_1_of_Semantic_and_cognitive_tools_to_aid_statistical_science_replace_confidence_and_significance_by_compatibility_and_surprise/13031530/1	10.6084/m9.figshare.13031530.v1	Matched Figure 1 link_graph search query '10.1126/science.aac4716'; lead_classification=publication_data_or_software_link_graph_hit; score=4; reasons=known_corpus_paper_link_graph	triage_linked_dataset_or_software_for_pair_table
steps/searches/figure1/corporasearch-linkgraph-expanded-known-corpus-paper-dois-to-datasets.json	Additional file 1 of Semantic and cognitive tools to aid statistical science: replace confidence and significance by compatibility and surprise	candidate_repository_package	needs_triage_search_lead	yes	https://springernature.figshare.com/articles/journal_contribution/Additional_file_1_of_Semantic_and_cognitive_tools_to_aid_statistical_science_replace_confidence_and_significance_by_compatibility_and_surprise/13031530	10.6084/m9.figshare.13031530	Matched Figure 1 link_graph search query '10.1126/science.aac4716'; lead_classification=publication_data_or_software_link_graph_hit; score=4; reasons=known_corpus_paper_link_graph	triage_linked_dataset_or_software_for_pair_table
steps/searches/figure1/corporasearch-linkgraph-expanded-known-corpus-paper-dois-to-datasets.json	Additional file 1 of The REPRISE project: protocol for an evaluation of REProducibility and Replicability In Syntheses of Evidence	candidate_repository_package	needs_triage_search_lead	yes	https://springernature.figshare.com/articles/journal_contribution/Additional_file_1_of_The_REPRISE_project_protocol_for_an_evaluation_of_REProducibility_and_Replicability_In_Syntheses_of_Evidence/14442918/1	10.6084/m9.figshare.14442918.v1	Matched Figure 1 link_graph search query '10.7554/elife.04333'; lead_classification=publication_data_or_software_link_graph_hit; score=4; reasons=known_corpus_paper_link_graph	triage_linked_dataset_or_software_for_pair_table
steps/searches/figure1/corporasearch-linkgraph-expanded-known-corpus-paper-dois-to-datasets.json	Additional file 1 of The REPRISE project: protocol for an evaluation of REProducibility and Replicability In Syntheses of Evidence	candidate_repository_package	needs_triage_search_lead	yes	https://springernature.figshare.com/articles/journal_contribution/Additional_file_1_of_The_REPRISE_project_protocol_for_an_evaluation_of_REProducibility_and_Replicability_In_Syntheses_of_Evidence/14442918	10.6084/m9.figshare.14442918	Matched Figure 1 link_graph search query '10.7554/elife.04333'; lead_classification=publication_data_or_software_link_graph_hit; score=4; reasons=known_corpus_paper_link_graph	triage_linked_dataset_or_software_for_pair_table
steps/searches/figure1/corporasearch-linkgraph-expanded-known-corpus-paper-dois-to-datasets.json	Additional file 1 of Traditional and biomedical care pathways for mental well‐being in rural Nepal	candidate_repository_package	needs_triage_search_lead	yes	https://springernature.figshare.com/articles/journal_contribution/Additional_file_1_of_Traditional_and_biomedical_care_pathways_for_mental_well_being_in_rural_Nepal/13545817/1	10.6084/m9.figshare.13545817.v1	Matched Figure 1 link_graph search query '10.1038/s41562-018-0399-z'; lead_classification=publication_data_or_software_link_graph_hit; score=4; reasons=known_corpus_paper_link_graph	triage_linked_dataset_or_software_for_pair_table
steps/searches/figure1/corporasearch-linkgraph-expanded-known-corpus-paper-dois-to-datasets.json	Additional file 1 of Traditional and biomedical care pathways for mental well‐being in rural Nepal	candidate_repository_package	needs_triage_search_lead	yes	https://springernature.figshare.com/articles/journal_contribution/Additional_file_1_of_Traditional_and_biomedical_care_pathways_for_mental_well_being_in_rural_Nepal/13545817	10.6084/m9.figshare.13545817	Matched Figure 1 link_graph search query '10.1038/s41562-018-0399-z'; lead_classification=publication_data_or_software_link_graph_hit; score=4; reasons=known_corpus_paper_link_graph	triage_linked_dataset_or_software_for_pair_table
steps/searches/figure1/corporasearch-linkgraph-expanded-known-corpus-paper-dois-to-datasets.json	Additional file 1 of Transparency of peer review: a semi-structured interview study with chief editors from social sciences and humanities	candidate_repository_package	needs_triage_search_lead	yes	https://springernature.figshare.com/articles/journal_contribution/Additional_file_1_of_Transparency_of_peer_review_a_semi-structured_interview_study_with_chief_editors_from_social_sciences_and_humanities/17037603/1	10.6084/m9.figshare.17037603.v1	Matched Figure 1 link_graph search query '10.1038/s41562-016-0021'; lead_classification=publication_data_or_software_link_graph_hit; score=4; reasons=known_corpus_paper_link_graph	triage_linked_dataset_or_software_for_pair_table
steps/searches/figure1/corporasearch-linkgraph-expanded-known-corpus-paper-dois-to-datasets.json	Additional file 1 of Transparency of peer review: a semi-structured interview study with chief editors from social sciences and humanities	candidate_repository_package	needs_triage_search_lead	yes	https://springernature.figshare.com/articles/journal_contribution/Additional_file_1_of_Transparency_of_peer_review_a_semi-structured_interview_study_with_chief_editors_from_social_sciences_and_humanities/17037603	10.6084/m9.figshare.17037603	Matched Figure 1 link_graph search query '10.1038/s41562-016-0021'; lead_classification=publication_data_or_software_link_graph_hit; score=4; reasons=known_corpus_paper_link_graph	triage_linked_dataset_or_software_for_pair_table
steps/searches/figure1/corporasearch-linkgraph-expanded-known-corpus-paper-dois-to-datasets.json	Additional file 2 of Traditional and biomedical care pathways for mental well‐being in rural Nepal	candidate_repository_package	needs_triage_search_lead	yes	https://springernature.figshare.com/articles/journal_contribution/Additional_file_2_of_Traditional_and_biomedical_care_pathways_for_mental_well_being_in_rural_Nepal/13545820/1	10.6084/m9.figshare.13545820.v1	Matched Figure 1 link_graph search query '10.1038/s41562-018-0399-z'; lead_classification=publication_data_or_software_link_graph_hit; score=4; reasons=known_corpus_paper_link_graph	triage_linked_dataset_or_software_for_pair_table
steps/searches/figure1/corporasearch-linkgraph-expanded-known-corpus-paper-dois-to-datasets.json	Additional file 2 of Traditional and biomedical care pathways for mental well‐being in rural Nepal	candidate_repository_package	needs_triage_search_lead	yes	https://springernature.figshare.com/articles/journal_contribution/Additional_file_2_of_Traditional_and_biomedical_care_pathways_for_mental_well_being_in_rural_Nepal/13545820	10.6084/m9.figshare.13545820	Matched Figure 1 link_graph search query '10.1038/s41562-018-0399-z'; lead_classification=publication_data_or_software_link_graph_hit; score=4; reasons=known_corpus_paper_link_graph	triage_linked_dataset_or_software_for_pair_table
steps/searches/figure1/corporasearch-repository-expanded-replication-corpus-database-package.json	Dataset for: A plea to stop using the case-control design in retrospective database studies	candidate_repository_package	discovered_search_lead	yes	https://wiley.figshare.com/articles/Dataset_for_A_plea_to_stop_using_the_case-control_design_in_retrospective_database_studies/8127305/1	10.6084/m9.figshare.8127305.v1	"Matched Figure 1 repository search query '""replication studies"" ""dataset"" ""effect size"" ""original""'; lead_classification=repository_hit_without_corpus_confirmation; score=19; reasons=strong_phrase:replication studies | pair_term:original studies | pair_term:effect size | data_term:data | data_term:dataset | data_term:database | replication_word | original_word | effect_or_sample_size_phrase | dataset_metadata_surface"	triage_repository_for_pair_table_or_individual_route
steps/searches/figure1/corporasearch-repository-expanded-replication-corpus-database-package.json	Dataset for: A plea to stop using the case-control design in retrospective database studies	candidate_repository_package	discovered_search_lead	yes	https://wiley.figshare.com/articles/Dataset_for_A_plea_to_stop_using_the_case-control_design_in_retrospective_database_studies/8127305	10.6084/m9.figshare.8127305	"Matched Figure 1 repository search query '""replication studies"" ""dataset"" ""effect size"" ""original""'; lead_classification=repository_hit_without_corpus_confirmation; score=19; reasons=strong_phrase:replication studies | pair_term:original studies | pair_term:effect size | data_term:data | data_term:dataset | data_term:database | replication_word | original_word | effect_or_sample_size_phrase | dataset_metadata_surface"	triage_repository_for_pair_table_or_individual_route
steps/searches/figure1/corporasearch-repository-expanded-replication-corpus-database-package.json	Why Are Replication Rates So Low?	candidate_repository_package	discovered_search_lead	yes	https://doi.org/10.3886/E209644	doi:10.3886/E209644	"Matched Figure 1 repository search query '""original sample size"" ""replication sample size""'; lead_classification=repository_hit_without_corpus_confirmation; score=19; reasons=strong_phrase:replication studies | pair_term:original studies | pair_term:original effect | pair_term:effect size | pair_term:sample size | replication_word | original_word | effect_or_sample_size_phrase"	triage_repository_for_pair_table_or_individual_route
steps/searches/figure1/corporasearch-repository-expanded-replication-corpus-database-package.json	Why Are Replication Rates So Low?	candidate_repository_package	discovered_search_lead	yes	https://doi.org/10.3886/E209644V1	doi:10.3886/E209644V1	"Matched Figure 1 repository search query '""original sample size"" ""replication sample size""'; lead_classification=repository_hit_without_corpus_confirmation; score=19; reasons=strong_phrase:replication studies | pair_term:original studies | pair_term:original effect | pair_term:effect size | pair_term:sample size | replication_word | original_word | effect_or_sample_size_phrase"	triage_repository_for_pair_table_or_individual_route
steps/searches/figure1/corporasearch-repository-expanded-replication-corpus-database-package.json	Replication Project of Flamino et al. (2023)	candidate_corpus_or_database	discovered_search_lead	yes	https://osf.io/a4uxk/	a4uxk	"Matched Figure 1 repository search query '""replication project"" ""coded data"" ""original study""'; lead_classification=corpus_database_or_project_signal; score=17; reasons=strong_phrase:replication project | strong_phrase:large-scale replication | data_term:data | data_term:code | data_term:repository | data_term:osf | replication_word | repository_data_surface"	triage_landing_page_or_package_for_pair_table
steps/searches/figure1/corporasearch-repository-expanded-replication-corpus-database-package.json	Hackathon–Replications &amp; Reversals Across the Social Sciences	candidate_repository_package	discovered_search_lead	yes	https://osf.io/bkf2v/	bkf2v	"Matched Figure 1 repository search query '""replications and reversals"" ""database""'; lead_classification=repository_hit_without_corpus_confirmation; score=15; reasons=strong_phrase:replication studies | pair_term:original effect | pair_term:replication effect | pair_term:effect size | replication_word | original_word"	triage_repository_for_pair_table_or_individual_route
steps/searches/figure1/corporasearch-repository-expanded-replication-corpus-database-package.json	Psych 9702 Replication Project Template	candidate_corpus_or_database	discovered_search_lead	yes	https://osf.io/x4w8p/	x4w8p	"Matched Figure 1 repository search query '""replication project"" ""coded data"" ""original study""'; lead_classification=corpus_database_or_project_signal; score=14; reasons=strong_phrase:replication project | pair_term:original study | data_term:data | data_term:osf | replication_word | original_word | repository_data_surface"	triage_landing_page_or_package_for_pair_table
steps/searches/figure1/corporasearch-repository-expanded-replication-corpus-database-package.json	Replication value as a function of citation metrics and sample size	candidate_repository_package	discovered_search_lead	yes	https://osf.io/e35pu/	e35pu	"Matched Figure 1 repository search query '""replication"" ""original"" ""sample size"" ""effect size""'; lead_classification=repository_hit_without_corpus_confirmation; score=10; reasons=pair_term:sample size | data_term:data | replication_word | original_word | effect_or_sample_size_phrase | repository_data_surface"	triage_repository_for_pair_table_or_individual_route
steps/searches/figure1/corporasearch-repository-expanded-replication-corpus-database-package.json	Replication value as a function of citation metrics and sample size	candidate_repository_package	discovered_search_lead	yes	https://osf.io/tuymj/	tuymj	"Matched Figure 1 repository search query '""replication"" ""original"" ""sample size"" ""effect size""'; lead_classification=repository_hit_without_corpus_confirmation; score=10; reasons=pair_term:sample size | data_term:data | replication_word | original_word | effect_or_sample_size_phrase | repository_data_surface"	triage_repository_for_pair_table_or_individual_route
steps/searches/figure1/corporasearch-repository-expanded-replication-corpus-database-package.json	Data of the REST-meta-MDD Project from DIRECT Consortium	candidate_repository_package	discovered_search_lead	yes	https://www.scidb.cn/detail?dataSetId=cbeb3c7124bf47a6af7b3236a3aaf3a8	10.57760/sciencedb.o00115.00013	"Matched Figure 1 repository search query '""replication"" ""original"" ""sample size"" ""effect size""'; lead_classification=repository_hit_without_corpus_confirmation; score=8; reasons=pair_term:sample size | data_term:data | original_word | effect_or_sample_size_phrase | dataset_metadata_surface"	triage_repository_for_pair_table_or_individual_route
steps/searches/figure1/corporasearch-repository-provider-expanded-zenodo-figshare-dryad-replication-corpus-database-package.json	Using Cubic Splines in Crop Insurance Models – A Replication Study	candidate_repository_package	discovered_search_lead	yes	https://zenodo.org/records/17077529	17077529	"Matched Figure 1 repository search query '""direct replication"" ""original study"" ""data""'; lead_classification=repository_hit_without_corpus_confirmation; score=11; reasons=strong_phrase:replication studies | data_term:data | replication_word | original_word | dataset_metadata_surface"	triage_repository_for_pair_table_or_individual_route
steps/searches/figure1/corporasearch-repository-provider-expanded-zenodo-figshare-dryad-replication-corpus-database-package.json	Data from: Evaluating the foraging performance of individual honey bees in different environments with automated field RFID systems	candidate_corpus_or_database	discovered_search_lead	yes	https://doi.org/10.5061/dryad.83bk3j9s6	doi:10.5061/dryad.83bk3j9s6	"Matched Figure 1 repository search query '""large-scale replication"" ""data""'; lead_classification=corpus_database_or_project_signal; score=10; reasons=strong_phrase:large-scale replication | data_term:data | data_term:dataset | replication_word | dataset_metadata_surface"	triage_landing_page_or_package_for_pair_table
steps/searches/figure1/corporasearch-repository-provider-expanded-zenodo-figshare-dryad-replication-corpus-database-package.json	"A Dataset for a Paper Entitled ""The Popularity Hypothesis in Software Security: A Large-Scale Replication with PHP Packages"""	candidate_corpus_or_database	discovered_search_lead	yes	https://zenodo.org/records/14852281	14852281	"Matched Figure 1 repository search query '""large-scale replication"" ""data""'; lead_classification=corpus_database_or_project_signal; score=10; reasons=strong_phrase:large-scale replication | data_term:data | data_term:dataset | replication_word | dataset_metadata_surface"	triage_landing_page_or_package_for_pair_table
steps/searches/figure1/corporasearch-repository-provider-expanded-zenodo-figshare-dryad-replication-corpus-database-package.json	ljcolling/attentional_snarc V1.0	candidate_corpus_or_database	discovered_search_lead	yes	https://zenodo.org/records/3738555	3738555	"Matched Figure 1 repository search query '""registered replication report"" ""data""'; lead_classification=corpus_database_or_project_signal; score=8; reasons=strong_phrase:registered replication report | data_term:repository | replication_word"	triage_landing_page_or_package_for_pair_table
steps/searches/figure1/corporasearch-repository-provider-expanded-zenodo-figshare-dryad-replication-corpus-database-package.json	Replication of the Reliability Prediction for Health-Related Content A Replicability Study	candidate_repository_package	discovered_search_lead	yes	https://zenodo.org/records/7587436	7587436	"Matched Figure 1 repository search query '""replication database"" ""original"" ""replication""'; lead_classification=repository_hit_without_corpus_confirmation; score=8; reasons=pair_term:original study | data_term:code | replication_word | original_word | dataset_metadata_surface"	triage_repository_for_pair_table_or_individual_route
steps/searches/figure1/corporasearch-repository-provider-expanded-zenodo-figshare-dryad-replication-corpus-database-package.json	Software Development Effort Estimation	candidate_repository_package	discovered_search_lead	yes	https://zenodo.org/records/17277139	17277139	"Matched Figure 1 repository search query '""replication database"" ""original"" ""replication""'; lead_classification=repository_hit_without_corpus_confirmation; score=8; reasons=data_term:data | data_term:dataset | data_term:repository | replication_word | original_word | dataset_metadata_surface"	triage_repository_for_pair_table_or_individual_route
steps/searches/figure1/corporasearch-repository-provider-expanded-zenodo-figshare-dryad-replication-corpus-database-package.json	The coevolution of effort and replication, recreated, replicated and corrected	candidate_repository_package	discovered_search_lead	yes	https://zenodo.org/records/7547729	7547729	"Matched Figure 1 repository search query '""replication database"" ""original"" ""replication""'; lead_classification=repository_hit_without_corpus_confirmation; score=8; reasons=pair_term:original study | data_term:data | replication_word | original_word | dataset_metadata_surface"	triage_repository_for_pair_table_or_individual_route
steps/searches/figure1/corporasearch-repository-provider-expanded-zenodo-figshare-dryad-replication-corpus-database-package.json	A Replication Dataset for Fundamental Frequency Estimation	candidate_repository_package	discovered_search_lead	yes	https://zenodo.org/records/3904389	3904389	"Matched Figure 1 repository search query '""replication dataset"" ""original study""'; lead_classification=repository_hit_without_corpus_confirmation; score=6; reasons=data_term:data | data_term:dataset | data_term:code | replication_word | dataset_metadata_surface"	triage_repository_for_pair_table_or_individual_route
steps/searches/figure1/corporasearch-repository-provider-expanded-zenodo-figshare-dryad-replication-corpus-database-package.json	FulvioCorsi/ReplicationData-FromRotationalToScalarInvariance: First public release of replication dataset	candidate_repository_package	needs_triage_search_lead	yes	https://zenodo.org/records/15615258	15615258	"Matched Figure 1 repository search query '""replication dataset"" ""original study""'; lead_classification=repository_hit_without_corpus_confirmation; score=5; reasons=data_term:data | data_term:dataset | replication_word | dataset_metadata_surface"	triage_repository_for_pair_table_or_individual_route
steps/searches/figure1/corporasearch-repository-provider-expanded-zenodo-figshare-dryad-replication-corpus-database-package.json	pass-study-replication-dataset-msr25	candidate_repository_package	needs_triage_search_lead	yes	https://zenodo.org/records/14066441	14066441	"Matched Figure 1 repository search query '""replication dataset"" ""original study""'; lead_classification=repository_hit_without_corpus_confirmation; score=5; reasons=data_term:data | data_term:dataset | replication_word | dataset_metadata_surface"	triage_repository_for_pair_table_or_individual_route
steps/searches/figure1/corporasearch-repository-provider-expanded-zenodo-figshare-dryad-replication-corpus-database-package.json	Replication Dataset for Improving Normalized Hurricane Damages	candidate_repository_package	needs_triage_search_lead	yes	https://zenodo.org/records/7268305	7268305	"Matched Figure 1 repository search query '""replication dataset"" ""original study""'; lead_classification=repository_hit_without_corpus_confirmation; score=5; reasons=data_term:data | data_term:dataset | replication_word | dataset_metadata_surface"	triage_repository_for_pair_table_or_individual_route
steps/searches/figure1/corporasearch-repository-provider-expanded-zenodo-figshare-dryad-replication-corpus-database-package.json	Visitor and Kangaroo: A Yarbus Replication Dataset	candidate_repository_package	needs_triage_search_lead	yes	https://zenodo.org/records/18713736	18713736	"Matched Figure 1 repository search query '""replication dataset"" ""original study""'; lead_classification=repository_hit_without_corpus_confirmation; score=5; reasons=data_term:data | data_term:dataset | replication_word | dataset_metadata_surface"	triage_repository_for_pair_table_or_individual_route
steps/searches/figure1/corporasearch-repository-provider-expanded-zenodo-figshare-dryad-replication-corpus-database-package.json	PFG data	candidate_repository_package	needs_triage_search_lead	yes	https://figshare.com/articles/dataset/PFG_data/32147980	32147980	"Matched Figure 1 repository search query '""study_pair_id"" replication'; lead_classification=repository_hit_without_corpus_confirmation; score=4; reasons=data_term:data | replication_word | dataset_metadata_surface"	triage_repository_for_pair_table_or_individual_route
steps/searches/figure1/corporasearch-repository-provider-expanded-zenodo-figshare-dryad-replication-corpus-database-package.json	ljcolling/FischerRRR-eyetracking: Fischer et al (2003) multi-lab replication main task	candidate_repository_package	needs_triage_search_lead	yes	https://zenodo.org/records/3406447	3406447	"Matched Figure 1 repository search query '""multi-lab replication"" ""data""'; lead_classification=repository_hit_without_corpus_confirmation; score=4; reasons=data_term:code | replication_word | dataset_metadata_surface"	triage_repository_for_pair_table_or_individual_route
steps/searches/figure1/corporasearch-repository-provider-expanded-zenodo-figshare-dryad-replication-corpus-database-package.json	RADx Data Hub Global Codebook	candidate_repository_package	needs_triage_search_lead	yes	https://zenodo.org/records/16754495	16754495	"Matched Figure 1 repository search query '""direct replication"" ""original study"" ""data""'; lead_classification=repository_hit_without_corpus_confirmation; score=4; reasons=pair_term:original study | data_term:data | data_term:code | original_word | dataset_metadata_surface | no_replication_language_penalty"	triage_repository_for_pair_table_or_individual_route
steps/searches/figure1/corporasearch-sourcefamily-expanded-known-replication-project-aliases.json	Psychologists Update their Beliefs About Effect Sizes After Replication Studies	candidate_corpus_or_database	discovered_search_lead	yes	https://doi.org/10.31234/osf.io/hjcm4	https://openalex.org/W4242408708	"Matched Figure 1 citation search query '""Registered Replication Report"" ""supplementary data""'; lead_classification=corpus_database_or_project_signal; score=21; reasons=strong_phrase:replication project | strong_phrase:large-scale replication | strong_phrase:replication studies | pair_term:effect size | replication_word | metadata_corpus_signal"	triage_landing_page_or_package_for_pair_table
steps/searches/figure1/corporasearch-sourcefamily-expanded-known-replication-project-aliases.json	Die Vertrauenswürdigkeit von Replikationen : Der Einfluss von Präregistrierungen auf den Replikationserfolg	candidate_corpus_or_database	discovered_search_lead	yes	https://doi.org/10.20378/irb-105013	https://openalex.org/W4405610981	"Matched Figure 1 citation search query '""FORRT"" ""Replication Database""'; lead_classification=corpus_database_or_project_signal; score=12; reasons=strong_phrase:replication database | data_term:data | data_term:database | replication_word | metadata_corpus_signal | query_phrase_in_text"	triage_landing_page_or_package_for_pair_table
steps/searches/figure1/corporasearch-sourcefamily-expanded-known-replication-project-aliases.json	FORRT Replication Database (frozen version from 08/2024)	candidate_corpus_or_database	discovered_search_lead	yes	https://osf.io/c9rny/	c9rny	"Matched Figure 1 citation search query '""FReD"" ""Replication Database""'; lead_classification=corpus_database_or_project_signal; score=12; reasons=strong_phrase:replication database | data_term:data | data_term:database | replication_word | repository_data_surface | metadata_corpus_signal"	triage_landing_page_or_package_for_pair_table
steps/searches/figure1/corporasearch-sourcefamily-expanded-known-replication-project-aliases.json	Replication Data from the Reproducibility Project: Cancer Biology	candidate_corpus_or_database	discovered_search_lead	yes	https://osf.io/nh23b/	nh23b	"Matched Figure 1 citation search query '""Reproducibility Project: Cancer Biology"" ""effect level data""'; lead_classification=corpus_database_or_project_signal; score=12; reasons=strong_phrase:reproducibility project | data_term:data | data_term:dataset | replication_word | repository_data_surface | metadata_corpus_signal"	triage_landing_page_or_package_for_pair_table
steps/searches/figure1/corporasearch-sourcefamily-expanded-known-replication-project-aliases.json	Many Labs 3: ELM Follow Up Study	candidate_corpus_or_database	discovered_search_lead	yes	https://osf.io/chxja/	chxja	"Matched Figure 1 citation search query '""Many Labs 3"" replication data'; lead_classification=corpus_database_or_project_signal; score=11; reasons=strong_phrase:many labs | pair_term:original effect | replication_word | original_word"	triage_landing_page_or_package_for_pair_table
steps/searches/figure1/corporasearch-sourcefamily-expanded-known-replication-project-aliases.json	Many Labs 3: Evaluating participant pool quality across the academic semester via replication	candidate_corpus_or_database	discovered_search_lead	no	https://osf.io/xim23/	xim23	"Matched Figure 1 citation search query '""Many Labs 3"" replication data'; lead_classification=corpus_database_or_project_signal; score=11; reasons=strong_phrase:many labs | data_term:data | replication_word | repository_data_surface | metadata_corpus_signal"	triage_landing_page_or_package_for_pair_table
steps/searches/figure1/corporasearch-sourcefamily-expanded-known-replication-project-aliases.json	Many Labs 3: Evaluating participant pool quality across the academic semester via replication	candidate_corpus_or_database	discovered_search_lead	no	https://osf.io/652ze/	652ze	"Matched Figure 1 citation search query '""Many Labs 3"" replication data'; lead_classification=corpus_database_or_project_signal; score=11; reasons=strong_phrase:many labs | data_term:data | replication_word | repository_data_surface | metadata_corpus_signal"	triage_landing_page_or_package_for_pair_table
steps/searches/figure1/corporasearch-sourcefamily-expanded-known-replication-project-aliases.json	[complete] Needed: Data collection partners for Many Labs 5 (ML5) replication of Albarracín et al. 2008, Study 7	candidate_corpus_or_database	discovered_search_lead	yes	https://osf.io/beptk/	beptk	"Matched Figure 1 citation search query '""Many Labs 5"" replication data'; lead_classification=corpus_database_or_project_signal; score=9; reasons=strong_phrase:many labs | data_term:data | replication_word | repository_data_surface"	triage_landing_page_or_package_for_pair_table
steps/searches/figure1/corporasearch-sourcefamily-expanded-known-replication-project-aliases.json	Predicting success in Stage 1 of the Social Sciences Replication Project	candidate_corpus_or_database	discovered_search_lead	no	https://osf.io/5ec94/	5ec94	"Matched Figure 1 citation search query '""Social Science Replication Project"" data'; lead_classification=corpus_database_or_project_signal; score=9; reasons=strong_phrase:replication project | replication_word | metadata_corpus_signal"	triage_landing_page_or_package_for_pair_table
steps/searches/figure1/corporasearch-sourcefamily-expanded-known-replication-project-aliases.json	ljcolling/attentional_snarc V1.0	candidate_corpus_or_database	discovered_search_lead	yes	https://zenodo.org/records/3738555	3738555	"Matched Figure 1 citation search query '""Registered Replication Report"" ""supplementary data""'; lead_classification=corpus_database_or_project_signal; score=8; reasons=strong_phrase:registered replication report | data_term:repository | replication_word"	triage_landing_page_or_package_for_pair_table
steps/searches/figure1/corporasearch-sourcefamily-expanded-known-replication-project-aliases.json	Improving Statistical Analysis in Team Science: The Case of a Bayesian Multiverse of Many Labs 4	candidate_corpus_or_database	discovered_search_lead	yes	https://doi.org/10.31234/osf.io/cb9er	https://openalex.org/W3163808281	"Matched Figure 1 citation search query '""Many Labs 4"" replication data'; lead_classification=corpus_database_or_project_signal; score=7; reasons=strong_phrase:many labs | pair_term:full-scale | data_term:data | metadata_corpus_signal | no_replication_language_penalty"	triage_landing_page_or_package_for_pair_table
steps/searches/figure1/corporasearch-sourcefamily-expanded-known-replication-project-aliases.json	Improving Statistical Analysis in Team Science: The Case of a Bayesian Multiverse of Many Labs 4	candidate_corpus_or_database	discovered_search_lead	yes	https://doi.org/10.1177/25152459231182318	https://openalex.org/W4386123375	"Matched Figure 1 citation search query '""Many Labs 4"" replication data'; lead_classification=corpus_database_or_project_signal; score=7; reasons=strong_phrase:many labs | pair_term:full-scale | data_term:data | metadata_corpus_signal | no_replication_language_penalty"	triage_landing_page_or_package_for_pair_table
steps/searches/figure1/corporasearch-sourcefamily-expanded-known-replication-project-aliases.json	Does Spending Money on Others Promote Happiness? A Registered Replication Report (RRR)	candidate_corpus_or_database	discovered_search_lead	yes	https://osf.io/76kx3/	76kx3	"Matched Figure 1 citation search query '""RRR"" ""registered replication report"" data'; lead_classification=corpus_database_or_project_signal; score=7; reasons=strong_phrase:registered replication report | replication_word"	triage_landing_page_or_package_for_pair_table
steps/searches/figure1/corporasearch-specialsurfaces-expanded-openreview-rescience-gpt-source-family-pages.json	FORRT large-scale replication projects hub	candidate_corpus_or_database	discovered_search_lead	yes	https://forrt.org/replication-hub/large-scale-replication-projects/	https://forrt.org/replication-hub/large-scale-replication-projects/	Matched Figure 1 repository search query 'FORRT large-scale replication projects'; lead_classification=corpus_database_or_project_signal; score=15; reasons=strong_phrase:replication project | strong_phrase:large-scale replication | data_term:data | data_term:database | replication_word | query_phrase_in_text	triage_landing_page_or_package_for_pair_table
steps/searches/figure1/corporasearch-specialsurfaces-expanded-openreview-rescience-gpt-source-family-pages.json	ReScience C contents	candidate_repository_package	needs_triage_search_lead	yes	https://rescience.github.io/read/	https://rescience.github.io/read/	Matched Figure 1 repository search query 'ReScience C replication contents code DOI review URL'; lead_classification=repository_hit_without_corpus_confirmation; score=4; reasons=data_term:data | data_term:code | replication_word	triage_repository_for_pair_table_or_individual_route
