followup_id	plot_label	corpus_database_id	name	record_kind	priority	host	acquisition_route_type	current_acquisition_state	on_disk_after_automation	sampled_after_automation	followup_track	assigned_to	reason	landing_url	raw_url	existing_local_paths	suggested_action	gpt_question	user_action	notes
result_artifact_followup_d55e71bdfef18769	figure1	biblio_search_crossref_480bdd504b25	A large-scale replication of scenario-based experiments in psychology and management using large language models	candidate_corpus_or_database	high	doi.org	article_pdf_supplement_or_data_availability_route	needs_result_bearing_artifact_on_disk	yes	yes	codex_parser_or_result_mapping	codex	local sampled artifact exists but parser/result mapping may still be needed	https://doi.org/10.1038/s43588-025-00840-7			Inspect sampled local artifacts and route result-bearing tables to parser/extraction or reject/deprioritize if they are not Figure 1 result catalogs.			Goal is a local result-bearing artifact for this plot universe, not just a source-family landing page or bibliographic record.
result_artifact_followup_29fc3f67577b5fea	figure1	manual_search_manual_tracker_27c69d9dadd0	AEA RCT Registry	candidate_repository_package	high	manual_tracker	direct_download_or_api_snapshot	needs_result_bearing_artifact_on_disk	yes	yes	codex_parser_or_result_mapping	codex	local sampled artifact exists but parser/result mapping may still be needed	reports/corpus_suggestion_tracker.md	reports/corpus_suggestion_tracker.md		Inspect sampled local artifacts and route result-bearing tables to parser/extraction or reject/deprioritize if they are not Figure 1 result catalogs.			Goal is a local result-bearing artifact for this plot universe, not just a source-family landing page or bibliographic record.
result_artifact_followup_2d3fb7d3846e1de5	figure1	manual_search_manual_tracker_6b5329f87edd	BEAR combined database	candidate_repository_package	high	manual_tracker	direct_download_or_api_snapshot	needs_result_bearing_artifact_on_disk	yes	yes	codex_parser_or_result_mapping	codex	local sampled artifact exists but parser/result mapping may still be needed	reports/corpus_suggestion_tracker.md	reports/corpus_suggestion_tracker.md		Inspect sampled local artifacts and route result-bearing tables to parser/extraction or reject/deprioritize if they are not Figure 1 result catalogs.			Goal is a local result-bearing artifact for this plot universe, not just a source-family landing page or bibliographic record.
result_artifact_followup_56d164927ac3a595	figure1	manual_search_manual_tracker_2bcb667abe09	Barnett/Wren biomedical CI scrape through BEAR	candidate_repository_package	high	manual_tracker	direct_download_or_api_snapshot	needs_result_bearing_artifact_on_disk	yes	yes	codex_parser_or_result_mapping	codex	local sampled artifact exists but parser/result mapping may still be needed	reports/corpus_suggestion_tracker.md	reports/corpus_suggestion_tracker.md		Inspect sampled local artifacts and route result-bearing tables to parser/extraction or reject/deprioritize if they are not Figure 1 result catalogs.			Goal is a local result-bearing artifact for this plot universe, not just a source-family landing page or bibliographic record.
result_artifact_followup_9ed2d106f5458c76	figure1	manual_search_manual_tracker_9244ee72b4a3	Brodeur economics through BEAR	candidate_repository_package	high	manual_tracker	direct_download_or_api_snapshot	needs_result_bearing_artifact_on_disk	yes	yes	codex_parser_or_result_mapping	codex	local sampled artifact exists but parser/result mapping may still be needed	reports/corpus_suggestion_tracker.md	reports/corpus_suggestion_tracker.md		Inspect sampled local artifacts and route result-bearing tables to parser/extraction or reject/deprioritize if they are not Figure 1 result catalogs.			Goal is a local result-bearing artifact for this plot universe, not just a source-family landing page or bibliographic record.
result_artifact_followup_376f815512e69837	figure1	repo_search_datacite_1afe2afc30e4	Circadian typology is related to resilience and optimism in healthy adults	candidate_repository_package	high	zenodo.org	zenodo_record_file_download	needs_result_bearing_artifact_on_disk	yes	yes	codex_parser_or_result_mapping	codex	local sampled artifact exists but parser/result mapping may still be needed	https://zenodo.org/doi/10.5281/zenodo.18681900 | https://zenodo.org/doi/10.5281/zenodo.18681901			Inspect sampled local artifacts and route result-bearing tables to parser/extraction or reject/deprioritize if they are not Figure 1 result catalogs.			Goal is a local result-bearing artifact for this plot universe, not just a source-family landing page or bibliographic record.
result_artifact_followup_77093355cb003fa5	figure1	repo_search_datacite_6c01420a9094	FAIRsharing record for: Framework for Open and Reproducible Research Training - Replication Database	candidate_corpus_or_database	high	fairsharing.org	landing_page_inventory_or_manual_resolution	needs_result_bearing_artifact_on_disk	yes	yes	codex_parser_or_result_mapping	codex	local sampled artifact exists but parser/result mapping may still be needed	https://fairsharing.org/10.25504/FAIRsharing.ee7dba			Inspect sampled local artifacts and route result-bearing tables to parser/extraction or reject/deprioritize if they are not Figure 1 result catalogs.			Goal is a local result-bearing artifact for this plot universe, not just a source-family landing page or bibliographic record.
result_artifact_followup_757f000c623056be	figure1	manual_search_manual_tracker_f27967338f24	FORRT Replication Database / FReD	candidate_corpus_or_database	high	manual_tracker	direct_download_or_api_snapshot	needs_result_bearing_artifact_on_disk	yes	yes	codex_parser_or_result_mapping	codex	local sampled artifact exists but parser/result mapping may still be needed	reports/corpus_suggestion_tracker.md	reports/corpus_suggestion_tracker.md		Inspect sampled local artifacts and route result-bearing tables to parser/extraction or reject/deprioritize if they are not Figure 1 result catalogs.			Goal is a local result-bearing artifact for this plot universe, not just a source-family landing page or bibliographic record.
result_artifact_followup_247734070f8d35d8	figure1	repo_search_osf_8bd75e546e74	Fork of Reproducibility Project: Psychology	candidate_corpus_or_database	high	osf.io	osf_inventory_and_download	needs_result_bearing_artifact_on_disk	yes	yes	codex_parser_or_result_mapping	codex	local sampled artifact exists but parser/result mapping may still be needed	https://osf.io/wusvb/			Inspect sampled local artifacts and route result-bearing tables to parser/extraction or reject/deprioritize if they are not Figure 1 result catalogs.			Goal is a local result-bearing artifact for this plot universe, not just a source-family landing page or bibliographic record.
result_artifact_followup_3f6bd230fa30bc34	figure1	manual_search_manual_tracker_3bdb9d12bfd6	Howard et al. 2017 neurology selective reporting bias audit	candidate_repository_package	high	manual_tracker	direct_download_or_api_snapshot	needs_result_bearing_artifact_on_disk	yes	yes	codex_parser_or_result_mapping	codex	local sampled artifact exists but parser/result mapping may still be needed	reports/corpus_suggestion_tracker.md	reports/corpus_suggestion_tracker.md		Inspect sampled local artifacts and route result-bearing tables to parser/extraction or reject/deprioritize if they are not Figure 1 result catalogs.			Goal is a local result-bearing artifact for this plot universe, not just a source-family landing page or bibliographic record.
result_artifact_followup_3e754cd6cc31dc84	figure1	domain_search_osf_32ff619d7c35	Information bottlenecks in Behavioural Science: A framework and multi-dataset analysis of replication and generalization	candidate_corpus_or_database	high	osf.io	osf_inventory_and_download	needs_result_bearing_artifact_on_disk	yes	yes	codex_parser_or_result_mapping	codex	local sampled artifact exists but parser/result mapping may still be needed	https://osf.io/n67tk/			Inspect sampled local artifacts and route result-bearing tables to parser/extraction or reject/deprioritize if they are not Figure 1 result catalogs.			Goal is a local result-bearing artifact for this plot universe, not just a source-family landing page or bibliographic record.
result_artifact_followup_71cbb3c87a08088a	figure1	repo_search_osf_ea08e3722d17	Investigating variation in replicability: A “Many Labs” Replication Project	candidate_corpus_or_database	high	osf.io	osf_inventory_and_download	needs_result_bearing_artifact_on_disk	yes	yes	codex_parser_or_result_mapping	codex	local sampled artifact exists but parser/result mapping may still be needed	https://osf.io/scayl/ | https://osf.io/wx7ck/			Inspect sampled local artifacts and route result-bearing tables to parser/extraction or reject/deprioritize if they are not Figure 1 result catalogs.			Goal is a local result-bearing artifact for this plot universe, not just a source-family landing page or bibliographic record.
result_artifact_followup_72d448de04f24435	figure1	manual_search_manual_tracker_4d67efc9b112	Kühberger, Fritz & Scherndl 2014 psychology main-question results	candidate_repository_package	high	manual_tracker	direct_download_or_api_snapshot	needs_result_bearing_artifact_on_disk	yes	yes	codex_parser_or_result_mapping	codex	local sampled artifact exists but parser/result mapping may still be needed	reports/corpus_suggestion_tracker.md	reports/corpus_suggestion_tracker.md		Inspect sampled local artifacts and route result-bearing tables to parser/extraction or reject/deprioritize if they are not Figure 1 result catalogs.			Goal is a local result-bearing artifact for this plot universe, not just a source-family landing page or bibliographic record.
result_artifact_followup_9ab7f1cb2ec4e66b	figure1	manual_search_manual_tracker_06310c250070	Lancee et al. 2017 antipsychotic outcome-reporting audit	candidate_repository_package	high	manual_tracker	direct_download_or_api_snapshot	needs_result_bearing_artifact_on_disk	yes	yes	codex_parser_or_result_mapping	codex	local sampled artifact exists but parser/result mapping may still be needed	reports/corpus_suggestion_tracker.md	reports/corpus_suggestion_tracker.md		Inspect sampled local artifacts and route result-bearing tables to parser/extraction or reject/deprioritize if they are not Figure 1 result catalogs.			Goal is a local result-bearing artifact for this plot universe, not just a source-family landing page or bibliographic record.
result_artifact_followup_7d7425a1a2a6eafa	figure1	manual_search_manual_tracker_0e6561494e1f	Leight/Asri/Imai AEA publication-tracking paper	candidate_repository_package	high	manual_tracker	direct_download_or_api_snapshot	needs_result_bearing_artifact_on_disk	yes	yes	codex_parser_or_result_mapping	codex	local sampled artifact exists but parser/result mapping may still be needed	reports/corpus_suggestion_tracker.md	reports/corpus_suggestion_tracker.md		Inspect sampled local artifacts and route result-bearing tables to parser/extraction or reject/deprioritize if they are not Figure 1 result catalogs.			Goal is a local result-bearing artifact for this plot universe, not just a source-family landing page or bibliographic record.
result_artifact_followup_64f1837cbee69787	figure1	manual_search_manual_tracker_54f6f36cb89a	Many Labs 2 through BEAR	candidate_corpus_or_database	high	manual_tracker	direct_download_or_api_snapshot	needs_result_bearing_artifact_on_disk	yes	yes	codex_parser_or_result_mapping	codex	local sampled artifact exists but parser/result mapping may still be needed	reports/corpus_suggestion_tracker.md	reports/corpus_suggestion_tracker.md		Inspect sampled local artifacts and route result-bearing tables to parser/extraction or reject/deprioritize if they are not Figure 1 result catalogs.			Goal is a local result-bearing artifact for this plot universe, not just a source-family landing page or bibliographic record.
result_artifact_followup_4d9d391f9e49e696	figure1	manual_search_manual_tracker_afdc7a7c5ffa	Motyl et al. 2017 critical hypothesized tests	candidate_repository_package	high	manual_tracker	direct_download_or_api_snapshot	needs_result_bearing_artifact_on_disk	yes	yes	codex_parser_or_result_mapping	codex	local sampled artifact exists but parser/result mapping may still be needed	reports/corpus_suggestion_tracker.md	reports/corpus_suggestion_tracker.md		Inspect sampled local artifacts and route result-bearing tables to parser/extraction or reject/deprioritize if they are not Figure 1 result catalogs.			Goal is a local result-bearing artifact for this plot universe, not just a source-family landing page or bibliographic record.
result_artifact_followup_08107f364433ae56	figure1	manual_search_manual_tracker_66df900c9e83	Nordic trial reporting dataset	candidate_repository_package	high	manual_tracker	direct_download_or_api_snapshot	needs_result_bearing_artifact_on_disk	yes	yes	codex_parser_or_result_mapping	codex	local sampled artifact exists but parser/result mapping may still be needed	reports/corpus_suggestion_tracker.md	reports/corpus_suggestion_tracker.md		Inspect sampled local artifacts and route result-bearing tables to parser/extraction or reject/deprioritize if they are not Figure 1 result catalogs.			Goal is a local result-bearing artifact for this plot universe, not just a source-family landing page or bibliographic record.
result_artifact_followup_d219286765098d36	figure1	manual_search_manual_tracker_80501a192068	"Older Brodeur ""Methods Matter"" / OpenICPSR file"	candidate_repository_package	high	manual_tracker	direct_download_or_api_snapshot	needs_result_bearing_artifact_on_disk	yes	yes	codex_parser_or_result_mapping	codex	local sampled artifact exists but parser/result mapping may still be needed	reports/corpus_suggestion_tracker.md	reports/corpus_suggestion_tracker.md		Inspect sampled local artifacts and route result-bearing tables to parser/extraction or reject/deprioritize if they are not Figure 1 result catalogs.			Goal is a local result-bearing artifact for this plot universe, not just a source-family landing page or bibliographic record.
result_artifact_followup_95006fb89413e01b	figure1	manual_search_manual_tracker_a594814aa3b4	Olsson & Sundell 2023 Swedish social interventions	candidate_repository_package	high	manual_tracker	direct_download_or_api_snapshot	needs_result_bearing_artifact_on_disk	yes	yes	codex_parser_or_result_mapping	codex	local sampled artifact exists but parser/result mapping may still be needed	reports/corpus_suggestion_tracker.md	reports/corpus_suggestion_tracker.md		Inspect sampled local artifacts and route result-bearing tables to parser/extraction or reject/deprioritize if they are not Figure 1 result catalogs.			Goal is a local result-bearing artifact for this plot universe, not just a source-family landing page or bibliographic record.
result_artifact_followup_7bb51bfa88f9a17f	figure1	repo_search_osf_2b928c9c5eb3	Original Study	candidate_repository_package	high	osf.io	osf_inventory_and_download	needs_result_bearing_artifact_on_disk	yes	yes	codex_parser_or_result_mapping	codex	local sampled artifact exists but parser/result mapping may still be needed	https://osf.io/4qb9k/			Inspect sampled local artifacts and route result-bearing tables to parser/extraction or reject/deprioritize if they are not Figure 1 result catalogs.			Goal is a local result-bearing artifact for this plot universe, not just a source-family landing page or bibliographic record.
result_artifact_followup_0234452dd3e97d06	figure1	repo_search_osf_a162112fef85	RP:P Replication of J Förster, N Liberman, &amp; S Kuschel (2008)	candidate_corpus_or_database	high	osf.io	osf_inventory_and_download	needs_result_bearing_artifact_on_disk	yes	yes	codex_parser_or_result_mapping	codex	local sampled artifact exists but parser/result mapping may still be needed	https://osf.io/rcxqj/			Inspect sampled local artifacts and route result-bearing tables to parser/extraction or reject/deprioritize if they are not Figure 1 result catalogs.			Goal is a local result-bearing artifact for this plot universe, not just a source-family landing page or bibliographic record.
result_artifact_followup_663eb42239b691ce	figure1	repo_search_dataverse_4450c811f725	Replication Document Term and Feature Matrices	candidate_repository_package	high	doi.org	dataverse_inventory_and_download	needs_result_bearing_artifact_on_disk	yes	yes	codex_parser_or_result_mapping	codex	local sampled artifact exists but parser/result mapping may still be needed	https://doi.org/10.7910/DVN/KZW8R2			Inspect sampled local artifacts and route result-bearing tables to parser/extraction or reject/deprioritize if they are not Figure 1 result catalogs.			Goal is a local result-bearing artifact for this plot universe, not just a source-family landing page or bibliographic record.
result_artifact_followup_30c9a7c52166cadf	figure1	citation_search_openalex_bb828bb93d4f	Replication Study: Transcriptional amplification in tumor cells with elevated c-Myc	candidate_corpus_or_database	high	doi.org	article_pdf_supplement_or_data_availability_route	needs_result_bearing_artifact_on_disk	yes	yes	codex_parser_or_result_mapping	codex	local sampled artifact exists but parser/result mapping may still be needed	https://doi.org/10.7554/elife.30274			Inspect sampled local artifacts and route result-bearing tables to parser/extraction or reject/deprioritize if they are not Figure 1 result catalogs.			Goal is a local result-bearing artifact for this plot universe, not just a source-family landing page or bibliographic record.
result_artifact_followup_95672920cae30f32	figure1	manual_search_manual_tracker_058c6ee82383	ReplicationSuccess package data (`RProjects`, `SSRP`, `protzko2020`)	candidate_corpus_or_database	high	manual_tracker	direct_download_or_api_snapshot	needs_result_bearing_artifact_on_disk	yes	yes	codex_parser_or_result_mapping	codex	local sampled artifact exists but parser/result mapping may still be needed	reports/corpus_suggestion_tracker.md	reports/corpus_suggestion_tracker.md		Inspect sampled local artifacts and route result-bearing tables to parser/extraction or reject/deprioritize if they are not Figure 1 result catalogs.			Goal is a local result-bearing artifact for this plot universe, not just a source-family landing page or bibliographic record.
result_artifact_followup_b74259ea7533f99b	figure1	manual_search_manual_tracker_85ec777fb6f4	Reproducibility Project: Cancer Biology	candidate_corpus_or_database	high	manual_tracker	direct_download_or_api_snapshot	needs_result_bearing_artifact_on_disk	yes	yes	codex_parser_or_result_mapping	codex	local sampled artifact exists but parser/result mapping may still be needed	reports/corpus_suggestion_tracker.md	reports/corpus_suggestion_tracker.md		Inspect sampled local artifacts and route result-bearing tables to parser/extraction or reject/deprioritize if they are not Figure 1 result catalogs.			Goal is a local result-bearing artifact for this plot universe, not just a source-family landing page or bibliographic record.
result_artifact_followup_fde5279026dfcc2b	figure1	repo_search_dataverse_62327a47981a	Reproducibility Project: Psychology	candidate_corpus_or_database	high	doi.org	dataverse_inventory_and_download	needs_result_bearing_artifact_on_disk	yes	yes	codex_parser_or_result_mapping	codex	local sampled artifact exists but parser/result mapping may still be needed	https://doi.org/10.7910/DVN/28838			Inspect sampled local artifacts and route result-bearing tables to parser/extraction or reject/deprioritize if they are not Figure 1 result catalogs.			Goal is a local result-bearing artifact for this plot universe, not just a source-family landing page or bibliographic record.
result_artifact_followup_28d7949c4508f75b	figure1	manual_search_manual_tracker_c23f70c3fdd3	Reproducibility Project: Psychology converted data	candidate_corpus_or_database	high	manual_tracker	direct_download_or_api_snapshot	needs_result_bearing_artifact_on_disk	yes	yes	codex_parser_or_result_mapping	codex	local sampled artifact exists but parser/result mapping may still be needed	reports/corpus_suggestion_tracker.md	reports/corpus_suggestion_tracker.md		Inspect sampled local artifacts and route result-bearing tables to parser/extraction or reject/deprioritize if they are not Figure 1 result catalogs.			Goal is a local result-bearing artifact for this plot universe, not just a source-family landing page or bibliographic record.
result_artifact_followup_8a818e4248c563b4	figure1	manual_search_manual_tracker_67aa939c5960	Rothwell/Julious/Cooper 2018 HTA RCT primary endpoints	candidate_repository_package	high	manual_tracker	direct_download_or_api_snapshot	needs_result_bearing_artifact_on_disk	yes	yes	codex_parser_or_result_mapping	codex	local sampled artifact exists but parser/result mapping may still be needed	reports/corpus_suggestion_tracker.md	reports/corpus_suggestion_tracker.md		Inspect sampled local artifacts and route result-bearing tables to parser/extraction or reject/deprioritize if they are not Figure 1 result catalogs.			Goal is a local result-bearing artifact for this plot universe, not just a source-family landing page or bibliographic record.
result_artifact_followup_a7f4073b1930038b	figure1	repo_search_osf_92e639ac2dc7	S23-1 many lab replication	candidate_repository_package	high	osf.io	osf_inventory_and_download	needs_result_bearing_artifact_on_disk	yes	yes	codex_parser_or_result_mapping	codex	local sampled artifact exists but parser/result mapping may still be needed	https://osf.io/fj4vx/ | https://osf.io/ma9cb/			Inspect sampled local artifacts and route result-bearing tables to parser/extraction or reject/deprioritize if they are not Figure 1 result catalogs.			Goal is a local result-bearing artifact for this plot universe, not just a source-family landing page or bibliographic record.
result_artifact_followup_375475e5cc3d03ac	figure1	repo_search_osf_dc905e11e778	SIPS 2017 Sample Size and Effect Size Workshop	candidate_repository_package	high	osf.io	osf_inventory_and_download	needs_result_bearing_artifact_on_disk	yes	yes	codex_parser_or_result_mapping	codex	local sampled artifact exists but parser/result mapping may still be needed	https://osf.io/ha4q8/			Inspect sampled local artifacts and route result-bearing tables to parser/extraction or reject/deprioritize if they are not Figure 1 result catalogs.			Goal is a local result-bearing artifact for this plot universe, not just a source-family landing page or bibliographic record.
result_artifact_followup_776d4bd553ba86e2	figure1	repo_search_dataverse_e6b5cf171269	Stanford Data	candidate_repository_package	high	doi.org	dataverse_inventory_and_download	needs_result_bearing_artifact_on_disk	yes	yes	codex_parser_or_result_mapping	codex	local sampled artifact exists but parser/result mapping may still be needed	https://doi.org/10.7910/DVN/CNTKLY			Inspect sampled local artifacts and route result-bearing tables to parser/extraction or reject/deprioritize if they are not Figure 1 result catalogs.			Goal is a local result-bearing artifact for this plot universe, not just a source-family landing page or bibliographic record.
result_artifact_followup_30797033bbe03693	figure1	citation_search_openalex_e75e9f271467	The Life Outcomes Of Personality Replication Project	candidate_corpus_or_database	high	openalex.org	landing_page_inventory_or_manual_resolution	needs_result_bearing_artifact_on_disk	yes	yes	codex_parser_or_result_mapping	codex	local sampled artifact exists but parser/result mapping may still be needed	https://openalex.org/W2914803882			Inspect sampled local artifacts and route result-bearing tables to parser/extraction or reject/deprioritize if they are not Figure 1 result catalogs.			Goal is a local result-bearing artifact for this plot universe, not just a source-family landing page or bibliographic record.
result_artifact_followup_47bf521811237b23	figure1	manual_search_manual_tracker_8693dc021905	Twomey et al. 2021 kinesiology positive-result audit	candidate_repository_package	high	manual_tracker	direct_download_or_api_snapshot	needs_result_bearing_artifact_on_disk	yes	yes	codex_parser_or_result_mapping	codex	local sampled artifact exists but parser/result mapping may still be needed	reports/corpus_suggestion_tracker.md	reports/corpus_suggestion_tracker.md		Inspect sampled local artifacts and route result-bearing tables to parser/extraction or reject/deprioritize if they are not Figure 1 result catalogs.			Goal is a local result-bearing artifact for this plot universe, not just a source-family landing page or bibliographic record.
result_artifact_followup_fb0efbbada68a67c	figure1	repo_search_osf_2584049b16b9	Undergraduate Replication Projects	candidate_corpus_or_database	high	osf.io	osf_inventory_and_download	needs_result_bearing_artifact_on_disk	yes	yes	codex_parser_or_result_mapping	codex	local sampled artifact exists but parser/result mapping may still be needed	https://osf.io/xnuap/			Inspect sampled local artifacts and route result-bearing tables to parser/extraction or reject/deprioritize if they are not Figure 1 result catalogs.			Goal is a local result-bearing artifact for this plot universe, not just a source-family landing page or bibliographic record.
result_artifact_followup_d50bce80522bbbac	figure1	repo_search_osf_de5a21118204	"A multi-site Registered Replication Report of Olson &amp; Fazio (2001) ""Implicit Attitude Formation Through Classical Conditioning"""	candidate_corpus_or_database	high	osf.io	osf_inventory_and_download	needs_result_bearing_artifact_on_disk	no	no	codex_provider_repair	codex	no_artifacts_found	https://osf.io/3hjpf/			Repair provider inventory/download route: check component IDs, file APIs, alternate versions, stale URLs, branch names, or provider-specific access endpoints.			Goal is a local result-bearing artifact for this plot universe, not just a source-family landing page or bibliographic record.
result_artifact_followup_52934b30ab540397	figure1	repo_search_datacite_6abf8205297e	Combining specific task-oriented training with manual therapy to improve balance and mobility in patients after stroke: a mixed methods pilot randomised controlled trial	candidate_repository_package	high	tandf.figshare.com	figshare_record_file_download	needs_result_bearing_artifact_on_disk	no	no	codex_provider_repair	codex	no_artifacts_found	https://tandf.figshare.com/articles/dataset/Combining_specific_task-oriented_training_with_manual_therapy_to_improve_balance_and_mobility_in_patients_after_stroke_a_mixed_methods_pilot_randomised_controlled_trial/22598456/1 | https://tandf.figshare.com/articles/dataset/Combining_specific_task-oriented_training_with_manual_therapy_to_improve_balance_and_mobility_in_patients_after_stroke_a_mixed_methods_pilot_randomised_controlled_trial/22598456			Repair provider inventory/download route: check component IDs, file APIs, alternate versions, stale URLs, branch names, or provider-specific access endpoints.			Goal is a local result-bearing artifact for this plot universe, not just a source-family landing page or bibliographic record.
result_artifact_followup_c9b8c2edac3f27fa	figure1	repo_search_osf_59c938bcdc36	Direct replications in the era of open sampling	candidate_repository_package	high	osf.io	osf_inventory_and_download	needs_result_bearing_artifact_on_disk	no	no	codex_provider_repair	codex	no_artifacts_found	https://osf.io/x2gfc/			Repair provider inventory/download route: check component IDs, file APIs, alternate versions, stale URLs, branch names, or provider-specific access endpoints.			Goal is a local result-bearing artifact for this plot universe, not just a source-family landing page or bibliographic record.
result_artifact_followup_fb504971d66b4350	figure1	domain_search_osf_c323503b01ad	Experimental Economics Replication Project	candidate_corpus_or_database	high	osf.io	osf_inventory_and_download	needs_result_bearing_artifact_on_disk	no	no	codex_provider_repair	codex	no_artifacts_found	https://osf.io/bzm54/			Repair provider inventory/download route: check component IDs, file APIs, alternate versions, stale URLs, branch names, or provider-specific access endpoints.			Goal is a local result-bearing artifact for this plot universe, not just a source-family landing page or bibliographic record.
result_artifact_followup_7a2b51377f4c2574	figure1	repo_search_osf_fdacffa906b9	Headspace for Parents: A Pilot Randomised Controlled Trial	candidate_repository_package	high	osf.io	osf_inventory_and_download	needs_result_bearing_artifact_on_disk	no	no	codex_provider_repair	codex	no_artifacts_found	https://osf.io/63av8/			Repair provider inventory/download route: check component IDs, file APIs, alternate versions, stale URLs, branch names, or provider-specific access endpoints.			Goal is a local result-bearing artifact for this plot universe, not just a source-family landing page or bibliographic record.
result_artifact_followup_2adc26de8c0f37ab	figure1	repo_search_osf_038ad61f41bb	"Incidental Attitude Formation via the Surveillance Task: A Multi-Site Registered Replication Report of Olson and Fazio (2001) ""Implicit Attitude Formation Through Classical Conditioning"""	candidate_corpus_or_database	high	osf.io	osf_inventory_and_download	needs_result_bearing_artifact_on_disk	no	no	codex_provider_repair	codex	no_artifacts_found	https://osf.io/xqv8b/			Repair provider inventory/download route: check component IDs, file APIs, alternate versions, stale URLs, branch names, or provider-specific access endpoints.			Goal is a local result-bearing artifact for this plot universe, not just a source-family landing page or bibliographic record.
result_artifact_followup_4f3c39fbc7ccbf6f	figure1	domain_search_osf_523739d259cc	Management Science Reproducibility Project	candidate_corpus_or_database	high	osf.io	osf_inventory_and_download	needs_result_bearing_artifact_on_disk	no	no	codex_provider_repair	codex	no_artifacts_found	https://osf.io/mjqg5/			Repair provider inventory/download route: check component IDs, file APIs, alternate versions, stale URLs, branch names, or provider-specific access endpoints.			Goal is a local result-bearing artifact for this plot universe, not just a source-family landing page or bibliographic record.
result_artifact_followup_bc4b3a5b2bc33694	figure1	repo_search_osf_2fbc716f7f67	Many Labs 4: Replicating Mortality Salience with and without Original Author Involvement	candidate_corpus_or_database	high	osf.io	osf_inventory_and_download	needs_result_bearing_artifact_on_disk	no	no	codex_provider_repair	codex	no_artifacts_found	https://osf.io/8ccnw/			Repair provider inventory/download route: check component IDs, file APIs, alternate versions, stale URLs, branch names, or provider-specific access endpoints.			Goal is a local result-bearing artifact for this plot universe, not just a source-family landing page or bibliographic record.
result_artifact_followup_2babe5ca55ea9895	figure1	repo_search_osf_c75edd0dddf4	Mastroianni_2023 Replication Project	candidate_corpus_or_database	high	osf.io	osf_inventory_and_download	needs_result_bearing_artifact_on_disk	no	no	codex_provider_repair	codex	no_artifacts_found	https://osf.io/bt58q/			Repair provider inventory/download route: check component IDs, file APIs, alternate versions, stale URLs, branch names, or provider-specific access endpoints.			Goal is a local result-bearing artifact for this plot universe, not just a source-family landing page or bibliographic record.
result_artifact_followup_f6eca107d1b9e586	figure1	repo_search_osf_aacaad9d5dee	Perspectives on Psychological Science—Registered Replication Reports	candidate_corpus_or_database	high	osf.io	osf_inventory_and_download	needs_result_bearing_artifact_on_disk	no	no	codex_provider_repair	codex	no_artifacts_found	https://osf.io/hj6da/			Repair provider inventory/download route: check component IDs, file APIs, alternate versions, stale URLs, branch names, or provider-specific access endpoints.			Goal is a local result-bearing artifact for this plot universe, not just a source-family landing page or bibliographic record.
result_artifact_followup_8913b9cbc54f6883	figure1	repo_search_osf_4bf7723bf7b0	Predicting replication outcomes in the Many Labs 2 study	candidate_corpus_or_database	high	osf.io	osf_inventory_and_download	needs_result_bearing_artifact_on_disk	no	no	codex_provider_repair	codex	no_artifacts_found	https://osf.io/x74r5/			Repair provider inventory/download route: check component IDs, file APIs, alternate versions, stale URLs, branch names, or provider-specific access endpoints.			Goal is a local result-bearing artifact for this plot universe, not just a source-family landing page or bibliographic record.
result_artifact_followup_744375c528aebaea	figure1	repo_search_osf_aabadb891e8b	Preregistration: Literature Search - Replication studies and original studies	candidate_repository_package	high	osf.io	osf_inventory_and_download	needs_result_bearing_artifact_on_disk	no	no	codex_provider_repair	codex	no_artifacts_found	https://osf.io/dsqep/			Repair provider inventory/download route: check component IDs, file APIs, alternate versions, stale URLs, branch names, or provider-specific access endpoints.			Goal is a local result-bearing artifact for this plot universe, not just a source-family landing page or bibliographic record.
result_artifact_followup_da0046b5d3881aed	figure1	repo_search_datacite_6f6fbb02bbc4	Primary data and results	candidate_repository_package	high	figshare.com	figshare_record_file_download	needs_result_bearing_artifact_on_disk	no	no	codex_provider_repair	codex	no_artifacts_found	https://figshare.com/articles/dataset/Primary_data_and_results/31971444/1			Repair provider inventory/download route: check component IDs, file APIs, alternate versions, stale URLs, branch names, or provider-specific access endpoints.			Goal is a local result-bearing artifact for this plot universe, not just a source-family landing page or bibliographic record.
result_artifact_followup_6571b8f058ec89a2	figure1	repo_search_osf_9925b7bbbb00	Recommender Systems Reproducibility Project	candidate_corpus_or_database	high	osf.io	osf_inventory_and_download	needs_result_bearing_artifact_on_disk	no	no	codex_provider_repair	codex	no_artifacts_found	https://osf.io/yw84j/ | https://osf.io/8karz/			Repair provider inventory/download route: check component IDs, file APIs, alternate versions, stale URLs, branch names, or provider-specific access endpoints.			Goal is a local result-bearing artifact for this plot universe, not just a source-family landing page or bibliographic record.
result_artifact_followup_0bb387588f1a25e8	figure1	repo_search_osf_fffdef2d8c78	Replication	candidate_repository_package	high	osf.io	osf_inventory_and_download	needs_result_bearing_artifact_on_disk	no	no	codex_provider_repair	codex	no_artifacts_found	https://osf.io/vpceb/			Repair provider inventory/download route: check component IDs, file APIs, alternate versions, stale URLs, branch names, or provider-specific access endpoints.			Goal is a local result-bearing artifact for this plot universe, not just a source-family landing page or bibliographic record.
result_artifact_followup_b130ce60ae84d2db	figure1	repo_search_datacite_49aef5283da3	Replication Study: Women’s Participation in Student Software Teams	candidate_repository_package	high	figshare.com	figshare_record_file_download	needs_result_bearing_artifact_on_disk	no	no	codex_provider_repair	codex	no_artifacts_found	https://figshare.com/articles/dataset/Primary_data_and_results/31971444/2 | https://figshare.com/articles/dataset/Primary_data_and_results/31971444			Repair provider inventory/download route: check component IDs, file APIs, alternate versions, stale URLs, branch names, or provider-specific access endpoints.			Goal is a local result-bearing artifact for this plot universe, not just a source-family landing page or bibliographic record.
result_artifact_followup_32d89702a7661046	figure1	repo_search_dataverse_c2906b5dfd2b	Replication files for Male circumcision and HIV acquisition: re-investigating the evidence from young men in Kisumu, Kenya	candidate_repository_package	high	doi.org	dataverse_inventory_and_download	needs_result_bearing_artifact_on_disk	no	no	codex_provider_repair	codex	provider route did not yield local result artifact	https://doi.org/10.7910/DVN/5HYL5A			Repair provider inventory/download route: check component IDs, file APIs, alternate versions, stale URLs, branch names, or provider-specific access endpoints.			Goal is a local result-bearing artifact for this plot universe, not just a source-family landing page or bibliographic record.
result_artifact_followup_0f2e29fa2daed57a	figure1	repo_search_osf_3c6cdcbee4b9	Reproducibility Project - Psychology: Design	candidate_corpus_or_database	high	osf.io	osf_inventory_and_download	needs_result_bearing_artifact_on_disk	no	no	codex_provider_repair	codex	provider route did not yield local result artifact	https://osf.io/i68pe/			Repair provider inventory/download route: check component IDs, file APIs, alternate versions, stale URLs, branch names, or provider-specific access endpoints.			Goal is a local result-bearing artifact for this plot universe, not just a source-family landing page or bibliographic record.
result_artifact_followup_80281b4c4ca3c04f	figure1	repo_search_osf_187d493c5dae	Reproducibility Project in Special Education	candidate_corpus_or_database	high	osf.io	osf_inventory_and_download	needs_result_bearing_artifact_on_disk	no	no	codex_provider_repair	codex	no_artifacts_found	https://osf.io/m2xpj/			Repair provider inventory/download route: check component IDs, file APIs, alternate versions, stale URLs, branch names, or provider-specific access endpoints.			Goal is a local result-bearing artifact for this plot universe, not just a source-family landing page or bibliographic record.
result_artifact_followup_681a2ceb87317bb5	figure1	domain_search_osf_346003e74a16	Rollout Design Replication Project	candidate_corpus_or_database	high	osf.io	osf_inventory_and_download	needs_result_bearing_artifact_on_disk	no	no	codex_provider_repair	codex	no_artifacts_found	https://osf.io/rkqab/			Repair provider inventory/download route: check component IDs, file APIs, alternate versions, stale URLs, branch names, or provider-specific access endpoints.			Goal is a local result-bearing artifact for this plot universe, not just a source-family landing page or bibliographic record.
result_artifact_followup_9b973dba997e2470	figure1	domain_search_osf_08793226b32b	Sample size and replication: A census using the Reproducibility Project Psychology	candidate_corpus_or_database	high	osf.io	osf_inventory_and_download	needs_result_bearing_artifact_on_disk	no	no	codex_provider_repair	codex	no_artifacts_found	https://osf.io/dn3fk/			Repair provider inventory/download route: check component IDs, file APIs, alternate versions, stale URLs, branch names, or provider-specific access endpoints.			Goal is a local result-bearing artifact for this plot universe, not just a source-family landing page or bibliographic record.
result_artifact_followup_b66c391cbd28b417	figure1	repo_search_osf_5efbb2b834cb	The Reproducibility Project	candidate_corpus_or_database	high	osf.io	osf_inventory_and_download	needs_result_bearing_artifact_on_disk	no	no	codex_provider_repair	codex	no_artifacts_found	https://osf.io/g4ntj/			Repair provider inventory/download route: check component IDs, file APIs, alternate versions, stale URLs, branch names, or provider-specific access endpoints.			Goal is a local result-bearing artifact for this plot universe, not just a source-family landing page or bibliographic record.
result_artifact_followup_1a958c09143a3833	figure1	repo_search_osf_7661e903bf58	WP1 XP2a - Book of N: White [replication - open question]	candidate_repository_package	high	osf.io	osf_inventory_and_download	needs_result_bearing_artifact_on_disk	no	no	codex_provider_repair	codex	no_artifacts_found	https://osf.io/2qm8f/			Repair provider inventory/download route: check component IDs, file APIs, alternate versions, stale URLs, branch names, or provider-specific access endpoints.			Goal is a local result-bearing artifact for this plot universe, not just a source-family landing page or bibliographic record.
result_artifact_followup_e1b400aec5ecc3b2	figure1	repo_search_osf_25a030cb8e72	WP1 XP2a - Book of N: White [replication]	candidate_repository_package	high	osf.io	osf_inventory_and_download	needs_result_bearing_artifact_on_disk	no	no	codex_provider_repair	codex	no_artifacts_found	https://osf.io/xt458/			Repair provider inventory/download route: check component IDs, file APIs, alternate versions, stale URLs, branch names, or provider-specific access endpoints.			Goal is a local result-bearing artifact for this plot universe, not just a source-family landing page or bibliographic record.
result_artifact_followup_888d6305b6c917c9	figure1	lead_border_2019	Border 2019 candidate gene replication	replication_project	medium	psychiatry online	direct_download_or_api_snapshot	needs_result_bearing_artifact_on_disk	no	no	codex_direct_url_repair	codex	direct route did not produce a local artifact	https://psychiatryonline.org/doi/10.1176/appi.ajp.2018.18070881	http://matthewckeller.com/publications/Border_AJP_2019.pdf		Try direct URL variants, repository archive branch repair, DOI/provider redirects, and local mirror detection before escalating.			Goal is a local result-bearing artifact for this plot universe, not just a source-family landing page or bibliographic record.
result_artifact_followup_454782972ba9d03f	figure1	lead_media_priming_2017	Media priming direct replication	replication_project	medium	harvard dataverse	direct_download_or_api_snapshot	needs_result_bearing_artifact_on_disk	no	no	codex_direct_url_repair	codex	direct route did not produce a local artifact	https://dataverse.harvard.edu/dataset.xhtml?persistentId=doi:10.7910/DVN/ECGADO	https://dataverse.harvard.edu/api/access/datafile/:persistentId?persistentId=doi:10.7910/DVN/ECGADO/DSUNVR		Try direct URL variants, repository archive branch repair, DOI/provider redirects, and local mirror detection before escalating.			Goal is a local result-bearing artifact for this plot universe, not just a source-family landing page or bibliographic record.
result_artifact_followup_130c37d823f4380d	figure1	corpus_db_lead_angrist_learning_curve_2023	Angrist learning-curve replication corpus	replication_project	medium		local_inventory	local_mirror_needs_result_artifact_identification	yes	yes	codex_local_mirror_identification	codex	local mirror exists but result-bearing artifact is not identified			data/raw/replication_projects/lead_harvest/angrist_learning_curve_2023 | data/derived/replication_pairs/harvest/staged/angrist_learning_curve_2023__stage.csv	Inspect the existing local mirror and identify which file, table, PDF, or archive member actually catalogs Figure 1 result rows.			Goal is a local result-bearing artifact for this plot universe, not just a source-family landing page or bibliographic record.
result_artifact_followup_625ad520cd5ab4e4	figure1	corpus_db_appendix_d_supplemental	Appendix D supplemental	replication_project	medium		local_inventory	local_mirror_needs_result_artifact_identification	yes	yes	codex_local_mirror_identification	codex	local mirror exists but result-bearing artifact is not identified			docs/nightmare-hellscape (3).html	Inspect the existing local mirror and identify which file, table, PDF, or archive member actually catalogs Figure 1 result rows.			Goal is a local result-bearing artifact for this plot universe, not just a source-family landing page or bibliographic record.
result_artifact_followup_7298eade49d59aeb	figure1	corpus_db_lead_border_2019	Border 2019 candidate gene replication	replication_project	medium		local_inventory	local_mirror_needs_result_artifact_identification	yes	yes	codex_local_mirror_identification	codex	local mirror exists but result-bearing artifact is not identified			data/raw/replication_projects/lead_harvest/border_2019 | data/derived/replication_pairs/harvest/staged/border_2019__stage.csv	Inspect the existing local mirror and identify which file, table, PDF, or archive member actually catalogs Figure 1 result rows.			Goal is a local result-bearing artifact for this plot universe, not just a source-family landing page or bibliographic record.
result_artifact_followup_7f58b4acf29b3ba5	figure1	corpus_db_lead_coppock_2019	Coppock 2019 generalizability corpus	replication_project	medium		local_inventory	local_mirror_needs_result_artifact_identification	yes	yes	codex_local_mirror_identification	codex	local mirror exists but result-bearing artifact is not identified			data/raw/replication_projects/lead_harvest/coppock_2019 | data/derived/replication_pairs/harvest/staged/coppock_2019__stage.csv	Inspect the existing local mirror and identify which file, table, PDF, or archive member actually catalogs Figure 1 result rows.			Goal is a local result-bearing artifact for this plot universe, not just a source-family landing page or bibliographic record.
result_artifact_followup_2fb6dd4be4ac3f6c	figure1	corpus_db_lead_eef_regrants	EEF regrants systematic replication candidates	replication_project	medium		local_inventory	local_mirror_needs_result_artifact_identification	yes	yes	codex_local_mirror_identification	codex	local mirror exists but result-bearing artifact is not identified			data/raw/replication_projects/lead_harvest/eef_regrants | data/derived/replication_pairs/harvest/staged/eef_regrants__stage.csv	Inspect the existing local mirror and identify which file, table, PDF, or archive member actually catalogs Figure 1 result rows.			Goal is a local result-bearing artifact for this plot universe, not just a source-family landing page or bibliographic record.
result_artifact_followup_bbc18f030bddbe98	figure1	corpus_db_eerp_effectdata_py	EERP effectdata.py	replication_project	medium		local_inventory	local_mirror_needs_result_artifact_identification	yes	yes	codex_local_mirror_identification	codex	local mirror exists but result-bearing artifact is not identified			data/raw/replication_projects/eerp/effectdata.py	Inspect the existing local mirror and identify which file, table, PDF, or archive member actually catalogs Figure 1 result rows.			Goal is a local result-bearing artifact for this plot universe, not just a source-family landing page or bibliographic record.
result_artifact_followup_b0f6fd3f0033a0ba	figure1	corpus_db_eerp_marketdata_zip	EERP marketdata.zip	replication_project	medium		local_inventory	local_mirror_needs_result_artifact_identification	yes	yes	codex_local_mirror_identification	codex	local mirror exists but result-bearing artifact is not identified			data/raw/replication_projects/eerp/marketdata.zip	Inspect the existing local mirror and identify which file, table, PDF, or archive member actually catalogs Figure 1 result rows.			Goal is a local result-bearing artifact for this plot universe, not just a source-family landing page or bibliographic record.
result_artifact_followup_f3a9778442c652a1	figure1	corpus_db_lead_metaketa_i_2019	EGAP Metaketa I	replication_project	medium		local_inventory	local_mirror_needs_result_artifact_identification	yes	yes	codex_local_mirror_identification	codex	local mirror exists but result-bearing artifact is not identified			data/raw/replication_projects/lead_harvest/metaketa_i_2019 | data/derived/replication_pairs/harvest/staged/metaketa_i_2019__stage.csv	Inspect the existing local mirror and identify which file, table, PDF, or archive member actually catalogs Figure 1 result rows.			Goal is a local result-bearing artifact for this plot universe, not just a source-family landing page or bibliographic record.
result_artifact_followup_c3c2e495b501daec	figure1	corpus_db_lead_metaketa_iii_2021	EGAP Metaketa III	replication_project	medium		local_inventory	local_mirror_needs_result_artifact_identification	yes	yes	codex_local_mirror_identification	codex	local mirror exists but result-bearing artifact is not identified			data/raw/replication_projects/lead_harvest/metaketa_iii_2021 | data/derived/replication_pairs/harvest/staged/metaketa_iii_2021__stage.csv	Inspect the existing local mirror and identify which file, table, PDF, or archive member actually catalogs Figure 1 result rows.			Goal is a local result-bearing artifact for this plot universe, not just a source-family landing page or bibliographic record.
result_artifact_followup_b4279fb7901543de	figure1	corpus_db_lead_metaketa_iv_2021	EGAP Metaketa IV	replication_project	medium		local_inventory	local_mirror_needs_result_artifact_identification	yes	yes	codex_local_mirror_identification	codex	local mirror exists but result-bearing artifact is not identified			data/raw/replication_projects/lead_harvest/metaketa_iv_2021 | data/derived/replication_pairs/harvest/staged/metaketa_iv_2021__stage.csv	Inspect the existing local mirror and identify which file, table, PDF, or archive member actually catalogs Figure 1 result rows.			Goal is a local result-bearing artifact for this plot universe, not just a source-family landing page or bibliographic record.
result_artifact_followup_8a3ea7e47391f726	figure1	corpus_db_lead_ern_pe_rrr_openneuro	ERN Pe RRR OpenNeuro	replication_project	medium		local_inventory	local_mirror_needs_result_artifact_identification	yes	yes	codex_local_mirror_identification	codex	local mirror exists but result-bearing artifact is not identified			data/raw/replication_projects/lead_harvest/ern_pe_rrr_openneuro | data/derived/replication_pairs/harvest/staged/ern_pe_rrr_openneuro__stage.csv	Inspect the existing local mirror and identify which file, table, PDF, or archive member actually catalogs Figure 1 result rows.			Goal is a local result-bearing artifact for this plot universe, not just a source-family landing page or bibliographic record.
result_artifact_followup_b51775d06d81306b	figure1	corpus_db_i4r_public_workbook	I4R public workbook	replication_project	medium		local_inventory	local_mirror_needs_result_artifact_identification	yes	yes	codex_local_mirror_identification	codex	local mirror exists but result-bearing artifact is not identified			data/raw/replication_projects/i4r/meta_database.xlsx	Inspect the existing local mirror and identify which file, table, PDF, or archive member actually catalogs Figure 1 result rows.			Goal is a local result-bearing artifact for this plot universe, not just a source-family landing page or bibliographic record.
result_artifact_followup_eab9868baae1229e	figure1	corpus_db_lead_ibl_repro_ephys_2024	IBL reproducible electrophysiology	replication_project	medium		local_inventory	local_mirror_needs_result_artifact_identification	yes	yes	codex_local_mirror_identification	codex	local mirror exists but result-bearing artifact is not identified			data/raw/replication_projects/lead_harvest/ibl_repro_ephys_2024 | data/derived/replication_pairs/harvest/staged/ibl_repro_ephys_2024__stage.csv	Inspect the existing local mirror and identify which file, table, PDF, or archive member actually catalogs Figure 1 result rows.			Goal is a local result-bearing artifact for this plot universe, not just a source-family landing page or bibliographic record.
result_artifact_followup_a2015d0f1412c650	figure1	corpus_db_lead_ies_systematic_replication	IES systematic replication awards	replication_project	medium		local_inventory	local_mirror_needs_result_artifact_identification	yes	yes	codex_local_mirror_identification	codex	local mirror exists but result-bearing artifact is not identified			data/raw/replication_projects/lead_harvest/ies_systematic_replication | data/derived/replication_pairs/harvest/staged/ies_systematic_replication__stage.csv	Inspect the existing local mirror and identify which file, table, PDF, or archive member actually catalogs Figure 1 result rows.			Goal is a local result-bearing artifact for this plot universe, not just a source-family landing page or bibliographic record.
result_artifact_followup_6d937ab6d07dda7d	figure1	corpus_db_lead_jaljuli_kafkafi_2023	Jaljuli Kafkafi multi lab rodent replication	replication_project	medium		local_inventory	local_mirror_needs_result_artifact_identification	yes	yes	codex_local_mirror_identification	codex	local mirror exists but result-bearing artifact is not identified			data/raw/replication_projects/lead_harvest/jaljuli_kafkafi_2023 | data/derived/replication_pairs/harvest/staged/jaljuli_kafkafi_2023__stage.csv	Inspect the existing local mirror and identify which file, table, PDF, or archive member actually catalogs Figure 1 result rows.			Goal is a local result-bearing artifact for this plot universe, not just a source-family landing page or bibliographic record.
result_artifact_followup_9b2ad1f66c386400	figure1	corpus_db_li_2024_pd_1_pd_l1_phase_ii_iii_oncology	Li 2024 PD-1/PD-L1 phase II/III oncology	replication_project	medium		local_inventory	local_mirror_needs_result_artifact_identification	yes	yes	codex_local_mirror_identification	codex	local mirror exists but result-bearing artifact is not identified			data/derived/replication_pairs/harvest/staged/li_2024_pd1_pdl1_phase2_phase3_orr__stage.csv	Inspect the existing local mirror and identify which file, table, PDF, or archive member actually catalogs Figure 1 result rows.			Goal is a local result-bearing artifact for this plot universe, not just a source-family landing page or bibliographic record.
result_artifact_followup_91c7d8dbcf0f396c	figure1	corpus_db_ml1_summary_workbook	ML1 summary workbook	replication_project	medium		local_inventory	local_mirror_needs_result_artifact_identification	yes	yes	codex_local_mirror_identification	codex	local mirror exists but result-bearing artifact is not identified			data/raw/replication_projects/ml1/ML-_Summary_Statistics.xlsx	Inspect the existing local mirror and identify which file, table, PDF, or archive member actually catalogs Figure 1 result rows.			Goal is a local result-bearing artifact for this plot universe, not just a source-family landing page or bibliographic record.
result_artifact_followup_992689b9bd3405cd	figure1	corpus_db_ml3_manuscript_tables_bundle	ML3 manuscript tables bundle	replication_project	medium		local_inventory	local_mirror_needs_result_artifact_identification	yes	yes	codex_local_mirror_identification	codex	local mirror exists but result-bearing artifact is not identified			data/raw/replication_projects/ml3/Many Labs 3 Manuscript Tables.txt	Inspect the existing local mirror and identify which file, table, PDF, or archive member actually catalogs Figure 1 result rows.			Goal is a local result-bearing artifact for this plot universe, not just a source-family landing page or bibliographic record.
result_artifact_followup_02977af05bac723b	figure1	corpus_db_ml4_public_site_results	ML4 public site results	replication_project	medium		local_inventory	local_mirror_needs_result_artifact_identification	yes	yes	codex_local_mirror_identification	codex	local mirror exists but result-bearing artifact is not identified			data/raw/replication_projects/ml4/combinedresults1.csv	Inspect the existing local mirror and identify which file, table, PDF, or archive member actually catalogs Figure 1 result rows.			Goal is a local result-bearing artifact for this plot universe, not just a source-family landing page or bibliographic record.
result_artifact_followup_65ec2096c088d861	figure1	corpus_db_manual_paper_grounded_pairs	Manual paper-grounded pairs	replication_project	medium		local_inventory	local_mirror_needs_result_artifact_identification	yes	yes	codex_local_mirror_identification	codex	local mirror exists but result-bearing artifact is not identified			data/raw/replication_projects/manual_papers	Inspect the existing local mirror and identify which file, table, PDF, or archive member actually catalogs Figure 1 result rows.			Goal is a local result-bearing artifact for this plot universe, not just a source-family landing page or bibliographic record.
result_artifact_followup_bdd4b95939464b8e	figure1	corpus_db_family_manybabies_3	ManyBabies 3	replication_project	medium		local_inventory	local_mirror_needs_result_artifact_identification	yes	yes	codex_local_mirror_identification	codex	local mirror exists but result-bearing artifact is not identified			data/raw/replication_projects/lead_harvest/manybabies_3 | data/derived/replication_pairs/harvest/staged/manybabies_3__stage.csv	Inspect the existing local mirror and identify which file, table, PDF, or archive member actually catalogs Figure 1 result rows.			Goal is a local result-bearing artifact for this plot universe, not just a source-family landing page or bibliographic record.
result_artifact_followup_326f01db5a0cf199	figure1	corpus_db_lead_manyclasses_2	ManyClasses 2	replication_project	medium		local_inventory	local_mirror_needs_result_artifact_identification	yes	yes	codex_local_mirror_identification	codex	local mirror exists but result-bearing artifact is not identified			data/raw/replication_projects/lead_harvest/manyclasses_2 | data/derived/replication_pairs/harvest/staged/manyclasses_2__stage.csv	Inspect the existing local mirror and identify which file, table, PDF, or archive member actually catalogs Figure 1 result rows.			Goal is a local result-bearing artifact for this plot universe, not just a source-family landing page or bibliographic record.
result_artifact_followup_89f86c9b08b2c0b6	figure1	corpus_db_lead_marcus_four_lab_replication_hcmv7	Marcus Four Lab Replication Hcmv7	replication_project	medium		local_inventory	local_mirror_needs_result_artifact_identification	yes	yes	codex_local_mirror_identification	codex	local mirror exists but result-bearing artifact is not identified			data/raw/replication_projects/lead_harvest/marcus_four_lab_replication_hcmv7	Inspect the existing local mirror and identify which file, table, PDF, or archive member actually catalogs Figure 1 result rows.			Goal is a local result-bearing artifact for this plot universe, not just a source-family landing page or bibliographic record.
result_artifact_followup_dc0e7c9be2599e5c	figure1	corpus_db_lead_media_priming_2017	Media priming direct replication	replication_project	medium		local_inventory	local_mirror_needs_result_artifact_identification	yes	yes	codex_local_mirror_identification	codex	local mirror exists but result-bearing artifact is not identified			data/raw/replication_projects/lead_harvest/media_priming_2017 | data/derived/replication_pairs/harvest/staged/media_priming_2017__stage.csv	Inspect the existing local mirror and identify which file, table, PDF, or archive member actually catalogs Figure 1 result rows.			Goal is a local result-bearing artifact for this plot universe, not just a source-family landing page or bibliographic record.
result_artifact_followup_6d2e363ae1b5c3e9	figure1	corpus_db_lead_mullinix_2015	Mullinix Leeper Druckman Freese 2015	replication_project	medium		local_inventory	local_mirror_needs_result_artifact_identification	yes	yes	codex_local_mirror_identification	codex	local mirror exists but result-bearing artifact is not identified			data/raw/replication_projects/lead_harvest/mullinix_2015 | data/derived/replication_pairs/harvest/staged/mullinix_2015__stage.csv	Inspect the existing local mirror and identify which file, table, PDF, or archive member actually catalogs Figure 1 result rows.			Goal is a local result-bearing artifact for this plot universe, not just a source-family landing page or bibliographic record.
result_artifact_followup_c35f99473eecef58	figure1	corpus_db_lead_musicianship_eeg_2025	Musicianship EEG multi site replication	replication_project	medium		local_inventory	local_mirror_needs_result_artifact_identification	yes	yes	codex_local_mirror_identification	codex	local mirror exists but result-bearing artifact is not identified			data/raw/replication_projects/lead_harvest/musicianship_eeg_2025 | data/derived/replication_pairs/harvest/staged/musicianship_eeg_2025__stage.csv	Inspect the existing local mirror and identify which file, table, PDF, or archive member actually catalogs Figure 1 result rows.			Goal is a local result-bearing artifact for this plot universe, not just a source-family landing page or bibliographic record.
result_artifact_followup_23e31a1484e7dc53	figure1	corpus_db_family_news_discernment_replication	News discernment replication	replication_project	medium		local_inventory	local_mirror_needs_result_artifact_identification	yes	yes	codex_local_mirror_identification	codex	local mirror exists but result-bearing artifact is not identified			data/raw/replication_projects/lead_harvest/news_discernment_replication | data/derived/replication_pairs/harvest/staged/news_discernment_replication__stage.csv	Inspect the existing local mirror and identify which file, table, PDF, or archive member actually catalogs Figure 1 result rows.			Goal is a local result-bearing artifact for this plot universe, not just a source-family landing page or bibliographic record.
result_artifact_followup_dbebc983eda1ff8b	figure1	corpus_db_lead_nieuwland_2018_delong	Nieuwland 2018 DeLong replication	replication_project	medium		local_inventory	local_mirror_needs_result_artifact_identification	yes	yes	codex_local_mirror_identification	codex	local mirror exists but result-bearing artifact is not identified			data/raw/replication_projects/lead_harvest/nieuwland_2018_delong | data/derived/replication_pairs/harvest/staged/nieuwland_2018_delong__stage.csv	Inspect the existing local mirror and identify which file, table, PDF, or archive member actually catalogs Figure 1 result rows.			Goal is a local result-bearing artifact for this plot universe, not just a source-family landing page or bibliographic record.
result_artifact_followup_e6ecf0a5cd4256ec	figure1	corpus_db_pooledmarketr_pm_data_rdata	PooledMarketR PM_data.Rdata	replication_project	medium		local_inventory	local_mirror_needs_result_artifact_identification	yes	yes	codex_local_mirror_identification	codex	local mirror exists but result-bearing artifact is not identified			data/raw/replication_projects/pooledmarketr/PM_data.Rdata	Inspect the existing local mirror and identify which file, table, PDF, or archive member actually catalogs Figure 1 result rows.			Goal is a local result-bearing artifact for this plot universe, not just a source-family landing page or bibliographic record.
result_artifact_followup_553fa3e2156a0275	figure1	corpus_db_rpp_converted	RPP converted	replication_project	medium		local_inventory	local_mirror_needs_result_artifact_identification	yes	yes	codex_local_mirror_identification	codex	local mirror exists but result-bearing artifact is not identified			data/raw/corpus_candidates/rpp/RPPdataConverted.xlsx	Inspect the existing local mirror and identify which file, table, PDF, or archive member actually catalogs Figure 1 result rows.			Goal is a local result-bearing artifact for this plot universe, not just a source-family landing page or bibliographic record.
result_artifact_followup_6b8b8872742f62a7	figure1	corpus_db_rpp_jtleek_mirror	RPP jtLeek mirror	replication_project	medium		local_inventory	local_mirror_needs_result_artifact_identification	yes	yes	codex_local_mirror_identification	codex	local mirror exists but result-bearing artifact is not identified			data/raw/replication_projects/rpp/rpp_data_jtleek.csv	Inspect the existing local mirror and identify which file, table, PDF, or archive member actually catalogs Figure 1 result rows.			Goal is a local result-bearing artifact for this plot universe, not just a source-family landing page or bibliographic record.
result_artifact_followup_6db75e2387a2d1c5	figure1	corpus_db_ssrp_d3	SSRP D3	replication_project	medium		local_inventory	local_mirror_needs_result_artifact_identification	yes	yes	codex_local_mirror_identification	codex	local mirror exists but result-bearing artifact is not identified			data/raw/replication_projects/ssrp/D3 - ReplicationResults.csv	Inspect the existing local mirror and identify which file, table, PDF, or archive member actually catalogs Figure 1 result rows.			Goal is a local result-bearing artifact for this plot universe, not just a source-family landing page or bibliographic record.
result_artifact_followup_7795af2372d372cd	figure1	corpus_db_ssrp_d6_beliefs	SSRP D6 beliefs	replication_project	medium		local_inventory	local_mirror_needs_result_artifact_identification	yes	yes	codex_local_mirror_identification	codex	local mirror exists but result-bearing artifact is not identified			data/raw/replication_projects/ssrp/D6 - MeanPeerBeliefs.csv	Inspect the existing local mirror and identify which file, table, PDF, or archive member actually catalogs Figure 1 result rows.			Goal is a local result-bearing artifact for this plot universe, not just a source-family landing page or bibliographic record.
result_artifact_followup_1544758402e29563	figure1	corpus_db_lead_self_control_fmri_2022	Self control neuroimaging replication	replication_project	medium		local_inventory	local_mirror_needs_result_artifact_identification	yes	yes	codex_local_mirror_identification	codex	local mirror exists but result-bearing artifact is not identified			data/raw/replication_projects/lead_harvest/self_control_fmri_2022 | data/derived/replication_pairs/harvest/staged/self_control_fmri_2022__stage.csv	Inspect the existing local mirror and identify which file, table, PDF, or archive member actually catalogs Figure 1 result rows.			Goal is a local result-bearing artifact for this plot universe, not just a source-family landing page or bibliographic record.
result_artifact_followup_99c2d6e691e2dbc2	figure1	corpus_db_lead_strategy_fit_2025	Strategy situation fit replication	replication_project	medium		local_inventory	local_mirror_needs_result_artifact_identification	yes	yes	codex_local_mirror_identification	codex	local mirror exists but result-bearing artifact is not identified			data/raw/replication_projects/lead_harvest/strategy_fit_2025 | data/derived/replication_pairs/harvest/staged/strategy_fit_2025__stage.csv	Inspect the existing local mirror and identify which file, table, PDF, or archive member actually catalogs Figure 1 result rows.			Goal is a local result-bearing artifact for this plot universe, not just a source-family landing page or bibliographic record.
result_artifact_followup_0ab502457f10add6	figure1	corpus_db_wils_2023_ibd_phase_ii_iii	Wils 2023 IBD phase II/III	replication_project	medium		local_inventory	local_mirror_needs_result_artifact_identification	yes	yes	codex_local_mirror_identification	codex	local mirror exists but result-bearing artifact is not identified			data/derived/replication_pairs/harvest/staged/wils_2023_ibd_phase2_phase3_response_rates__stage.csv	Inspect the existing local mirror and identify which file, table, PDF, or archive member actually catalogs Figure 1 result rows.			Goal is a local result-bearing artifact for this plot universe, not just a source-family landing page or bibliographic record.
result_artifact_followup_d263a69d101292fc	figure1	corpus_db_lead_wood_porter_2019	Wood and Porter elusive backfire effect	replication_project	medium		local_inventory	local_mirror_needs_result_artifact_identification	yes	yes	codex_local_mirror_identification	codex	local mirror exists but result-bearing artifact is not identified			data/raw/replication_projects/lead_harvest/wood_porter_2019 | data/derived/replication_pairs/harvest/staged/wood_porter_2019__stage.csv	Inspect the existing local mirror and identify which file, table, PDF, or archive member actually catalogs Figure 1 result rows.			Goal is a local result-bearing artifact for this plot universe, not just a source-family landing page or bibliographic record.
result_artifact_followup_c5bb301e03b767b0	figure1	lead_communication_privacy_2025	Communication privacy replication corpus	replication_project	medium	osf	landing_page_inventory_or_manual_resolution	needs_result_bearing_artifact_on_disk	yes	yes	codex_parser_or_result_mapping	codex	local sampled artifact exists but parser/result mapping may still be needed	https://osf.io/gnb2t/			Inspect sampled local artifacts and route result-bearing tables to parser/extraction or reject/deprioritize if they are not Figure 1 result catalogs.			Goal is a local result-bearing artifact for this plot universe, not just a source-family landing page or bibliographic record.
result_artifact_followup_62c102c2dfb6a4d3	figure1	lead_contextual_bias_2026	Contextual Bias in Verbal Credibility Assessment	replication_project	medium	osf	landing_page_inventory_or_manual_resolution	needs_result_bearing_artifact_on_disk	yes	yes	codex_parser_or_result_mapping	codex	local sampled artifact exists but parser/result mapping may still be needed	https://osf.io/f2xrv/			Inspect sampled local artifacts and route result-bearing tables to parser/extraction or reject/deprioritize if they are not Figure 1 result catalogs.			Goal is a local result-bearing artifact for this plot universe, not just a source-family landing page or bibliographic record.
result_artifact_followup_f0f83f702c3301a9	figure1	lead_coppock_2019	Coppock 2019 generalizability corpus	replication_project	medium	yale isps	landing_page_inventory_or_manual_resolution	needs_result_bearing_artifact_on_disk	yes	yes	codex_parser_or_result_mapping	codex	local sampled artifact exists but parser/result mapping may still be needed	https://isps.yale.edu/research/publications/isps18-07			Inspect sampled local artifacts and route result-bearing tables to parser/extraction or reject/deprioritize if they are not Figure 1 result catalogs.			Goal is a local result-bearing artifact for this plot universe, not just a source-family landing page or bibliographic record.
result_artifact_followup_4c734b6adcb330d4	figure1	lead_deceptive_intentions_2018	Deceptive intentions verbal credibility replication	replication_project	medium	osf	landing_page_inventory_or_manual_resolution	needs_result_bearing_artifact_on_disk	yes	yes	codex_parser_or_result_mapping	codex	local sampled artifact exists but parser/result mapping may still be needed	https://osf.io/t29dz/			Inspect sampled local artifacts and route result-bearing tables to parser/extraction or reject/deprioritize if they are not Figure 1 result catalogs.			Goal is a local result-bearing artifact for this plot universe, not just a source-family landing page or bibliographic record.
result_artifact_followup_345810042d4387e3	figure1	lead_eef_regrants	EEF efficacy effectiveness regrants	replication_project	medium	eef	landing_page_inventory_or_manual_resolution	needs_result_bearing_artifact_on_disk	yes	yes	codex_parser_or_result_mapping	codex	local sampled artifact exists but parser/result mapping may still be needed	https://educationendowmentfoundation.org.uk/projects-and-evaluation/projects			Inspect sampled local artifacts and route result-bearing tables to parser/extraction or reject/deprioritize if they are not Figure 1 result catalogs.			Goal is a local result-bearing artifact for this plot universe, not just a source-family landing page or bibliographic record.
result_artifact_followup_c22476f0e20f2792	figure1	lead_metaketa_iii_2021	EGAP Metaketa III	replication_project	medium	osf	landing_page_inventory_or_manual_resolution	needs_result_bearing_artifact_on_disk	yes	yes	codex_parser_or_result_mapping	codex	local sampled artifact exists but parser/result mapping may still be needed	https://osf.io/knje7/			Inspect sampled local artifacts and route result-bearing tables to parser/extraction or reject/deprioritize if they are not Figure 1 result catalogs.			Goal is a local result-bearing artifact for this plot universe, not just a source-family landing page or bibliographic record.
result_artifact_followup_a449bd88a4ba153d	figure1	lead_metaketa_iv_2021	EGAP Metaketa IV	replication_project	medium	osf	landing_page_inventory_or_manual_resolution	needs_result_bearing_artifact_on_disk	yes	yes	codex_parser_or_result_mapping	codex	local sampled artifact exists but parser/result mapping may still be needed	https://osf.io/tzy82/			Inspect sampled local artifacts and route result-bearing tables to parser/extraction or reject/deprioritize if they are not Figure 1 result catalogs.			Goal is a local result-bearing artifact for this plot universe, not just a source-family landing page or bibliographic record.
result_artifact_followup_448362d88c83d644	figure1	lead_awesome_emdr_misinfo	EMDR and misinformation	replication_project	medium	github	direct_download_or_api_snapshot	needs_result_bearing_artifact_on_disk	yes	yes	codex_parser_or_result_mapping	codex	local sampled artifact exists but parser/result mapping may still be needed	https://github.com/ying531/awesome-replicability-data	https://raw.githubusercontent.com/ying531/awesome-replicability-data/main/host_data_paired/emdr_misinfo/replication_clean.csv | https://raw.githubusercontent.com/ying531/awesome-replicability-data/main/host_data_paired/mindbody_selfcentrality/replication_exp2_clean.csv | https://raw.githubusercontent.com/ying531/awesome-replicability-data/main/host_data_paired/queue/replication_round1_clean.csv | https://raw.githubusercontent.com/ying531/awesome-replicability-data/main/host_data_paired/pain_coop/replication_registered_clean.csv | https://raw.githubusercontent.com/ying531/awesome-replicability-data/main/host_data_paired/cleaniness_moral/replication_exp1_clean.csv | https://raw.githubusercontent.com/ying531/awesome-replicability-data/main/host_data_paired/lie_language/replication_clean.csv | https://raw.githubusercontent.com/ying531/awesome-replicability-data/main/host_data_paired/time_honest/replication_exp1_clean.csv		Inspect sampled local artifacts and route result-bearing tables to parser/extraction or reject/deprioritize if they are not Figure 1 result catalogs.			Goal is a local result-bearing artifact for this plot universe, not just a source-family landing page or bibliographic record.
result_artifact_followup_bd629b4976dc06aa	figure1	lead_eqipd_2022	EQIPD Arroyo-Araujo 2022	replication_project	medium	osf	landing_page_inventory_or_manual_resolution	needs_result_bearing_artifact_on_disk	yes	yes	codex_parser_or_result_mapping	codex	local sampled artifact exists but parser/result mapping may still be needed	https://osf.io/8f6yr/			Inspect sampled local artifacts and route result-bearing tables to parser/extraction or reject/deprioritize if they are not Figure 1 result catalogs.			Goal is a local result-bearing artifact for this plot universe, not just a source-family landing page or bibliographic record.
result_artifact_followup_b969006c8d4b35f9	figure1	lead_ern_pe_rrr_openneuro	ERN Pe psychometrics RRR	replication_project	medium	openneuro	landing_page_inventory_or_manual_resolution	needs_result_bearing_artifact_on_disk	yes	yes	codex_parser_or_result_mapping	codex	local sampled artifact exists but parser/result mapping may still be needed	https://openneuro.org/datasets/ds004602/versions/1.0.1			Inspect sampled local artifacts and route result-bearing tables to parser/extraction or reject/deprioritize if they are not Figure 1 result catalogs.			Goal is a local result-bearing artifact for this plot universe, not just a source-family landing page or bibliographic record.
result_artifact_followup_d934664f02857358	figure1	lead_eyewitness_ten_countries_2018	Eyewitness memory distortion in ten countries	replication_project	medium	osf	landing_page_inventory_or_manual_resolution	needs_result_bearing_artifact_on_disk	yes	yes	codex_parser_or_result_mapping	codex	local sampled artifact exists but parser/result mapping may still be needed	https://osf.io/a35rx/			Inspect sampled local artifacts and route result-bearing tables to parser/extraction or reject/deprioritize if they are not Figure 1 result catalogs.			Goal is a local result-bearing artifact for this plot universe, not just a source-family landing page or bibliographic record.
result_artifact_followup_448f996ecbb9f8c7	figure1	lead_greed_ses_2016	Greed by SES replications	replication_project	medium	osf	landing_page_inventory_or_manual_resolution	needs_result_bearing_artifact_on_disk	yes	yes	codex_parser_or_result_mapping	codex	local sampled artifact exists but parser/result mapping may still be needed	https://osf.io/92qkx/			Inspect sampled local artifacts and route result-bearing tables to parser/extraction or reject/deprioritize if they are not Figure 1 result catalogs.			Goal is a local result-bearing artifact for this plot universe, not just a source-family landing page or bibliographic record.
result_artifact_followup_582b5632d207c75e	figure1	lead_ibl_repro_ephys_2024	IBL Reproducible Ephys	replication_project	medium	aws open data	landing_page_inventory_or_manual_resolution	needs_result_bearing_artifact_on_disk	yes	yes	codex_parser_or_result_mapping	codex	local sampled artifact exists but parser/result mapping may still be needed	https://registry.opendata.aws/ibl-reproducible-ephys/			Inspect sampled local artifacts and route result-bearing tables to parser/extraction or reject/deprioritize if they are not Figure 1 result catalogs.			Goal is a local result-bearing artifact for this plot universe, not just a source-family landing page or bibliographic record.
result_artifact_followup_b55dcd11a211949a	figure1	lead_ies_systematic_replication	IES Systematic Replication awards	replication_project	medium	ies	landing_page_inventory_or_manual_resolution	needs_result_bearing_artifact_on_disk	yes	yes	codex_parser_or_result_mapping	codex	local sampled artifact exists but parser/result mapping may still be needed	https://ies.ed.gov/funding/research/programs/research-grants-focused-on-systematic-replication			Inspect sampled local artifacts and route result-bearing tables to parser/extraction or reject/deprioritize if they are not Figure 1 result catalogs.			Goal is a local result-bearing artifact for this plot universe, not just a source-family landing page or bibliographic record.
result_artifact_followup_a91293a294aefeb5	figure1	lead_independent_replication_initiative	Independent Replication Initiative	replication_project	medium	nature	landing_page_inventory_or_manual_resolution	needs_result_bearing_artifact_on_disk	yes	yes	codex_parser_or_result_mapping	codex	local sampled artifact exists but parser/result mapping may still be needed	https://www.nature.com/articles/sdata201682			Inspect sampled local artifacts and route result-bearing tables to parser/extraction or reject/deprioritize if they are not Figure 1 result catalogs.			Goal is a local result-bearing artifact for this plot universe, not just a source-family landing page or bibliographic record.
result_artifact_followup_4fa649c9aacc6985	figure1	lead_jaljuli_kafkafi_2023	Jaljuli Kafkafi multi lab rodent replication	replication_project	medium	mouse phenome database	landing_page_inventory_or_manual_resolution	needs_result_bearing_artifact_on_disk	yes	yes	codex_parser_or_result_mapping	codex	local sampled artifact exists but parser/result mapping may still be needed	https://phenome.jax.org/			Inspect sampled local artifacts and route result-bearing tables to parser/extraction or reject/deprioritize if they are not Figure 1 result catalogs.			Goal is a local result-bearing artifact for this plot universe, not just a source-family landing page or bibliographic record.
result_artifact_followup_d5b5c5462626fa50	figure1	lead_angrist_learning_curve_2023	Learning Curve tutoring replication	replication_project	medium	openicpsr	landing_page_inventory_or_manual_resolution	needs_result_bearing_artifact_on_disk	yes	yes	codex_parser_or_result_mapping	codex	local sampled artifact exists but parser/result mapping may still be needed	https://www.openicpsr.org/openicpsr/project/189561/view			Inspect sampled local artifacts and route result-bearing tables to parser/extraction or reject/deprioritize if they are not Figure 1 result catalogs.			Goal is a local result-bearing artifact for this plot universe, not just a source-family landing page or bibliographic record.
result_artifact_followup_47d7099b10ff94fd	figure1	lead_linguistic_frame_liability	Linguistic frame effect on blame and liability	replication_project	medium	osf	landing_page_inventory_or_manual_resolution	needs_result_bearing_artifact_on_disk	yes	yes	codex_parser_or_result_mapping	codex	local sampled artifact exists but parser/result mapping may still be needed	https://osf.io/jmknw/			Inspect sampled local artifacts and route result-bearing tables to parser/extraction or reject/deprioritize if they are not Figure 1 result catalogs.			Goal is a local result-bearing artifact for this plot universe, not just a source-family landing page or bibliographic record.
result_artifact_followup_24a887d0dab3d72b	figure1	lead_manyclasses_2	ManyClasses 2	replication_project	medium	osf	landing_page_inventory_or_manual_resolution	needs_result_bearing_artifact_on_disk	yes	yes	codex_parser_or_result_mapping	codex	local sampled artifact exists but parser/result mapping may still be needed	https://osf.io/t5ma3/			Inspect sampled local artifacts and route result-bearing tables to parser/extraction or reject/deprioritize if they are not Figure 1 result catalogs.			Goal is a local result-bearing artifact for this plot universe, not just a source-family landing page or bibliographic record.
result_artifact_followup_529f62c4217f231f	figure1	lead_musicianship_eeg_2025	Musicianship EEG multi site replication	replication_project	medium	harvard dataverse	direct_download_or_api_snapshot	needs_result_bearing_artifact_on_disk	yes	yes	codex_parser_or_result_mapping	codex	local sampled artifact exists but parser/result mapping may still be needed	https://dataverse.harvard.edu/dataset.xhtml?persistentId=doi:10.7910/DVN/SKOWNK	https://github.com/kellywhiteford/MusicianshipEEG/archive/refs/heads/main.zip		Inspect sampled local artifacts and route result-bearing tables to parser/extraction or reject/deprioritize if they are not Figure 1 result catalogs.			Goal is a local result-bearing artifact for this plot universe, not just a source-family landing page or bibliographic record.
result_artifact_followup_94a21e35e04e2bf5	figure1	lead_news_discernment_replication	News discernment France Germany replication	replication_project	medium	osf	landing_page_inventory_or_manual_resolution	needs_result_bearing_artifact_on_disk	yes	yes	codex_parser_or_result_mapping	codex	local sampled artifact exists but parser/result mapping may still be needed	https://osf.io/mw4gu/?view_only=e57bea7b74d94eaaac94e5eafcda581a			Inspect sampled local artifacts and route result-bearing tables to parser/extraction or reject/deprioritize if they are not Figure 1 result catalogs.			Goal is a local result-bearing artifact for this plot universe, not just a source-family landing page or bibliographic record.
result_artifact_followup_fe6f19610ead1c82	figure1	lead_nieuwland_2018_delong	Nieuwland 2018 DeLong replication	replication_project	medium	elife	landing_page_inventory_or_manual_resolution	needs_result_bearing_artifact_on_disk	yes	yes	codex_parser_or_result_mapping	codex	local sampled artifact exists but parser/result mapping may still be needed	https://elifesciences.org/articles/33468			Inspect sampled local artifacts and route result-bearing tables to parser/extraction or reject/deprioritize if they are not Figure 1 result catalogs.			Goal is a local result-bearing artifact for this plot universe, not just a source-family landing page or bibliographic record.
result_artifact_followup_880ad5fad7d0b94e	figure1	lead_online_image_credibility	Online image credibility replication	replication_project	medium	osf	landing_page_inventory_or_manual_resolution	needs_result_bearing_artifact_on_disk	yes	yes	codex_parser_or_result_mapping	codex	local sampled artifact exists but parser/result mapping may still be needed	https://osf.io/yjv5w/			Inspect sampled local artifacts and route result-bearing tables to parser/extraction or reject/deprioritize if they are not Figure 1 result catalogs.			Goal is a local result-bearing artifact for this plot universe, not just a source-family landing page or bibliographic record.
result_artifact_followup_3eadf4ae673ca517	figure1	lead_psa_002_object_orientation	PSA 002 object orientation	replication_project	medium	osf	landing_page_inventory_or_manual_resolution	needs_result_bearing_artifact_on_disk	yes	yes	codex_parser_or_result_mapping	codex	local sampled artifact exists but parser/result mapping may still be needed	https://osf.io/e428p/			Inspect sampled local artifacts and route result-bearing tables to parser/extraction or reject/deprioritize if they are not Figure 1 result catalogs.			Goal is a local result-bearing artifact for this plot universe, not just a source-family landing page or bibliographic record.
result_artifact_followup_235fb04b91ea00ba	figure1	lead_psa_004_turri	PSA 004 JTB Turri	replication_project	medium	osf	landing_page_inventory_or_manual_resolution	needs_result_bearing_artifact_on_disk	yes	yes	codex_parser_or_result_mapping	codex	local sampled artifact exists but parser/result mapping may still be needed	https://osf.io/x978m/			Inspect sampled local artifacts and route result-bearing tables to parser/extraction or reject/deprioritize if they are not Figure 1 result catalogs.			Goal is a local result-bearing artifact for this plot universe, not just a source-family landing page or bibliographic record.
result_artifact_followup_4aa61d9f76fdf0ec	figure1	lead_protzko_2023_nhb	Protzko 2023 NHB	replication_project	medium	osf	landing_page_inventory_or_manual_resolution	needs_result_bearing_artifact_on_disk	yes	yes	codex_parser_or_result_mapping	codex	local sampled artifact exists but parser/result mapping may still be needed	https://osf.io/6t9vm/			Inspect sampled local artifacts and route result-bearing tables to parser/extraction or reject/deprioritize if they are not Figure 1 result catalogs.			Goal is a local result-bearing artifact for this plot universe, not just a source-family landing page or bibliographic record.
result_artifact_followup_a298f0229a097d23	figure1	lead_public_admin_blame	Public administration blame replication	replication_project	medium	osf	landing_page_inventory_or_manual_resolution	needs_result_bearing_artifact_on_disk	yes	yes	codex_parser_or_result_mapping	codex	local sampled artifact exists but parser/result mapping may still be needed	https://osf.io/ygu2f/			Inspect sampled local artifacts and route result-bearing tables to parser/extraction or reject/deprioritize if they are not Figure 1 result catalogs.			Goal is a local result-bearing artifact for this plot universe, not just a source-family landing page or bibliographic record.
result_artifact_followup_09352982b0deab04	figure1	lead_rpcb_e5nvr	RPCB OSF archive	replication_project	medium	osf	landing_page_inventory_or_manual_resolution	needs_result_bearing_artifact_on_disk	yes	yes	codex_parser_or_result_mapping	codex	local sampled artifact exists but parser/result mapping may still be needed	https://osf.io/e5nvr/			Inspect sampled local artifacts and route result-bearing tables to parser/extraction or reject/deprioritize if they are not Figure 1 result catalogs.			Goal is a local result-bearing artifact for this plot universe, not just a source-family landing page or bibliographic record.
result_artifact_followup_bd3daf4bf5a3a3d0	figure1	lead_rrr_bouwmeester_2017	RRR Bouwmeester 2017	replication_project	medium	osf	landing_page_inventory_or_manual_resolution	needs_result_bearing_artifact_on_disk	yes	yes	codex_parser_or_result_mapping	codex	local sampled artifact exists but parser/result mapping may still be needed	https://osf.io/scu2f/			Inspect sampled local artifacts and route result-bearing tables to parser/extraction or reject/deprioritize if they are not Figure 1 result catalogs.			Goal is a local result-bearing artifact for this plot universe, not just a source-family landing page or bibliographic record.
result_artifact_followup_84ca398dc6113302	figure1	lead_rrr_cheung_2016	RRR Cheung 2016	replication_project	medium	osf	landing_page_inventory_or_manual_resolution	needs_result_bearing_artifact_on_disk	yes	yes	codex_parser_or_result_mapping	codex	local sampled artifact exists but parser/result mapping may still be needed	https://osf.io/s3hfr/			Inspect sampled local artifacts and route result-bearing tables to parser/extraction or reject/deprioritize if they are not Figure 1 result catalogs.			Goal is a local result-bearing artifact for this plot universe, not just a source-family landing page or bibliographic record.
result_artifact_followup_4dae9f732394c359	figure1	lead_rrr_colling_2020	RRR Colling 2020	replication_project	medium	osf	landing_page_inventory_or_manual_resolution	needs_result_bearing_artifact_on_disk	yes	yes	codex_parser_or_result_mapping	codex	local sampled artifact exists but parser/result mapping may still be needed	https://osf.io/7zyxj/			Inspect sampled local artifacts and route result-bearing tables to parser/extraction or reject/deprioritize if they are not Figure 1 result catalogs.			Goal is a local result-bearing artifact for this plot universe, not just a source-family landing page or bibliographic record.
result_artifact_followup_da9c591be358b0b4	figure1	lead_rrr_elliott_2021	RRR Elliott 2021	replication_project	medium	osf	landing_page_inventory_or_manual_resolution	needs_result_bearing_artifact_on_disk	yes	yes	codex_parser_or_result_mapping	codex	local sampled artifact exists but parser/result mapping may still be needed	https://osf.io/vy39r/			Inspect sampled local artifacts and route result-bearing tables to parser/extraction or reject/deprioritize if they are not Figure 1 result catalogs.			Goal is a local result-bearing artifact for this plot universe, not just a source-family landing page or bibliographic record.
result_artifact_followup_80e02e7ab0c42f25	figure1	lead_rrr_mccarthy_2018	RRR McCarthy 2018	replication_project	medium	sage	landing_page_inventory_or_manual_resolution	needs_result_bearing_artifact_on_disk	yes	yes	codex_parser_or_result_mapping	codex	local sampled artifact exists but parser/result mapping may still be needed	https://journals.sagepub.com/doi/full/10.1177/2515245918777487			Inspect sampled local artifacts and route result-bearing tables to parser/extraction or reject/deprioritize if they are not Figure 1 result catalogs.			Goal is a local result-bearing artifact for this plot universe, not just a source-family landing page or bibliographic record.
result_artifact_followup_b62f62535778c158	figure1	lead_rrr_verschuere_2018	RRR Verschuere 2018	replication_project	medium	sage	landing_page_inventory_or_manual_resolution	needs_result_bearing_artifact_on_disk	yes	yes	codex_parser_or_result_mapping	codex	local sampled artifact exists but parser/result mapping may still be needed	https://journals.sagepub.com/doi/10.1177/2515245918781032			Inspect sampled local artifacts and route result-bearing tables to parser/extraction or reject/deprioritize if they are not Figure 1 result catalogs.			Goal is a local result-bearing artifact for this plot universe, not just a source-family landing page or bibliographic record.
result_artifact_followup_d3e315c4d9927fe7	figure1	lead_rescue17_28classics	Rescue 17 and 28 classics	replication_project	medium	osf	landing_page_inventory_or_manual_resolution	needs_result_bearing_artifact_on_disk	yes	yes	codex_parser_or_result_mapping	codex	local sampled artifact exists but parser/result mapping may still be needed	https://osf.io/2kmh7/			Inspect sampled local artifacts and route result-bearing tables to parser/extraction or reject/deprioritize if they are not Figure 1 result catalogs.			Goal is a local result-bearing artifact for this plot universe, not just a source-family landing page or bibliographic record.
result_artifact_followup_74fac1b5e4d20f21	figure1	lead_retrieval_extinction_rats_2017	Retrieval extinction fear conditioning in rats	replication_project	medium	osf	landing_page_inventory_or_manual_resolution	needs_result_bearing_artifact_on_disk	yes	yes	codex_parser_or_result_mapping	codex	local sampled artifact exists but parser/result mapping may still be needed	https://osf.io/aydfs/			Inspect sampled local artifacts and route result-bearing tables to parser/extraction or reject/deprioritize if they are not Figure 1 result catalogs.			Goal is a local result-bearing artifact for this plot universe, not just a source-family landing page or bibliographic record.
result_artifact_followup_1377a6c84f99151e	figure1	lead_self_control_fmri_2022	Self control neuroimaging replication	replication_project	medium	osf	landing_page_inventory_or_manual_resolution	needs_result_bearing_artifact_on_disk	yes	yes	codex_parser_or_result_mapping	codex	local sampled artifact exists but parser/result mapping may still be needed	https://osf.io/qzyxm/			Inspect sampled local artifacts and route result-bearing tables to parser/extraction or reject/deprioritize if they are not Figure 1 result catalogs.			Goal is a local result-bearing artifact for this plot universe, not just a source-family landing page or bibliographic record.
result_artifact_followup_01d6791403b152aa	figure1	lead_strategy_fit_2025	Strategy situation fit replication	replication_project	medium	osf	landing_page_inventory_or_manual_resolution	needs_result_bearing_artifact_on_disk	yes	yes	codex_parser_or_result_mapping	codex	local sampled artifact exists but parser/result mapping may still be needed	https://osf.io/ap2ws/			Inspect sampled local artifacts and route result-bearing tables to parser/extraction or reject/deprioritize if they are not Figure 1 result catalogs.			Goal is a local result-bearing artifact for this plot universe, not just a source-family landing page or bibliographic record.
result_artifact_followup_99820fa1dfa2fea6	figure1	lead_wood_porter_2019	Wood and Porter elusive backfire effect	replication_project	medium	harvard dataverse	dataverse_inventory_and_download	needs_result_bearing_artifact_on_disk	yes	yes	codex_parser_or_result_mapping	codex	local sampled artifact exists but parser/result mapping may still be needed	https://dataverse.harvard.edu/dataset.xhtml?persistentId=doi:10.7910/DVN/AGRX5U			Inspect sampled local artifacts and route result-bearing tables to parser/extraction or reject/deprioritize if they are not Figure 1 result catalogs.			Goal is a local result-bearing artifact for this plot universe, not just a source-family landing page or bibliographic record.
result_artifact_followup_ae88d57aac5ae095	figure1	lead_wood_scaffolding_2025	Wood scaffolding direct replication	replication_project	medium	osf	landing_page_inventory_or_manual_resolution	needs_result_bearing_artifact_on_disk	yes	yes	codex_parser_or_result_mapping	codex	local sampled artifact exists but parser/result mapping may still be needed	https://osf.io/vp3te/			Inspect sampled local artifacts and route result-bearing tables to parser/extraction or reject/deprioritize if they are not Figure 1 result catalogs.			Goal is a local result-bearing artifact for this plot universe, not just a source-family landing page or bibliographic record.
result_artifact_followup_a0edbc4d3a731ec0	figure1	lead_mullinix_2015	Mullinix Leeper Druckman Freese 2015	replication_project	medium	harvard dataverse	dataverse_inventory_and_download	needs_result_bearing_artifact_on_disk	no	no	codex_provider_repair	codex	no_artifacts_found	https://dataverse.harvard.edu/dataverse/psrm			Repair provider inventory/download route: check component IDs, file APIs, alternate versions, stale URLs, branch names, or provider-specific access endpoints.			Goal is a local result-bearing artifact for this plot universe, not just a source-family landing page or bibliographic record.
